commodity,year,month,country_code,mass_kg,value_mil_czk
crude_oil,1999,1,CH,50.0,0.009
crude_oil,1999,1,DZ,99214214.0,307.583
crude_oil,1999,1,GB,239.0,0.04
crude_oil,1999,1,NO,35045471.0,93.008
crude_oil,1999,1,RU,517420032.0,889.59
crude_oil,1999,1,SA,8920515.0,22.363
crude_oil,1999,2,CH,1.0,0.0
crude_oil,1999,2,DE,4.0,0.007
crude_oil,1999,2,GB,155.0,0.028
crude_oil,1999,2,NO,99380979.0,254.912
crude_oil,1999,2,RU,355571548.0,715.572
crude_oil,1999,3,AT,1.0,0.001
crude_oil,1999,3,CH,2.0,0.0
crude_oil,1999,3,DE,4.0,0.004
crude_oil,1999,3,DZ,102348643.0,346.399
crude_oil,1999,3,FR,1.0,0.0
crude_oil,1999,3,NO,31858918.0,88.803
crude_oil,1999,3,RU,343364374.0,711.606
crude_oil,1999,4,DZ,111736162.0,371.677
crude_oil,1999,4,FR,1.0,0.0
crude_oil,1999,4,RU,332704839.0,847.161
crude_oil,1999,5,DE,23.0,0.02
crude_oil,1999,5,DZ,26390915.0,78.028
crude_oil,1999,5,GB,160.0,0.028
crude_oil,1999,5,LY,58093254.0,168.594
crude_oil,1999,5,RU,371610872.0,1193.299
crude_oil,1999,6,DE,7.0,0.008
crude_oil,1999,6,GB,50.0,0.009
crude_oil,1999,6,LY,59649455.0,199.846
crude_oil,1999,6,RU,489161333.0,1583.589
crude_oil,1999,7,GB,58.0,0.01
crude_oil,1999,7,KZ,58373113.0,257.454
crude_oil,1999,7,LY,49326591.0,191.078
crude_oil,1999,7,RU,339923585.0,1206.061
crude_oil,1999,7,US,2.0,0.019
crude_oil,1999,8,DE,86.0,0.006
crude_oil,1999,8,GB,173.0,0.03
crude_oil,1999,8,KZ,55069162.0,226.545
crude_oil,1999,8,RU,407865518.0,1769.197
crude_oil,1999,9,CH,2.0,0.0
crude_oil,1999,9,DE,10.0,0.003
crude_oil,1999,9,GB,117.0,0.059
crude_oil,1999,9,KZ,76141044.0,344.324
crude_oil,1999,9,LY,50266595.0,219.93
crude_oil,1999,9,RU,365934566.0,1648.206
crude_oil,1999,10,DE,1.0,0.0
crude_oil,1999,10,DZ,10341043.0,61.326
crude_oil,1999,10,KZ,6560654.0,35.54
crude_oil,1999,10,RU,472247416.0,2418.969
crude_oil,1999,10,US,2.0,0.0
crude_oil,1999,11,CH,1.0,0.0
crude_oil,1999,11,DE,13.0,0.012
crude_oil,1999,11,DZ,79342390.0,460.525
crude_oil,1999,11,KZ,22343906.0,122.04
crude_oil,1999,11,RU,447573582.0,2270.275
crude_oil,1999,12,AZ,13050485.0,74.805
crude_oil,1999,12,DZ,9392999.0,57.808
crude_oil,1999,12,GB,373.0,0.063
crude_oil,1999,12,RU,490813634.0,2831.594
crude_oil,1999,12,US,3.0,0.011
crude_oil,2000,1,AZ,27005815.0,155.307
crude_oil,2000,1,DE,2.0,0.0
crude_oil,2000,1,DZ,52578311.0,338.848
crude_oil,2000,1,KZ,40049915.0,287.777
crude_oil,2000,1,RU,584951053.0,3548.584
crude_oil,2000,1,US,2.0,0.019
crude_oil,2000,2,DE,459.0,0.076
crude_oil,2000,2,DZ,40956288.0,271.02
crude_oil,2000,2,FR,116.0,0.002
crude_oil,2000,2,GB,210.0,0.035
crude_oil,2000,2,KZ,33705790.0,241.754
crude_oil,2000,2,RU,283861307.0,1712.452
crude_oil,2000,3,DZ,59123603.0,430.053
crude_oil,2000,3,IQ,5042194.0,32.173
crude_oil,2000,3,KZ,29809376.0,223.882
crude_oil,2000,3,RU,293308038.0,1957.978
crude_oil,2000,4,AT,1.0,0.014
crude_oil,2000,4,DZ,20116936.0,155.687
crude_oil,2000,4,IQ,35751004.0,235.555
crude_oil,2000,4,KZ,14411862.0,113.933
crude_oil,2000,4,RU,364878390.0,2474.62
crude_oil,2000,4,US,1.0,0.006
crude_oil,2000,5,DE,25.0,0.002
crude_oil,2000,5,DZ,52123514.0,453.546
crude_oil,2000,5,RU,317536981.0,1821.599
crude_oil,2000,6,DZ,107982638.0,923.715
crude_oil,2000,6,GB,144.0,0.026
crude_oil,2000,6,HU,20140.0,0.315
crude_oil,2000,6,JP,1.0,0.002
crude_oil,2000,6,KZ,58018413.0,493.141
crude_oil,2000,6,RU,377256372.0,2787.18
crude_oil,2000,7,DE,4.0,0.002
crude_oil,2000,7,KZ,39874678.0,353.292
crude_oil,2000,7,RU,534534796.0,4061.04
crude_oil,2000,8,CH,1.0,0.001
crude_oil,2000,8,DZ,24563410.0,230.001
crude_oil,2000,8,GB,175.0,0.035
crude_oil,2000,8,KZ,49211577.0,448.137
crude_oil,2000,8,RU,447850091.0,3102.756
crude_oil,2000,8,US,12.0,0.01
crude_oil,2000,9,DZ,43931298.0,402.71
crude_oil,2000,9,KZ,86255821.0,739.385
crude_oil,2000,9,RU,337087624.0,2637.717
crude_oil,2000,9,SK,79.0,0.006
crude_oil,2000,10,DE,11.0,0.003
crude_oil,2000,10,DZ,7484224.0,82.62
crude_oil,2000,10,KZ,80572264.0,829.931
crude_oil,2000,10,RU,435678365.0,3851.133
crude_oil,2000,11,CH,1.0,0.001
crude_oil,2000,11,DE,200.0,0.022
crude_oil,2000,11,DZ,67983198.0,743.896
crude_oil,2000,11,JP,1.0,0.0
crude_oil,2000,11,KZ,30172046.0,309.487
crude_oil,2000,11,NL,6.0,0.004
crude_oil,2000,11,RU,357932003.0,2939.388
crude_oil,2000,12,DZ,4600916.0,49.236
crude_oil,2000,12,HU,22420.0,0.396
crude_oil,2000,12,KZ,41027112.0,390.907
crude_oil,2000,12,RU,432171444.0,3730.827
crude_oil,2000,12,US,3.0,0.002
crude_oil,2001,1,AT,1.0,0.015
crude_oil,2001,1,DZ,15875023.0,136.617
crude_oil,2001,1,FR,10.0,0.007
crude_oil,2001,1,KZ,28758528.0,301.078
crude_oil,2001,1,RU,538799651.0,3805.989
crude_oil,2001,2,DZ,53492523.0,435.821
crude_oil,2001,2,FR,22.0,0.008
crude_oil,2001,2,RU,454418843.0,2973.411
crude_oil,2001,2,SK,20.0,0.002
crude_oil,2001,2,US,1.0,0.011
crude_oil,2001,3,DZ,11006042.0,87.35
crude_oil,2001,3,FR,9.0,0.004
crude_oil,2001,3,KZ,48730534.0,390.288
crude_oil,2001,3,RU,305870202.0,1969.304
crude_oil,2001,3,US,25.0,0.002
crude_oil,2001,4,AZ,45155822.0,355.598
crude_oil,2001,4,DZ,57966171.0,503.948
crude_oil,2001,4,FR,3.0,0.004
crude_oil,2001,4,HU,22320.0,0.417
crude_oil,2001,4,KZ,81743319.0,673.139
crude_oil,2001,4,RU,324915957.0,1886.285
crude_oil,2001,5,AZ,89103601.0,730.895
crude_oil,2001,5,DZ,25682447.0,233.134
crude_oil,2001,5,KZ,34686513.0,296.259
crude_oil,2001,5,LY,28797689.0,207.62
crude_oil,2001,5,RU,344118185.0,2162.197
crude_oil,2001,6,AZ,36673306.0,260.999
crude_oil,2001,6,KZ,71731383.0,565.959
crude_oil,2001,6,LY,51929437.0,371.317
crude_oil,2001,6,NL,4.0,0.002
crude_oil,2001,6,RU,190216355.0,1328.686
crude_oil,2001,7,AZ,20904486.0,153.488
crude_oil,2001,7,CH,190.0,0.048
crude_oil,2001,7,FR,832.0,0.051
crude_oil,2001,7,KZ,70294999.0,606.719
crude_oil,2001,7,LY,71860441.0,614.452
crude_oil,2001,7,RU,393464515.0,2914.763
crude_oil,2001,7,SY,29744031.0,244.301
crude_oil,2001,7,US,20.0,0.005
crude_oil,2001,8,AZ,115529399.0,971.996
crude_oil,2001,8,DE,3.0,0.002
crude_oil,2001,8,KZ,21523317.0,181.041
crude_oil,2001,8,LY,26408934.0,208.545
crude_oil,2001,8,RU,384464856.0,2601.591
crude_oil,2001,9,AZ,48483071.0,409.445
crude_oil,2001,9,DE,1.0,0.002
crude_oil,2001,9,FR,22.0,0.007
crude_oil,2001,9,KZ,31389447.0,255.477
crude_oil,2001,9,LY,109714733.0,777.803
crude_oil,2001,9,RU,339966803.0,2242.965
crude_oil,2001,10,DE,1.0,0.014
crude_oil,2001,10,FR,20.0,0.007
crude_oil,2001,10,LY,119865314.0,881.654
crude_oil,2001,10,NL,1.0,0.001
crude_oil,2001,10,RU,331492183.0,2174.016
crude_oil,2001,11,AZ,54423523.0,323.675
crude_oil,2001,11,BE,10.0,0.006
crude_oil,2001,11,DE,72.0,0.132
crude_oil,2001,11,DZ,49945387.0,397.271
crude_oil,2001,11,FR,5.0,0.002
crude_oil,2001,11,HU,48200.0,0.89
crude_oil,2001,11,LY,71077011.0,478.72
crude_oil,2001,11,RU,383198902.0,2060.317
crude_oil,2001,12,AZ,151355366.0,920.375
crude_oil,2001,12,DZ,11035546.0,82.31
crude_oil,2001,12,LY,24023270.0,169.987
crude_oil,2001,12,RU,280917802.0,1397.201
crude_oil,2001,12,SY,23858687.0,136.74
crude_oil,2002,1,AZ,53787196.0,310.961
crude_oil,2002,1,LY,82060987.0,426.662
crude_oil,2002,1,RU,413773197.0,1918.883
crude_oil,2002,1,SY,1133288.0,6.421
crude_oil,2002,2,DZ,74838516.0,427.317
crude_oil,2002,2,NO,112773396.0,615.466
crude_oil,2002,2,RU,395832228.0,1850.495
crude_oil,2002,3,AZ,92179315.0,521.08
crude_oil,2002,3,DE,355.0,0.102
crude_oil,2002,3,DZ,14547832.0,90.065
crude_oil,2002,3,GB,99.0,0.015
crude_oil,2002,3,LY,42190678.0,228.755
crude_oil,2002,3,RU,315504270.0,1509.2
crude_oil,2002,3,SY,24567068.0,138.879
crude_oil,2002,4,AZ,43568046.0,244.905
crude_oil,2002,4,DE,57.0,0.006
crude_oil,2002,4,LY,38425607.0,203.995
crude_oil,2002,4,RU,342480037.0,1871.827
crude_oil,2002,4,SY,23459717.0,131.889
crude_oil,2002,5,AZ,92235497.0,465.158
crude_oil,2002,5,DE,180.0,0.015
crude_oil,2002,5,RU,215353482.0,1230.065
crude_oil,2002,5,SY,79606228.0,434.19
crude_oil,2002,6,AZ,86733475.0,513.665
crude_oil,2002,6,FR,2.0,0.006
crude_oil,2002,6,KZ,12243702.0,84.508
crude_oil,2002,6,RU,350442722.0,1940.969
crude_oil,2002,6,SY,69670386.0,425.466
crude_oil,2002,6,TM,10928463.0,67.919
crude_oil,2002,7,AZ,67660391.0,387.384
crude_oil,2002,7,RU,363788968.0,1823.956
crude_oil,2002,7,SY,66975791.0,378.383
crude_oil,2002,7,TM,26013442.0,149.818
crude_oil,2002,8,AZ,78010633.0,445.2
crude_oil,2002,8,RU,237606053.0,1303.311
crude_oil,2002,8,SY,67911411.0,384.669
crude_oil,2002,8,TM,34063160.0,212.384
crude_oil,2002,9,AZ,134242940.0,837.942
crude_oil,2002,9,RU,294428114.0,1726.889
crude_oil,2002,9,SY,54119030.0,319.569
crude_oil,2002,10,AZ,109718637.0,675.391
crude_oil,2002,10,DE,10426.0,0.422
crude_oil,2002,10,NL,425.0,0.054
crude_oil,2002,10,RU,415448903.0,2471.591
crude_oil,2002,10,SY,52673823.0,333.88
crude_oil,2002,11,AZ,101401812.0,676.65
crude_oil,2002,11,CH,10.0,0.014
crude_oil,2002,11,DE,9502.0,0.255
crude_oil,2002,11,RU,441257349.0,2624.426
crude_oil,2002,11,SY,58212994.0,386.085
crude_oil,2002,12,AZ,79854394.0,531.739
crude_oil,2002,12,RU,357822623.0,1786.616
crude_oil,2002,12,SY,52271468.0,339.443
crude_oil,2003,1,AZ,48186155.0,288.396
crude_oil,2003,1,NO,86557049.0,503.54
crude_oil,2003,1,RU,402780382.0,2325.869
crude_oil,2003,1,SY,79779258.0,422.874
crude_oil,2003,2,AZ,126392799.0,835.316
crude_oil,2003,2,CH,1.0,0.001
crude_oil,2003,2,RU,356121208.0,2219.761
crude_oil,2003,2,SY,67936380.0,361.96
crude_oil,2003,3,AZ,112774913.0,804.612
crude_oil,2003,3,RU,307085562.0,1941.437
crude_oil,2003,3,SY,52252137.0,366.742
crude_oil,2003,4,AZ,104681040.0,758.334
crude_oil,2003,4,GB,700.0,0.033
crude_oil,2003,4,RU,295319755.0,1679.583
crude_oil,2003,4,SY,50533459.0,373.842
crude_oil,2003,5,AZ,72531423.0,567.825
crude_oil,2003,5,DE,1.0,0.009
crude_oil,2003,5,LY,84364625.0,615.158
crude_oil,2003,5,RU,233675223.0,1076.064
crude_oil,2003,5,SY,72300272.0,501.88
crude_oil,2003,6,AZ,83928001.0,614.913
crude_oil,2003,6,DE,1.0,0.004
crude_oil,2003,6,RU,371219819.0,1674.168
crude_oil,2003,6,SY,43534277.0,253.15
crude_oil,2003,6,US,99.0,0.015
crude_oil,2003,7,DE,1.0,0.011
crude_oil,2003,7,RU,434374966.0,2084.805
crude_oil,2003,8,AZ,137586126.0,752.593
crude_oil,2003,8,KZ,38504128.0,233.692
crude_oil,2003,8,LY,51137053.0,273.274
crude_oil,2003,8,RU,342088776.0,1817.226
crude_oil,2003,8,SY,89887862.0,534.411
crude_oil,2003,8,US,1397.0,0.043
crude_oil,2003,9,AZ,22067849.0,148.493
crude_oil,2003,9,DE,39.0,0.004
crude_oil,2003,9,LY,12748619.0,80.764
crude_oil,2003,9,RU,315151000.0,1912.455
crude_oil,2003,9,SY,18357022.0,114.832
crude_oil,2003,10,AZ,91647456.0,609.081
crude_oil,2003,10,DE,181.0,0.031
crude_oil,2003,10,KZ,10507000.0,68.713
crude_oil,2003,10,LY,26803000.0,171.47
crude_oil,2003,10,RU,223896491.0,1179.755
crude_oil,2003,10,SY,30866743.0,196.868
crude_oil,2003,11,AZ,97526000.0,613.236
crude_oil,2003,11,KZ,6869000.0,44.876
crude_oil,2003,11,LY,42271145.0,265.014
crude_oil,2003,11,RU,597705764.0,3212.864
crude_oil,2003,11,SY,66866000.0,396.219
crude_oil,2003,12,AZ,102932441.0,602.932
crude_oil,2003,12,KZ,15377000.0,98.836
crude_oil,2003,12,NG,14439000.0,84.266
crude_oil,2003,12,RU,438437000.0,2315.951
crude_oil,2003,12,SY,63569144.0,362.517
crude_oil,2004,1,AZ,86776000.0,502.525
crude_oil,2004,1,DZ,33499000.0,208.754
crude_oil,2004,1,KZ,8301000.0,52.865
crude_oil,2004,1,LY,7678000.0,45.441
crude_oil,2004,1,NG,23445000.0,131.757
crude_oil,2004,1,RU,460790000.0,2412.38
crude_oil,2004,1,SY,64545000.0,392.73
crude_oil,2004,1,US,1.0,0.006
crude_oil,2004,2,AZ,119618000.0,696.528
crude_oil,2004,2,KZ,8593000.0,52.997
crude_oil,2004,2,RU,302074789.0,1533.388
crude_oil,2004,2,SY,43266000.0,246.142
crude_oil,2004,3,AZ,97310000.0,592.33
crude_oil,2004,3,DE,100.0,0.01
crude_oil,2004,3,DZ,27075000.0,173.068
crude_oil,2004,3,KZ,16424000.0,104.967
crude_oil,2004,3,RU,269102000.0,1345.943
crude_oil,2004,3,SY,57053000.0,321.327
crude_oil,2004,4,AZ,5376000.0,34.879
crude_oil,2004,4,DE,550.0,0.002
crude_oil,2004,4,DZ,26642000.0,180.261
crude_oil,2004,4,IT,151.0,0.013
crude_oil,2004,4,KZ,7778000.0,50.61
crude_oil,2004,4,LY,10283000.0,58.708
crude_oil,2004,4,PL,19000.0,0.333
crude_oil,2004,4,RU,326340000.0,1746.899
crude_oil,2004,4,SY,19819000.0,117.789
crude_oil,2004,5,AZ,6974000.0,44.028
crude_oil,2004,5,DE,76.0,0.01
crude_oil,2004,5,DZ,18270000.0,122.339
crude_oil,2004,5,KZ,5190000.0,34.459
crude_oil,2004,5,RU,422637682.0,2467.611
crude_oil,2004,5,SY,11333000.0,66.092
crude_oil,2004,5,US,140.0,0.012
crude_oil,2004,6,AZ,88889000.0,628.961
crude_oil,2004,6,DE,1291.0,0.074
crude_oil,2004,6,DZ,16026000.0,112.742
crude_oil,2004,6,KZ,13881000.0,99.537
crude_oil,2004,6,LY,7187000.0,45.875
crude_oil,2004,6,RU,344463870.0,2349.603
crude_oil,2004,6,SY,41304000.0,267.387
crude_oil,2004,7,AZ,73819000.0,525.181
crude_oil,2004,7,FR,2.0,0.001
crude_oil,2004,7,LY,15408000.0,101.681
crude_oil,2004,7,RU,413066000.0,2621.886
crude_oil,2004,7,SY,39880000.0,270.734
crude_oil,2004,8,AZ,85403000.0,625.013
crude_oil,2004,8,DZ,33098000.0,264.27
crude_oil,2004,8,GB,1.0,0.012
crude_oil,2004,8,KZ,47928000.0,365.141
crude_oil,2004,8,LY,21719000.0,158.576
crude_oil,2004,8,RU,335490000.0,2240.108
crude_oil,2004,8,SE,10.0,0.017
crude_oil,2004,8,SY,19252000.0,130.32
crude_oil,2004,9,AZ,53222000.0,430.26
crude_oil,2004,9,DE,4.0,0.002
crude_oil,2004,9,KZ,57069000.0,431.501
crude_oil,2004,9,LY,64768000.0,433.538
crude_oil,2004,9,RU,399336000.0,2856.875
crude_oil,2004,9,SY,11793000.0,84.97
crude_oil,2004,10,AZ,111810000.0,902.853
crude_oil,2004,10,KZ,9897000.0,78.734
crude_oil,2004,10,LY,61726000.0,446.69
crude_oil,2004,10,RU,478765482.0,3509.542
crude_oil,2004,10,SK,863550.0,7.344
crude_oil,2004,10,SY,4677000.0,32.225
crude_oil,2004,11,AZ,133325000.0,1070.179
crude_oil,2004,11,KZ,7871000.0,66.305
crude_oil,2004,11,LY,19901000.0,166.215
crude_oil,2004,11,RU,342009000.0,2567.868
crude_oil,2004,11,SY,2868000.0,18.785
crude_oil,2004,12,AZ,120123000.0,1105.005
crude_oil,2004,12,DE,3.0,0.001
crude_oil,2004,12,DZ,33881000.0,337.525
crude_oil,2004,12,KZ,35359000.0,316.302
crude_oil,2004,12,LY,26994000.0,236.56
crude_oil,2004,12,RU,346274000.0,2221.414
crude_oil,2005,1,AZ,171205000.0,1510.445
crude_oil,2005,1,DE,1000.0,0.025
crude_oil,2005,1,DZ,43164000.0,350.011
crude_oil,2005,1,KZ,10319000.0,45.515
crude_oil,2005,1,LY,22291000.0,170.463
crude_oil,2005,1,RU,352177000.0,2048.97
crude_oil,2005,1,SK,1950.0,0.051
crude_oil,2005,1,SY,9957000.0,63.244
crude_oil,2005,2,AZ,123923000.0,977.852
crude_oil,2005,2,DE,320.0,0.061
crude_oil,2005,2,DZ,63017000.0,508.548
crude_oil,2005,2,RU,421869000.0,2749.487
crude_oil,2005,2,SK,1.0,0.0
crude_oil,2005,2,SY,28410000.0,192.62
crude_oil,2005,3,AZ,111975000.0,832.94
crude_oil,2005,3,DE,39.0,0.008
crude_oil,2005,3,DZ,39225000.0,300.074
crude_oil,2005,3,RU,360113000.0,2373.037
crude_oil,2005,4,AZ,109546000.0,867.817
crude_oil,2005,4,DE,101.0,0.007
crude_oil,2005,4,DZ,26494000.0,206.647
crude_oil,2005,4,LY,7056000.0,59.576
crude_oil,2005,4,RU,494726000.0,3721.402
crude_oil,2005,5,AZ,103212000.0,860.796
crude_oil,2005,5,DE,50.0,0.006
crude_oil,2005,5,DZ,5695000.0,44.056
crude_oil,2005,5,KZ,6964000.0,54.294
crude_oil,2005,5,LY,26057000.0,220.346
crude_oil,2005,5,RU,455303000.0,3606.581
crude_oil,2005,6,AZ,53745000.0,477.567
crude_oil,2005,6,DE,3.0,0.0
crude_oil,2005,6,KZ,40415000.0,373.926
crude_oil,2005,6,LY,14265000.0,115.965
crude_oil,2005,6,RU,424472000.0,3300.621
crude_oil,2005,6,SY,10393000.0,67.515
crude_oil,2005,7,AZ,90049000.0,880.074
crude_oil,2005,7,KZ,42648000.0,412.436
crude_oil,2005,7,LY,6006000.0,42.046
crude_oil,2005,7,RU,476419000.0,4306.709
crude_oil,2005,7,TM,32432000.0,307.3
crude_oil,2005,8,AZ,131666000.0,1348.412
crude_oil,2005,8,KZ,57127000.0,624.515
crude_oil,2005,8,LY,66881000.0,649.169
crude_oil,2005,8,RU,481898000.0,4696.814
crude_oil,2005,9,AZ,86232000.0,869.058
crude_oil,2005,9,DE,1087.0,0.06
crude_oil,2005,9,KZ,52031000.0,570.24
crude_oil,2005,9,LY,36538000.0,360.406
crude_oil,2005,9,RU,484910000.0,4990.999
crude_oil,2005,9,TM,38603000.0,401.197
crude_oil,2005,10,AZ,164476000.0,1755.963
crude_oil,2005,10,DE,75.0,0.009
crude_oil,2005,10,KZ,35093000.0,402.493
crude_oil,2005,10,LY,32400000.0,376.35
crude_oil,2005,10,RU,506352000.0,5203.887
crude_oil,2005,11,AZ,159538000.0,1888.878
crude_oil,2005,11,DE,2.0,0.0
crude_oil,2005,11,KZ,4110000.0,46.825
crude_oil,2005,11,LY,47668000.0,562.381
crude_oil,2005,11,RU,513223000.0,5046.021
crude_oil,2005,12,AZ,149266000.0,1700.229
crude_oil,2005,12,DE,11.0,0.004
crude_oil,2005,12,KZ,707000.0,8.055
crude_oil,2005,12,LY,10906000.0,123.891
crude_oil,2005,12,RU,486942000.0,4612.042
crude_oil,2005,12,US,1.0,0.0
crude_oil,2006,1,AZ,,1794.715
crude_oil,2006,1,DE,,0.185
crude_oil,2006,1,KZ,,447.57
crude_oil,2006,1,LY,,165.493
crude_oil,2006,1,RU,,4201.215
crude_oil,2006,1,SY,,7.614
crude_oil,2006,2,AZ,,1971.084
crude_oil,2006,2,DE,,0.0
crude_oil,2006,2,KZ,,405.785
crude_oil,2006,2,RU,,4334.327
crude_oil,2006,3,AZ,,1495.67
crude_oil,2006,3,DE,,0.067
crude_oil,2006,3,GB,,0.005
crude_oil,2006,3,KZ,,481.344
crude_oil,2006,3,RU,,3460.676
crude_oil,2006,4,AZ,,1440.892
crude_oil,2006,4,GB,,0.005
crude_oil,2006,4,KZ,,510.469
crude_oil,2006,4,RU,,3471.171
crude_oil,2006,5,AZ,,1425.955
crude_oil,2006,5,KZ,,426.9
crude_oil,2006,5,RU,,5311.66
crude_oil,2006,6,AZ,,2017.234
crude_oil,2006,6,DE,,0.473
crude_oil,2006,6,KZ,,714.603
crude_oil,2006,6,LY,,116.35
crude_oil,2006,6,RU,,4670.797
crude_oil,2006,7,AZ,,1962.551
crude_oil,2006,7,DE,,0.837
crude_oil,2006,7,KZ,,254.656
crude_oil,2006,7,LY,,132.726
crude_oil,2006,7,RU,,5565.467
crude_oil,2006,8,AZ,,1937.902
crude_oil,2006,8,DE,,0.388
crude_oil,2006,8,KZ,,225.043
crude_oil,2006,8,LY,,592.888
crude_oil,2006,8,RU,,5442.736
crude_oil,2006,8,SY,,38.284
crude_oil,2006,9,AZ,,1891.336
crude_oil,2006,9,DE,,0.426
crude_oil,2006,9,KZ,,353.626
crude_oil,2006,9,LY,,509.983
crude_oil,2006,9,RU,,5659.313
crude_oil,2006,10,AZ,,2045.716
crude_oil,2006,10,DE,,0.983
crude_oil,2006,10,KZ,,361.914
crude_oil,2006,10,LY,,370.514
crude_oil,2006,10,RU,,4408.452
crude_oil,2006,11,AZ,,2447.182
crude_oil,2006,11,DE,,0.776
crude_oil,2006,11,KZ,,255.452
crude_oil,2006,11,LY,,149.282
crude_oil,2006,11,RU,,3288.459
crude_oil,2006,12,AZ,,1478.657
crude_oil,2006,12,DE,,0.011
crude_oil,2006,12,DZ,,205.566
crude_oil,2006,12,KZ,,303.111
crude_oil,2006,12,RU,,3777.716
crude_oil,2007,1,AZ,,1449.738
crude_oil,2007,1,DZ,,312.416
crude_oil,2007,1,KZ,,185.847
crude_oil,2007,1,RU,,4182.064
crude_oil,2007,2,AZ,,1397.222
crude_oil,2007,2,DE,,0.007
crude_oil,2007,2,DZ,,193.497
crude_oil,2007,2,KZ,,285.758
crude_oil,2007,2,RU,,3326.013
crude_oil,2007,3,AZ,,1534.713
crude_oil,2007,3,DE,,0.158
crude_oil,2007,3,DZ,,289.306
crude_oil,2007,3,KZ,,113.606
crude_oil,2007,3,LY,,92.461
crude_oil,2007,3,RU,,3184.453
crude_oil,2007,4,AZ,,1780.663
crude_oil,2007,4,DZ,,329.399
crude_oil,2007,4,KZ,,248.447
crude_oil,2007,4,RU,,4055.933
crude_oil,2007,5,AZ,,1773.969
crude_oil,2007,5,DE,,0.002
crude_oil,2007,5,DZ,,217.056
crude_oil,2007,5,KZ,,173.001
crude_oil,2007,5,RU,,4527.053
crude_oil,2007,5,SK,,0.045
crude_oil,2007,6,AZ,,1660.909
crude_oil,2007,6,DZ,,240.225
crude_oil,2007,6,GB,,0.227
crude_oil,2007,6,KZ,,180.111
crude_oil,2007,6,RU,,4597.808
crude_oil,2007,6,SK,,0.139
crude_oil,2007,7,AZ,,1683.549
crude_oil,2007,7,DE,,0.007
crude_oil,2007,7,DZ,,308.222
crude_oil,2007,7,KZ,,235.481
crude_oil,2007,7,LY,,209.27
crude_oil,2007,7,NL,,0.022
crude_oil,2007,7,RU,,4670.587
crude_oil,2007,7,SK,,0.136
crude_oil,2007,8,AZ,,2509.991
crude_oil,2007,8,DE,,0.01
crude_oil,2007,8,DZ,,459.285
crude_oil,2007,8,KZ,,89.923
crude_oil,2007,8,LY,,225.135
crude_oil,2007,8,RU,,4840.396
crude_oil,2007,9,AZ,,2219.921
crude_oil,2007,9,DE,,0.022
crude_oil,2007,9,DZ,,48.015
crude_oil,2007,9,KZ,,547.17
crude_oil,2007,9,PL,,0.001
crude_oil,2007,9,RU,,4138.161
crude_oil,2007,10,AZ,,1573.059
crude_oil,2007,10,DE,,0.068
crude_oil,2007,10,DZ,,236.386
crude_oil,2007,10,KZ,,93.524
crude_oil,2007,10,LY,,0.537
crude_oil,2007,10,RU,,1740.697
crude_oil,2007,10,SK,,0.082
crude_oil,2007,11,AZ,,1664.871
crude_oil,2007,11,DE,,0.041
crude_oil,2007,11,DZ,,452.682
crude_oil,2007,11,KZ,,86.695
crude_oil,2007,11,RU,,2209.311
crude_oil,2007,11,SK,,0.053
crude_oil,2007,11,US,,0.005
crude_oil,2007,12,AZ,,1468.301
crude_oil,2007,12,KZ,,336.856
crude_oil,2007,12,PL,,144.045
crude_oil,2007,12,RU,,3509.747
crude_oil,2007,12,SK,,0.079
crude_oil,2007,12,US,,0.062
crude_oil,2008,1,AZ,,1961.252
crude_oil,2008,1,DE,,0.027
crude_oil,2008,1,KZ,,826.655
crude_oil,2008,1,RU,,5447.499
crude_oil,2008,2,AZ,,1832.939
crude_oil,2008,2,DE,,0.064
crude_oil,2008,2,KZ,,683.298
crude_oil,2008,2,RU,,4376.969
crude_oil,2008,2,SK,,0.077
crude_oil,2008,3,AZ,,2058.094
crude_oil,2008,3,KZ,,937.593
crude_oil,2008,3,RU,,4564.451
crude_oil,2008,4,AZ,,1323.369
crude_oil,2008,4,DE,,0.027
crude_oil,2008,4,KZ,,771.075
crude_oil,2008,4,RU,,4494.99
crude_oil,2008,4,SK,,0.08
crude_oil,2008,5,AZ,,2033.273
crude_oil,2008,5,DE,,0.033
crude_oil,2008,5,KZ,,795.024
crude_oil,2008,5,RU,,5933.715
crude_oil,2008,5,SK,,0.085
crude_oil,2008,6,AZ,,2682.243
crude_oil,2008,6,DE,,0.029
crude_oil,2008,6,KZ,,449.917
crude_oil,2008,6,RU,,6041.844
crude_oil,2008,7,AZ,,2610.066
crude_oil,2008,7,KZ,,528.02
crude_oil,2008,7,RU,,6373.703
crude_oil,2008,7,SK,,0.083
crude_oil,2008,8,AZ,,3447.932
crude_oil,2008,8,DE,,0.003
crude_oil,2008,8,KZ,,476.136
crude_oil,2008,8,NG,,346.33
crude_oil,2008,8,RU,,3753.607
crude_oil,2008,9,AZ,,2928.976
crude_oil,2008,9,DE,,0.069
crude_oil,2008,9,KZ,,640.445
crude_oil,2008,9,NG,,76.51
crude_oil,2008,9,RU,,6297.287
crude_oil,2008,9,SK,,0.083
crude_oil,2008,9,SY,,187.235
crude_oil,2008,10,AT,,0.003
crude_oil,2008,10,AZ,,1269.867
crude_oil,2008,10,DE,,0.002
crude_oil,2008,10,DZ,,325.523
crude_oil,2008,10,KZ,,424.221
crude_oil,2008,10,LY,,296.955
crude_oil,2008,10,NO,,1512.156
crude_oil,2008,10,RU,,7882.329
crude_oil,2008,11,AZ,,1826.878
crude_oil,2008,11,DE,,0.003
crude_oil,2008,11,KZ,,200.419
crude_oil,2008,11,LY,,336.937
crude_oil,2008,11,NO,,1674.851
crude_oil,2008,11,RU,,4968.679
crude_oil,2008,11,SK,,0.082
crude_oil,2008,12,AZ,,2410.919
crude_oil,2008,12,DE,,0.001
crude_oil,2008,12,KZ,,579.368
crude_oil,2008,12,RU,,4331.521
crude_oil,2009,1,AZ,98417000.0,867.581
crude_oil,2009,1,KZ,34839000.0,356.678
crude_oil,2009,1,LY,9979000.0,75.089
crude_oil,2009,1,RU,582267000.0,3125.562
crude_oil,2009,1,SK,300.0,0.171
crude_oil,2009,2,AZ,116227000.0,1136.802
crude_oil,2009,2,DE,325.0,0.015
crude_oil,2009,2,KZ,36620000.0,283.271
crude_oil,2009,2,RU,421499000.0,2761.37
crude_oil,2009,3,AT,100.0,0.003
crude_oil,2009,3,AZ,150544000.0,1216.954
crude_oil,2009,3,DE,1.0,0.0
crude_oil,2009,3,KZ,48038000.0,353.586
crude_oil,2009,3,RU,396321000.0,2749.258
crude_oil,2009,4,AT,75.0,0.002
crude_oil,2009,4,AZ,154102000.0,1122.655
crude_oil,2009,4,DE,398.0,0.03
crude_oil,2009,4,KZ,67279000.0,482.385
crude_oil,2009,4,RU,484405000.0,3373.487
crude_oil,2009,4,SK,150.0,0.095
crude_oil,2009,5,AZ,38197000.0,289.866
crude_oil,2009,5,KZ,39355000.0,286.721
crude_oil,2009,5,RU,503203000.0,3752.069
crude_oil,2009,6,AZ,9926000.0,70.07
crude_oil,2009,6,KZ,16038000.0,108.73
crude_oil,2009,6,RU,491563000.0,3990.681
crude_oil,2009,7,AZ,53272000.0,355.961
crude_oil,2009,7,DE,410.0,0.031
crude_oil,2009,7,KZ,51585458.0,459.506
crude_oil,2009,7,RU,443722000.0,4140.627
crude_oil,2009,8,AZ,150636000.0,1240.008
crude_oil,2009,8,DZ,15141000.0,125.775
crude_oil,2009,8,KZ,40260000.0,365.247
crude_oil,2009,8,RU,460328000.0,4013.648
crude_oil,2009,9,AZ,192932000.0,1794.507
crude_oil,2009,9,DE,209.0,0.017
crude_oil,2009,9,IR,28642000.0,282.796
crude_oil,2009,9,KZ,40531000.0,381.852
crude_oil,2009,9,LY,17032000.0,163.303
crude_oil,2009,9,NL,2088.0,0.065
crude_oil,2009,9,RU,434165000.0,4137.584
crude_oil,2009,10,AZ,142223000.0,1297.937
crude_oil,2009,10,DE,40.0,0.005
crude_oil,2009,10,KZ,41868000.0,373.943
crude_oil,2009,10,NL,2088.0,0.066
crude_oil,2009,10,RU,455988000.0,3931.698
crude_oil,2009,11,AZ,196562000.0,1764.885
crude_oil,2009,11,DE,549.0,0.041
crude_oil,2009,11,KZ,22187000.0,211.804
crude_oil,2009,11,RU,334504000.0,3034.889
crude_oil,2009,12,AZ,176447000.0,1680.563
crude_oil,2009,12,DE,209.0,0.017
crude_oil,2009,12,KZ,50283000.0,478.034
crude_oil,2009,12,PL,5.0,0.001
crude_oil,2009,12,RU,404631000.0,3834.275
crude_oil,2010,1,AZ,151374000.0,1643.964
crude_oil,2010,1,KZ,46464000.0,510.132
crude_oil,2010,1,NL,4176.0,0.131
crude_oil,2010,1,RU,368171000.0,3584.148
crude_oil,2010,2,AZ,154267000.0,1570.944
crude_oil,2010,2,DE,1.0,0.0
crude_oil,2010,2,KZ,76238000.0,843.309
crude_oil,2010,2,NL,2888.0,0.078
crude_oil,2010,2,RU,352792000.0,3556.421
crude_oil,2010,2,US,1.0,0.001
crude_oil,2010,3,AZ,120045000.0,1276.501
crude_oil,2010,3,GB,4433.0,0.244
crude_oil,2010,3,KZ,38520000.0,430.562
crude_oil,2010,3,RU,387639000.0,3837.861
crude_oil,2010,4,AZ,136610000.0,1512.561
crude_oil,2010,4,CH,70.0,0.029
crude_oil,2010,4,KZ,49892000.0,571.845
crude_oil,2010,4,NL,4176.0,0.13
crude_oil,2010,4,RU,398782000.0,4208.626
crude_oil,2010,5,AZ,169929000.0,1977.299
crude_oil,2010,5,CH,1.0,0.01
crude_oil,2010,5,DE,1.0,0.019
crude_oil,2010,5,IR,57969000.0,687.203
crude_oil,2010,5,KZ,56360000.0,680.013
crude_oil,2010,5,RU,377170000.0,4365.013
crude_oil,2010,6,AZ,177466000.0,2343.239
crude_oil,2010,6,IR,23654000.0,266.195
crude_oil,2010,6,KZ,29589000.0,405.66
crude_oil,2010,6,NL,2088.0,0.065
crude_oil,2010,6,RU,455345000.0,5044.567
crude_oil,2010,7,AZ,202589000.0,2518.958
crude_oil,2010,7,KZ,39805000.0,500.545
crude_oil,2010,7,RU,380949000.0,4302.75
crude_oil,2010,8,AZ,208928000.0,2320.973
crude_oil,2010,8,DZ,9424000.0,105.995
crude_oil,2010,8,IR,29268000.0,318.604
crude_oil,2010,8,KZ,25199000.0,294.047
crude_oil,2010,8,NL,2088.0,0.066
crude_oil,2010,8,RU,477784000.0,5125.522
crude_oil,2010,9,AZ,192980000.0,2300.155
crude_oil,2010,9,DE,99130320.0,1031.212
crude_oil,2010,9,DZ,30532000.0,346.594
crude_oil,2010,9,GB,1205.0,0.078
crude_oil,2010,9,IR,49623000.0,503.054
crude_oil,2010,9,KZ,24583000.0,285.5
crude_oil,2010,9,NL,2088.0,0.075
crude_oil,2010,9,RU,410810000.0,4331.448
crude_oil,2010,9,US,20.0,0.002
crude_oil,2010,10,AZ,134632000.0,1483.26
crude_oil,2010,10,DE,8.0,0.003
crude_oil,2010,10,DZ,9737000.0,115.012
crude_oil,2010,10,IR,524000.0,12.858
crude_oil,2010,10,KZ,27018000.0,314.561
crude_oil,2010,10,RU,391982000.0,4132.125
crude_oil,2010,11,AZ,180448000.0,1958.681
crude_oil,2010,11,KZ,59265000.0,653.734
crude_oil,2010,11,RU,492586000.0,5053.419
crude_oil,2010,12,AZ,163925000.0,1963.485
crude_oil,2010,12,GB,7041.0,0.369
crude_oil,2010,12,KZ,63391000.0,773.594
crude_oil,2010,12,RU,436999000.0,4848.029
crude_oil,2011,1,AZ,166244000.0,2114.717
crude_oil,2011,1,DE,320.0,0.015
crude_oil,2011,1,KZ,72950000.0,946.321
crude_oil,2011,1,RU,383603000.0,4723.36
crude_oil,2011,2,AZ,149011000.0,1856.493
crude_oil,2011,2,DE,0.0,0.0
crude_oil,2011,2,KZ,49912000.0,646.732
crude_oil,2011,2,NL,2088.0,0.079
crude_oil,2011,2,RU,364250000.0,4489.766
crude_oil,2011,3,AZ,151138000.0,1997.976
crude_oil,2011,3,KZ,86303000.0,1176.846
crude_oil,2011,3,RU,328442000.0,4294.808
crude_oil,2011,4,AZ,109371000.0,1525.27
crude_oil,2011,4,KZ,98883000.0,1481.423
crude_oil,2011,4,RU,302054000.0,4175.769
crude_oil,2011,5,AZ,124398000.0,1777.724
crude_oil,2011,5,IR,32298000.0,473.108
crude_oil,2011,5,KZ,65003000.0,1040.427
crude_oil,2011,5,NL,2090.0,0.076
crude_oil,2011,5,RU,336065000.0,4882.142
crude_oil,2011,5,US,20.0,0.008
crude_oil,2011,6,AZ,177021000.0,2673.194
crude_oil,2011,6,CH,158.0,0.007
crude_oil,2011,6,IR,28973000.0,437.837
crude_oil,2011,6,KZ,33801000.0,571.015
crude_oil,2011,6,NL,2088.0,0.075
crude_oil,2011,6,RU,374541000.0,5221.815
crude_oil,2011,7,AZ,193171000.0,3071.643
crude_oil,2011,7,DE,0.0,0.0
crude_oil,2011,7,IR,84374000.0,1139.293
crude_oil,2011,7,KZ,35307000.0,560.428
crude_oil,2011,7,RU,383722000.0,5341.972
crude_oil,2011,8,AZ,229797000.0,3537.856
crude_oil,2011,8,IR,22853000.0,352.4
crude_oil,2011,8,KZ,26760000.0,400.261
crude_oil,2011,8,NL,2088.0,0.086
crude_oil,2011,8,PL,1034219.0,16.324
crude_oil,2011,8,RU,424002000.0,6043.532
crude_oil,2011,8,US,180.0,0.031
crude_oil,2011,9,AZ,198209000.0,2983.796
crude_oil,2011,9,KZ,54133000.0,824.08
crude_oil,2011,9,NL,4176.0,0.173
crude_oil,2011,9,RU,431295000.0,5966.633
crude_oil,2011,10,AZ,194824000.0,3049.291
crude_oil,2011,10,CH,50.0,0.011
crude_oil,2011,10,FR,24.0,0.007
crude_oil,2011,10,IT,10.0,0.007
crude_oil,2011,10,KZ,33219000.0,525.397
crude_oil,2011,10,RU,10176000.0,154.261
crude_oil,2011,11,AZ,204997000.0,3271.93
crude_oil,2011,11,KZ,23679000.0,380.76
crude_oil,2011,11,NL,2088.0,0.091
crude_oil,2011,11,RU,350299000.0,5055.491
crude_oil,2011,12,AZ,165833000.0,2645.593
crude_oil,2011,12,KZ,61560000.0,1032.767
crude_oil,2011,12,NL,2088.0,0.091
crude_oil,2011,12,RU,405348000.0,5579.085
crude_oil,2012,1,AZ,139844000.0,2312.94
crude_oil,2012,1,DE,5.0,0.0
crude_oil,2012,1,DZ,18921000.0,321.953
crude_oil,2012,1,GB,1.0,0.001
crude_oil,2012,1,KZ,28344000.0,492.595
crude_oil,2012,1,RU,409000000.0,6933.436
crude_oil,2012,1,US,1.0,0.003
crude_oil,2012,2,AZ,137709000.0,2271.987
crude_oil,2012,2,DE,1.0,0.0
crude_oil,2012,2,DZ,1290000.0,19.188
crude_oil,2012,2,IT,5000.0,0.994
crude_oil,2012,2,KZ,80996000.0,1391.134
crude_oil,2012,2,NL,367.0,0.094
crude_oil,2012,2,RU,325873000.0,5107.64
crude_oil,2012,3,AZ,144611000.0,2449.525
crude_oil,2012,3,DE,9.0,0.002
crude_oil,2012,3,KZ,75362000.0,1347.928
crude_oil,2012,3,NL,2088.0,0.091
crude_oil,2012,3,QV,180.0,0.065
crude_oil,2012,3,RU,329639000.0,5268.703
crude_oil,2012,4,AZ,106608000.0,1761.005
crude_oil,2012,4,DE,7.0,0.005
crude_oil,2012,4,GB,850.0,0.055
crude_oil,2012,4,KZ,50479000.0,891.052
crude_oil,2012,4,RU,402555000.0,6771.445
crude_oil,2012,5,AZ,151452000.0,2702.245
crude_oil,2012,5,DE,1.0,0.0
crude_oil,2012,5,ES,10.0,0.004
crude_oil,2012,5,GB,7587.0,0.569
crude_oil,2012,5,KZ,50883000.0,929.771
crude_oil,2012,5,NL,2088.0,0.092
crude_oil,2012,5,RU,280001000.0,4514.769
crude_oil,2012,6,AZ,200920000.0,3704.196
crude_oil,2012,6,DE,1.0,0.0
crude_oil,2012,6,GB,2880.0,0.219
crude_oil,2012,6,KZ,49504000.0,975.465
crude_oil,2012,6,RU,290940000.0,5129.383
crude_oil,2012,7,AZ,213842000.0,3547.315
crude_oil,2012,7,DE,1.0,0.0
crude_oil,2012,7,ES,100.0,0.025
crude_oil,2012,7,GB,850.0,0.057
crude_oil,2012,7,KZ,24674000.0,436.092
crude_oil,2012,7,QV,200.0,0.066
crude_oil,2012,7,RU,419974000.0,6258.117
crude_oil,2012,8,AZ,193795000.0,3072.597
crude_oil,2012,8,DE,0.0,0.0
crude_oil,2012,8,KZ,29340000.0,471.785
crude_oil,2012,8,RU,469140000.0,6892.434
crude_oil,2012,9,AZ,139730000.0,2462.121
crude_oil,2012,9,DE,17.0,0.003
crude_oil,2012,9,DZ,11362000.0,210.138
crude_oil,2012,9,KZ,11624000.0,185.253
crude_oil,2012,9,NL,2088.0,0.098
crude_oil,2012,9,RU,476876000.0,7871.691
crude_oil,2012,9,US,205.0,0.035
crude_oil,2012,10,AZ,162659000.0,2737.117
crude_oil,2012,10,DE,1.0,0.0
crude_oil,2012,10,DZ,51832000.0,879.661
crude_oil,2012,10,IT,11894168.0,188.306
crude_oil,2012,10,RU,359533000.0,5670.496
crude_oil,2012,11,AZ,131569000.0,2229.484
crude_oil,2012,11,DE,3.0,0.0
crude_oil,2012,11,DZ,16444000.0,290.859
crude_oil,2012,11,KZ,15859000.0,247.728
crude_oil,2012,11,RU,404466000.0,6330.449
crude_oil,2012,12,AZ,162681000.0,2762.199
crude_oil,2012,12,DE,1.0,0.0
crude_oil,2012,12,KZ,84019000.0,1427.522
crude_oil,2012,12,RU,357954000.0,5544.719
crude_oil,2013,1,AZ,113438000.0,1903.631
crude_oil,2013,1,DE,1.0,0.0
crude_oil,2013,1,DZ,59462000.0,1033.573
crude_oil,2013,1,KZ,45477000.0,822.941
crude_oil,2013,1,NL,2088.0,0.094
crude_oil,2013,1,RU,428388000.0,6791.242
crude_oil,2013,2,AZ,123735000.0,2012.738
crude_oil,2013,2,CH,5.0,0.004
crude_oil,2013,2,DE,103.0,0.022
crude_oil,2013,2,FR,180.0,0.066
crude_oil,2013,2,KZ,92483000.0,1542.797
crude_oil,2013,2,RU,338748000.0,5240.438
crude_oil,2013,3,AZ,143386000.0,2398.821
crude_oil,2013,3,CH,8.0,0.01
crude_oil,2013,3,DE,1.0,0.0
crude_oil,2013,3,KZ,89397000.0,1566.331
crude_oil,2013,3,RU,296189000.0,4770.319
crude_oil,2013,4,AZ,174041000.0,2947.379
crude_oil,2013,4,DE,10.0,0.001
crude_oil,2013,4,KZ,95455000.0,1696.284
crude_oil,2013,4,LY,6237000.0,105.258
crude_oil,2013,4,RU,258317000.0,3939.746
crude_oil,2013,5,AZ,150453000.0,2545.849
crude_oil,2013,5,DE,42.0,0.008
crude_oil,2013,5,DZ,14848000.0,276.864
crude_oil,2013,5,KZ,14377000.0,262.47
crude_oil,2013,5,LY,23331000.0,411.157
crude_oil,2013,5,RU,366773000.0,5496.545
crude_oil,2013,6,AZ,178270000.0,2921.555
crude_oil,2013,6,DE,82.0,0.018
crude_oil,2013,6,KZ,18055000.0,311.918
crude_oil,2013,6,LY,15381000.0,266.698
crude_oil,2013,6,RU,393922000.0,5855.546
crude_oil,2013,7,AZ,60615000.0,918.08
crude_oil,2013,7,DE,1841.0,0.059
crude_oil,2013,7,ES,30.0,0.006
crude_oil,2013,7,KZ,9961000.0,161.301
crude_oil,2013,7,RU,376212000.0,5477.145
crude_oil,2013,8,AZ,203784000.0,3251.869
crude_oil,2013,8,GB,2599.0,0.192
crude_oil,2013,8,KZ,3986000.0,63.149
crude_oil,2013,8,RU,421700000.0,6670.139
crude_oil,2013,9,AZ,235099000.0,3816.125
crude_oil,2013,9,GB,400.0,0.027
crude_oil,2013,9,KZ,40047000.0,701.996
crude_oil,2013,9,RU,367687000.0,5854.832
crude_oil,2013,10,AZ,40759000.0,653.372
crude_oil,2013,10,DE,2762.0,0.628
crude_oil,2013,10,FR,185.0,0.068
crude_oil,2013,10,KZ,43445000.0,732.355
crude_oil,2013,10,RU,385682000.0,6081.206
crude_oil,2013,11,AZ,57037000.0,982.544
crude_oil,2013,11,DE,1.0,0.0
crude_oil,2013,11,KZ,27408000.0,478.578
crude_oil,2013,11,RU,304387000.0,4704.74
crude_oil,2013,12,AZ,138985000.0,2478.086
crude_oil,2013,12,BE,4.0,0.004
crude_oil,2013,12,CH,52.0,0.015
crude_oil,2013,12,DE,0.0,0.0
crude_oil,2013,12,KZ,90848000.0,1626.244
crude_oil,2013,12,RU,382790000.0,6092.081
crude_oil,2013,12,US,181.0,0.028
crude_oil,2014,1,AZ,156917000.0,2669.888
crude_oil,2014,1,DE,4.0,0.001
crude_oil,2014,1,KZ,90791000.0,1623.747
crude_oil,2014,1,RU,320025000.0,5198.845
crude_oil,2014,2,AZ,136099000.0,2387.776
crude_oil,2014,2,DE,2.0,0.0
crude_oil,2014,2,KZ,122781000.0,2180.935
crude_oil,2014,2,RU,280796000.0,4468.49
crude_oil,2014,3,AZ,154791000.0,2640.623
crude_oil,2014,3,DE,6.0,0.001
crude_oil,2014,3,KZ,87936000.0,1562.375
crude_oil,2014,3,RU,257132000.0,4122.814
crude_oil,2014,4,AZ,159607000.0,2712.39
crude_oil,2014,4,DE,7.0,0.001
crude_oil,2014,4,FR,210.0,0.072
crude_oil,2014,4,KZ,96282000.0,1685.003
crude_oil,2014,4,LY,15451000.0,268.354
crude_oil,2014,4,RU,339032000.0,5319.452
crude_oil,2014,5,AZ,165847000.0,2808.289
crude_oil,2014,5,KZ,62309000.0,1081.569
crude_oil,2014,5,LY,5538000.0,96.724
crude_oil,2014,5,NL,1998.0,0.089
crude_oil,2014,5,RU,339236000.0,5245.43
crude_oil,2014,6,AZ,194902000.0,3224.324
crude_oil,2014,6,DE,441.0,0.049
crude_oil,2014,6,FR,200.0,0.072
crude_oil,2014,6,KZ,18264000.0,316.702
crude_oil,2014,6,LY,36061000.0,613.07
crude_oil,2014,6,RU,428281000.0,6725.804
crude_oil,2014,6,US,9.0,0.006
crude_oil,2014,7,AZ,251098000.0,4291.653
crude_oil,2014,7,DE,101.0,0.089
crude_oil,2014,7,KZ,15871000.0,356.636
crude_oil,2014,7,LY,10321000.0,176.317
crude_oil,2014,7,RU,389281000.0,6258.223
crude_oil,2014,7,US,181.0,0.029
crude_oil,2014,8,AZ,243638000.0,4234.846
crude_oil,2014,8,DE,2.0,0.0
crude_oil,2014,8,HU,21660.0,0.315
crude_oil,2014,8,KZ,18319000.0,315.994
crude_oil,2014,8,RU,410754000.0,6464.151
crude_oil,2014,8,TR,91.0,0.009
crude_oil,2014,9,AZ,258484000.0,4351.252
crude_oil,2014,9,DE,1.0,0.0
crude_oil,2014,9,HU,833740.0,11.838
crude_oil,2014,9,KZ,17881000.0,302.666
crude_oil,2014,9,NL,19.0,0.014
crude_oil,2014,9,RU,385289000.0,5869.082
crude_oil,2014,10,AZ,192637000.0,3175.983
crude_oil,2014,10,DE,1.0,0.0
crude_oil,2014,10,HU,1571390.0,20.246
crude_oil,2014,10,KZ,56620000.0,966.384
crude_oil,2014,10,RU,431342000.0,6482.671
crude_oil,2014,11,AZ,227001000.0,3676.923
crude_oil,2014,11,DE,6.0,0.001
crude_oil,2014,11,HU,1483480.0,17.668
crude_oil,2014,11,KZ,84917000.0,1382.466
crude_oil,2014,11,NL,2290.0,0.102
crude_oil,2014,11,RU,270678000.0,3692.158
crude_oil,2014,12,AZ,183684000.0,2805.854
crude_oil,2014,12,DE,2002.0,0.141
crude_oil,2014,12,FR,200.0,0.073
crude_oil,2014,12,HU,1552760.0,14.637
crude_oil,2014,12,KZ,117099000.0,1831.363
crude_oil,2014,12,PL,2.0,0.012
crude_oil,2014,12,RU,274557000.0,3490.641
crude_oil,2015,1,AZ,129869000.0,1607.93
crude_oil,2015,1,DE,7.0,0.003
crude_oil,2015,1,KZ,133686000.0,1718.219
crude_oil,2015,1,RU,283544000.0,2374.995
crude_oil,2015,2,AZ,172559000.0,1697.411
crude_oil,2015,2,FR,200.0,0.074
crude_oil,2015,2,HU,1350643.0,12.82
crude_oil,2015,2,KZ,95787000.0,993.612
crude_oil,2015,2,NL,825.0,0.066
crude_oil,2015,2,RU,315217000.0,3220.109
crude_oil,2015,3,AZ,94583000.0,990.649
crude_oil,2015,3,DE,2.0,0.001
crude_oil,2015,3,HU,1506420.0,14.628
crude_oil,2015,3,KZ,133823000.0,1502.539
crude_oil,2015,3,RU,389002000.0,4130.103
crude_oil,2015,3,TW,70.0,0.004
crude_oil,2015,4,AZ,156160000.0,2016.378
crude_oil,2015,4,DE,9.0,0.001
crude_oil,2015,4,HU,1684980.0,17.642
crude_oil,2015,4,KZ,70769000.0,915.11
crude_oil,2015,4,RU,364876000.0,4013.914
crude_oil,2015,4,US,181.0,0.039
crude_oil,2015,5,AZ,223103939.0,2730.831
crude_oil,2015,5,DE,3.0,0.001
crude_oil,2015,5,HU,1637709.0,18.408
crude_oil,2015,5,KZ,73120000.0,858.674
crude_oil,2015,5,RU,430555000.0,5090.692
crude_oil,2015,6,AZ,228251000.0,2880.93
crude_oil,2015,6,DE,7.0,0.002
crude_oil,2015,6,HU,1750859.0,18.39
crude_oil,2015,6,KZ,42483301.0,525.671
crude_oil,2015,6,NL,2215.0,0.099
crude_oil,2015,6,RU,384962000.0,4285.981
crude_oil,2015,7,AZ,240375000.0,2787.136
crude_oil,2015,7,DE,2.0,0.0
crude_oil,2015,7,HU,2071110.0,19.676
crude_oil,2015,7,KZ,54171000.0,636.578
crude_oil,2015,7,RU,417547000.0,4196.409
crude_oil,2015,8,AZ,246995000.0,2674.765
crude_oil,2015,8,DE,7.0,0.003
crude_oil,2015,8,HU,1973383.0,15.464
crude_oil,2015,8,KZ,15728000.0,189.976
crude_oil,2015,8,RU,339932000.0,2902.804
crude_oil,2015,9,AZ,248802000.0,2316.129
crude_oil,2015,9,DE,0.0,0.0
crude_oil,2015,9,HU,1858904.0,14.805
crude_oil,2015,9,RU,331912000.0,2807.785
crude_oil,2015,10,AZ,285031000.0,2591.872
crude_oil,2015,10,DE,2.0,0.001
crude_oil,2015,10,FR,200.0,0.071
crude_oil,2015,10,GB,0.0,0.009
crude_oil,2015,10,HU,2018130.0,16.344
crude_oil,2015,10,RU,232071000.0,1970.832
crude_oil,2015,11,AZ,160478000.0,1580.913
crude_oil,2015,11,DE,4.0,0.001
crude_oil,2015,11,HU,2089243.0,15.863
crude_oil,2015,11,KZ,33895000.0,380.289
crude_oil,2015,11,RU,275810000.0,2203.807
crude_oil,2015,12,AZ,196716000.0,1787.656
crude_oil,2015,12,CH,6.0,0.005
crude_oil,2015,12,HU,2745000.0,18.032
crude_oil,2015,12,KZ,48802000.0,460.541
crude_oil,2015,12,RU,259824000.0,1802.192
crude_oil,2016,1,AZ,175570000.0,1292.293
crude_oil,2016,1,DE,2.0,0.0
crude_oil,2016,1,HU,1815670.0,8.983
crude_oil,2016,1,KZ,43684000.0,375.118
crude_oil,2016,1,RU,267039000.0,1464.112
crude_oil,2016,2,AZ,192888000.0,1232.284
crude_oil,2016,2,DE,11.0,0.005
crude_oil,2016,2,FR,200.0,0.071
crude_oil,2016,2,HU,2060380.0,10.974
crude_oil,2016,2,KZ,48385000.0,351.382
crude_oil,2016,2,PL,6.0,0.009
crude_oil,2016,2,RU,244850000.0,1389.376
crude_oil,2016,2,SK,5.0,0.003
crude_oil,2016,3,AZ,220229000.0,1467.915
crude_oil,2016,3,DE,1.0,0.0
crude_oil,2016,3,HU,2000024.0,12.594
crude_oil,2016,3,KZ,54744000.0,352.465
crude_oil,2016,3,NL,2280.0,0.102
crude_oil,2016,3,PL,5.0,0.001
crude_oil,2016,3,RU,176122000.0,1152.168
crude_oil,2016,4,AZ,199401000.0,1470.02
crude_oil,2016,4,DE,3.0,0.001
crude_oil,2016,4,GB,1.0,0.009
crude_oil,2016,4,HU,2097400.0,14.27
crude_oil,2016,4,KZ,49641000.0,320.351
crude_oil,2016,4,PL,12.0,0.003
crude_oil,2016,4,RU,46302000.0,321.626
crude_oil,2016,5,AZ,152216000.0,1161.326
crude_oil,2016,5,DE,5.0,0.002
crude_oil,2016,5,FR,200.0,0.074
crude_oil,2016,5,GB,1.0,0.002
crude_oil,2016,5,HU,2215440.0,16.651
crude_oil,2016,5,IT,1778.0,0.153
crude_oil,2016,5,KZ,20088000.0,140.39
crude_oil,2016,5,PL,10.0,0.003
crude_oil,2016,5,RU,200751000.0,1539.283
crude_oil,2016,6,AZ,80620000.0,671.272
crude_oil,2016,6,DE,1.0,0.0
crude_oil,2016,6,FR,200.0,0.074
crude_oil,2016,6,GB,1.0,0.002
crude_oil,2016,6,HU,2604594.0,18.803
crude_oil,2016,6,KZ,10088000.0,77.134
crude_oil,2016,6,PL,6.0,0.002
crude_oil,2016,6,RU,279430000.0,2289.961
crude_oil,2016,6,SA,50305000.0,398.485
crude_oil,2016,7,AZ,3392000.0,29.146
crude_oil,2016,7,DE,1.0,0.0
crude_oil,2016,7,FR,200.0,0.074
crude_oil,2016,7,HU,2408330.0,18.134
crude_oil,2016,7,IT,1343.0,0.076
crude_oil,2016,7,NL,2252.0,0.101
crude_oil,2016,7,PL,2.0,0.001
crude_oil,2016,7,RU,349836000.0,2733.154
crude_oil,2016,8,AZ,6019000.0,52.904
crude_oil,2016,8,DE,2.0,0.001
crude_oil,2016,8,GB,1.0,0.003
crude_oil,2016,8,HU,3108360.0,23.863
crude_oil,2016,8,NL,450.0,0.03
crude_oil,2016,8,RU,293848000.0,2351.757
crude_oil,2016,9,AZ,10203000.0,87.696
crude_oil,2016,9,DE,4.0,0.001
crude_oil,2016,9,FR,565.0,0.09
crude_oil,2016,9,GB,0.0,0.006
crude_oil,2016,9,HU,2845160.0,22.469
crude_oil,2016,9,IT,77.0,0.047
crude_oil,2016,9,RU,376148000.0,2960.484
crude_oil,2016,10,AZ,110608000.0,996.306
crude_oil,2016,10,DE,5000.0,0.315
crude_oil,2016,10,GB,2.0,0.014
crude_oil,2016,10,HU,2778903.0,23.496
crude_oil,2016,10,IT,203.0,0.017
crude_oil,2016,10,KR,1.0,0.0
crude_oil,2016,10,PL,5.0,0.001
crude_oil,2016,10,RU,373584000.0,3183.764
crude_oil,2016,11,AZ,140438000.0,1317.921
crude_oil,2016,11,DE,314.0,0.04
crude_oil,2016,11,FR,200.0,0.074
crude_oil,2016,11,GB,1.0,0.002
crude_oil,2016,11,HU,1663879.0,12.422
crude_oil,2016,11,KZ,32264000.0,296.061
crude_oil,2016,11,RU,410667000.0,3290.61
crude_oil,2016,11,SA,29006000.0,242.689
crude_oil,2016,11,US,43.0,0.017
crude_oil,2016,12,AZ,197093000.0,1856.505
crude_oil,2016,12,DE,2.0,0.001
crude_oil,2016,12,HU,2691472.0,24.87
crude_oil,2016,12,IT,568.0,0.063
crude_oil,2016,12,KZ,46003000.0,420.505
crude_oil,2016,12,PL,5.0,0.001
crude_oil,2016,12,RU,405464000.0,3939.53
crude_oil,2017,1,AZ,188037000.0,2050.64
crude_oil,2017,1,DE,3.0,0.001
crude_oil,2017,1,FR,200.0,0.076
crude_oil,2017,1,GB,1.0,0.002
crude_oil,2017,1,HU,2726940.0,26.138
crude_oil,2017,1,KZ,50570000.0,504.226
crude_oil,2017,1,LY,10078000.0,104.061
crude_oil,2017,1,PL,10.0,0.001
crude_oil,2017,1,RU,290782000.0,2958.297
crude_oil,2017,1,SA,80010000.0,860.753
crude_oil,2017,2,AZ,168085000.0,1809.191
crude_oil,2017,2,DE,13.0,0.005
crude_oil,2017,2,HU,2469020.0,23.121
crude_oil,2017,2,KZ,77036000.0,839.157
crude_oil,2017,2,LY,21915000.0,267.354
crude_oil,2017,2,NL,1.0,0.005
crude_oil,2017,2,PL,15.0,0.002
crude_oil,2017,2,RU,259419000.0,2594.693
crude_oil,2017,2,SA,53724000.0,535.529
crude_oil,2017,3,AZ,239337000.0,2614.657
crude_oil,2017,3,FR,200.0,0.076
crude_oil,2017,3,GB,5.0,0.014
crude_oil,2017,3,HU,2264280.0,20.438
crude_oil,2017,3,KZ,69178000.0,784.908
crude_oil,2017,3,PL,10.0,0.001
crude_oil,2017,3,RU,365055000.0,3519.868
crude_oil,2017,3,SA,44732000.0,458.132
crude_oil,2017,4,AZ,96995000.0,971.648
crude_oil,2017,4,DE,8.0,0.006
crude_oil,2017,4,DZ,76104000.0,760.377
crude_oil,2017,4,HU,2157678.0,19.342
crude_oil,2017,4,KZ,106202000.0,1141.703
crude_oil,2017,4,PL,15.0,0.002
crude_oil,2017,4,RU,355243000.0,3343.632
crude_oil,2017,5,AZ,234308000.0,2386.049
crude_oil,2017,5,DE,13000.0,1.022
crude_oil,2017,5,FR,200.0,0.076
crude_oil,2017,5,HU,1692751.0,14.267
crude_oil,2017,5,KZ,70565000.0,744.435
crude_oil,2017,5,PL,7.0,0.001
crude_oil,2017,5,RU,374510000.0,3401.37
crude_oil,2017,6,AZ,209852000.0,1962.774
crude_oil,2017,6,DE,68.0,0.024
crude_oil,2017,6,HU,1096051.0,7.976
crude_oil,2017,6,IT,2.0,0.012
crude_oil,2017,6,KZ,102511000.0,944.511
crude_oil,2017,6,RU,388871000.0,3118.101
crude_oil,2017,6,US,1.0,0.005
crude_oil,2017,7,AZ,223803000.0,1915.824
crude_oil,2017,7,DE,5.0,0.011
crude_oil,2017,7,FR,180.0,0.074
crude_oil,2017,7,HU,1183220.0,8.831
crude_oil,2017,7,IT,1.0,0.002
crude_oil,2017,7,KZ,97238000.0,857.132
crude_oil,2017,7,LB,11.0,0.003
crude_oil,2017,7,PL,11.0,0.006
crude_oil,2017,7,RU,374959000.0,3133.298
crude_oil,2017,8,AZ,203913000.0,1718.435
crude_oil,2017,8,FR,200.0,0.074
crude_oil,2017,8,HU,1327320.0,10.184
crude_oil,2017,8,IT,3.0,0.005
crude_oil,2017,8,KZ,94364000.0,810.458
crude_oil,2017,8,PL,8.0,0.002
crude_oil,2017,8,RU,392020000.0,3328.035
crude_oil,2017,9,AZ,239030000.0,2129.203
crude_oil,2017,9,DE,2.0,0.004
crude_oil,2017,9,HU,248780.0,1.981
crude_oil,2017,9,IT,2.0,0.015
crude_oil,2017,9,KZ,41003000.0,375.346
crude_oil,2017,9,PL,14.0,0.004
crude_oil,2017,9,RU,423373000.0,3760.077
crude_oil,2017,10,AZ,241325000.0,2311.535
crude_oil,2017,10,DE,0.0,0.0
crude_oil,2017,10,HU,251440.0,2.087
crude_oil,2017,10,IT,3.0,0.004
crude_oil,2017,10,KZ,49315000.0,461.252
crude_oil,2017,10,RU,395781000.0,3572.46
crude_oil,2017,11,AZ,191285000.0,1904.707
crude_oil,2017,11,DE,3.0,0.002
crude_oil,2017,11,FR,200.0,0.073
crude_oil,2017,11,HU,301480.0,2.714
crude_oil,2017,11,IT,3.0,0.005
crude_oil,2017,11,KZ,112284000.0,1141.625
crude_oil,2017,11,PL,4.0,0.001
crude_oil,2017,11,RU,212298000.0,2084.463
crude_oil,2017,12,AZ,189527000.0,1967.516
crude_oil,2017,12,HU,252100.0,2.309
crude_oil,2017,12,IT,35.0,0.017
crude_oil,2017,12,KZ,115574000.0,1203.272
crude_oil,2017,12,PL,8.0,0.001
crude_oil,2017,12,RU,267615000.0,2724.907
crude_oil,2018,1,AZ,192224000.0,2074.256
crude_oil,2018,1,BG,1.0,0.001
crude_oil,2018,1,DE,2.0,0.001
crude_oil,2018,1,DZ,27169000.0,304.651
crude_oil,2018,1,HU,704800.0,6.99
crude_oil,2018,1,IT,1.0,0.015
crude_oil,2018,1,KZ,118936000.0,1342.295
crude_oil,2018,1,NL,1.0,0.001
crude_oil,2018,1,PL,10.0,0.002
crude_oil,2018,1,RU,249293000.0,2694.796
crude_oil,2018,2,AZ,183370000.0,2030.045
crude_oil,2018,2,DE,1.0,0.091
crude_oil,2018,2,DZ,54387000.0,575.348
crude_oil,2018,2,FR,100.0,0.071
crude_oil,2018,2,HU,600340.0,5.355
crude_oil,2018,2,IT,2.0,0.003
crude_oil,2018,2,KZ,80414000.0,907.042
crude_oil,2018,2,PL,12.0,0.002
crude_oil,2018,2,RU,314127000.0,3056.036
crude_oil,2018,3,AZ,150629000.0,1605.167
crude_oil,2018,3,DE,2.0,0.001
crude_oil,2018,3,DZ,183000.0,0.564
crude_oil,2018,3,FR,180.0,0.072
crude_oil,2018,3,HU,2563000.0,24.303
crude_oil,2018,3,IT,3.0,0.01
crude_oil,2018,3,KZ,82873000.0,933.685
crude_oil,2018,3,NL,2.0,0.005
crude_oil,2018,3,RU,372845000.0,3573.398
crude_oil,2018,3,SK,2.0,0.0
crude_oil,2018,4,HU,1835780.0,18.728
crude_oil,2018,4,IT,4.0,0.004
crude_oil,2018,4,KZ,76372000.0,848.649
crude_oil,2018,4,PL,10.0,0.002
crude_oil,2018,4,RU,265157000.0,2728.836
crude_oil,2018,5,AZ,99439000.0,1058.259
crude_oil,2018,5,DE,5.0,0.002
crude_oil,2018,5,HU,1490620.0,17.048
crude_oil,2018,5,IT,3.0,0.003
crude_oil,2018,5,KZ,85735000.0,924.044
crude_oil,2018,5,NL,1.0,0.001
crude_oil,2018,5,PL,16.0,0.004
crude_oil,2018,5,RU,339542000.0,3791.229
crude_oil,2018,5,SA,34779000.0,366.519
crude_oil,2018,6,AZ,204286000.0,2638.668
crude_oil,2018,6,DE,222.0,0.01
crude_oil,2018,6,ES,1.0,0.002
crude_oil,2018,6,FR,200.0,0.073
crude_oil,2018,6,HU,353480.0,4.03
crude_oil,2018,6,IT,3.0,0.013
crude_oil,2018,6,KZ,29436000.0,350.348
crude_oil,2018,6,NL,1.0,0.001
crude_oil,2018,6,PL,1.0,0.0
crude_oil,2018,6,RU,337971000.0,4005.14
crude_oil,2018,6,SA,63684000.0,723.949
crude_oil,2018,7,AZ,250184000.0,3241.164
crude_oil,2018,7,DE,2.0,0.001
crude_oil,2018,7,HU,101560.0,1.177
crude_oil,2018,7,IT,11.0,0.018
crude_oil,2018,7,KZ,111755000.0,1488.978
crude_oil,2018,7,NL,2.0,0.022
crude_oil,2018,7,PL,2.0,0.0
crude_oil,2018,7,RU,370324000.0,4413.141
crude_oil,2018,7,SK,1.0,0.003
crude_oil,2018,8,AZ,250306000.0,3189.093
crude_oil,2018,8,DE,8.0,0.003
crude_oil,2018,8,HU,126860.0,1.406
crude_oil,2018,8,IT,1.0,0.0
crude_oil,2018,8,KZ,53551000.0,718.197
crude_oil,2018,8,PL,12.0,0.003
crude_oil,2018,8,RU,359569000.0,4210.709
crude_oil,2018,9,AZ,196359000.0,2400.598
crude_oil,2018,9,DE,5.0,0.009
crude_oil,2018,9,HU,100360.0,1.229
crude_oil,2018,9,IT,4.0,0.005
crude_oil,2018,9,LY,39288000.0,472.061
crude_oil,2018,9,NL,2.0,0.002
crude_oil,2018,9,PL,3.0,0.001
crude_oil,2018,9,RU,378371000.0,4762.547
crude_oil,2018,10,AZ,239220000.0,3171.417
crude_oil,2018,10,DE,3.0,0.001
crude_oil,2018,10,HU,102100.0,1.291
crude_oil,2018,10,IT,2.0,0.003
crude_oil,2018,10,KZ,80553000.0,1097.169
crude_oil,2018,10,LY,40387000.0,479.403
crude_oil,2018,10,PL,8.0,0.002
crude_oil,2018,10,RU,324811000.0,4109.293
crude_oil,2018,11,AZ,197303000.0,2809.814
crude_oil,2018,11,DE,2.0,0.001
crude_oil,2018,11,HU,126820.0,1.291
crude_oil,2018,11,IT,3.0,0.015
crude_oil,2018,11,KZ,127609000.0,1860.65
crude_oil,2018,11,PL,3.0,0.001
crude_oil,2018,11,RU,345468000.0,3871.557
crude_oil,2018,11,SK,1.0,0.005
crude_oil,2018,12,AZ,219463000.0,2501.547
crude_oil,2018,12,BG,1.0,0.002
crude_oil,2018,12,DE,1.0,0.0
crude_oil,2018,12,HU,100740.0,0.909
crude_oil,2018,12,IT,2.0,0.004
crude_oil,2018,12,KZ,138565000.0,1819.774
crude_oil,2018,12,NL,2.0,0.002
crude_oil,2018,12,PL,12.0,0.003
crude_oil,2018,12,RU,345188000.0,3386.551
crude_oil,2019,1,AZ,157152000.0,1602.112
crude_oil,2019,1,CH,0.0,0.002
crude_oil,2019,1,DE,4.0,0.001
crude_oil,2019,1,DZ,43713000.0,428.609
crude_oil,2019,1,FR,200.0,0.073
crude_oil,2019,1,HU,832110.0,7.659
crude_oil,2019,1,KZ,82386000.0,898.912
crude_oil,2019,1,PL,12.0,0.003
crude_oil,2019,1,RU,264928000.0,2619.176
crude_oil,2019,2,AZ,194714000.0,2086.037
crude_oil,2019,2,DE,5.0,0.002
crude_oil,2019,2,DZ,38108000.0,374.571
crude_oil,2019,2,GB,0.0,0.0
crude_oil,2019,2,HU,510120.0,5.038
crude_oil,2019,2,IT,3.0,0.085
crude_oil,2019,2,KZ,115610000.0,1235.275
crude_oil,2019,2,PL,11.0,0.003
crude_oil,2019,2,RU,281076000.0,2951.956
crude_oil,2019,3,AZ,170140000.0,1950.077
crude_oil,2019,3,DE,9.0,0.083
crude_oil,2019,3,GB,0.0,0.0
crude_oil,2019,3,HU,1771740.0,18.188
crude_oil,2019,3,KZ,45696000.0,509.003
crude_oil,2019,3,PL,5.0,0.002
crude_oil,2019,3,RU,285037000.0,3107.218
crude_oil,2019,3,SA,104359000.0,1107.423
crude_oil,2019,4,AZ,216306000.0,2561.558
crude_oil,2019,4,HU,1800300.0,20.397
crude_oil,2019,4,IT,8.0,0.028
crude_oil,2019,4,KZ,86983000.0,1013.361
crude_oil,2019,4,PL,3.0,0.001
crude_oil,2019,4,RU,196917000.0,2278.266
crude_oil,2019,4,SA,18000.0,0.191
crude_oil,2019,4,US,57017000.0,656.328
crude_oil,2019,5,AZ,194975000.0,2506.317
crude_oil,2019,5,DE,2.0,0.005
crude_oil,2019,5,HU,814300.0,9.173
crude_oil,2019,5,IT,9.0,0.02
crude_oil,2019,5,KZ,126014000.0,1562.817
crude_oil,2019,5,NL,1.0,0.002
crude_oil,2019,5,PL,9.0,0.002
crude_oil,2019,5,RU,46273000.0,545.146
crude_oil,2019,5,US,30937000.0,354.636
crude_oil,2019,6,AZ,186409000.0,2431.146
crude_oil,2019,6,DE,8.0,0.016
crude_oil,2019,6,HU,662540.0,6.739
crude_oil,2019,6,IT,11.0,0.006
crude_oil,2019,6,KZ,126000000.0,1665.846
crude_oil,2019,6,PL,3.0,0.001
crude_oil,2019,6,RU,377360000.0,4077.446
crude_oil,2019,7,AZ,181008000.0,2214.585
crude_oil,2019,7,DE,66.0,0.012
crude_oil,2019,7,FR,200.0,0.072
crude_oil,2019,7,HU,383900.0,3.788
crude_oil,2019,7,IT,6.0,0.014
crude_oil,2019,7,KZ,60215000.0,778.994
crude_oil,2019,7,LY,83465000.0,946.678
crude_oil,2019,7,NL,1.0,0.001
crude_oil,2019,7,PL,10.0,0.004
crude_oil,2019,7,RU,328966000.0,3511.084
crude_oil,2019,7,US,89753000.0,1054.232
crude_oil,2019,8,AZ,224643000.0,2564.645
crude_oil,2019,8,DE,5.0,0.002
crude_oil,2019,8,HU,1093260.0,10.282
crude_oil,2019,8,IT,1.0,0.072
crude_oil,2019,8,KZ,49448000.0,581.932
crude_oil,2019,8,NL,1.0,0.001
crude_oil,2019,8,PL,1.0,0.001
crude_oil,2019,8,RU,460124000.0,4636.646
crude_oil,2019,9,AZ,161967000.0,1764.801
crude_oil,2019,9,DE,4.0,0.002
crude_oil,2019,9,HU,282280.0,2.884
crude_oil,2019,9,IT,2.0,0.005
crude_oil,2019,9,KZ,44483000.0,511.909
crude_oil,2019,9,NG,109292000.0,1238.981
crude_oil,2019,9,PL,5.0,0.003
crude_oil,2019,9,RU,479552000.0,5044.571
crude_oil,2019,10,AZ,140021000.0,1662.444
crude_oil,2019,10,DE,14.0,0.004
crude_oil,2019,10,ES,1.0,0.003
crude_oil,2019,10,FR,400.0,0.145
crude_oil,2019,10,HU,26220.0,0.254
crude_oil,2019,10,IT,3.0,0.02
crude_oil,2019,10,KZ,89837000.0,980.128
crude_oil,2019,10,NG,68872000.0,761.37
crude_oil,2019,10,NL,1.0,0.001
crude_oil,2019,10,PL,5.0,0.001
crude_oil,2019,10,RU,445126000.0,4534.949
crude_oil,2019,11,AZ,190635000.0,2148.873
crude_oil,2019,11,DE,4.0,0.001
crude_oil,2019,11,HU,25360.0,0.253
crude_oil,2019,11,IT,6.0,0.011
crude_oil,2019,11,KZ,98176000.0,1060.292
crude_oil,2019,11,NL,1.0,0.001
crude_oil,2019,11,PL,6.0,0.001
crude_oil,2019,11,RU,332126000.0,3578.017
crude_oil,2019,11,US,55614000.0,605.336
crude_oil,2019,12,AZ,175767000.0,2091.692
crude_oil,2019,12,CH,3.0,0.008
crude_oil,2019,12,DE,3.0,0.001
crude_oil,2019,12,HU,25040.0,0.267
crude_oil,2019,12,KZ,65549000.0,915.252
crude_oil,2019,12,PL,16.0,0.003
crude_oil,2019,12,RU,323461000.0,3561.319
crude_oil,2019,12,US,43287000.0,481.396
crude_oil,2020,1,AZ,218680000.0,2785.693
crude_oil,2020,1,DE,10.0,0.012
crude_oil,2020,1,IT,3.0,0.005
crude_oil,2020,1,KZ,135924000.0,1631.969
crude_oil,2020,1,NL,1.0,0.002
crude_oil,2020,1,PL,8.0,0.002
crude_oil,2020,1,RU,286141000.0,2996.688
crude_oil,2020,2,AZ,189434000.0,2264.101
crude_oil,2020,2,DE,23.0,0.045
crude_oil,2020,2,FR,200.0,0.071
crude_oil,2020,2,IT,1.0,0.002
crude_oil,2020,2,KZ,115306000.0,1427.385
crude_oil,2020,2,NL,1.0,0.001
crude_oil,2020,2,PL,17.0,0.004
crude_oil,2020,2,RU,213949000.0,1980.792
crude_oil,2020,3,AZ,69488000.0,741.88
crude_oil,2020,3,DE,3.0,0.001
crude_oil,2020,3,IT,6.0,0.053
crude_oil,2020,3,KZ,91975000.0,939.436
crude_oil,2020,3,NL,2.0,0.002
crude_oil,2020,3,PL,9.0,0.002
crude_oil,2020,3,RU,339526000.0,1914.098
crude_oil,2020,3,US,47995000.0,578.69
crude_oil,2020,4,AZ,77952000.0,909.695
crude_oil,2020,4,DE,8.0,0.002
crude_oil,2020,4,IT,1.0,0.002
crude_oil,2020,4,NL,2.0,0.002
crude_oil,2020,4,PL,6.0,0.002
crude_oil,2020,4,RU,134006000.0,417.873
crude_oil,2020,4,US,72240000.0,935.959
crude_oil,2020,5,AZ,138450000.0,729.704
crude_oil,2020,5,IT,9.0,0.022
crude_oil,2020,5,NL,2.0,0.003
crude_oil,2020,5,PL,25.0,0.007
crude_oil,2020,5,US,78894000.0,634.816
crude_oil,2020,6,AZ,151138000.0,997.135
crude_oil,2020,6,BE,79.0,0.019
crude_oil,2020,6,DE,6.0,0.004
crude_oil,2020,6,FR,200.0,0.076
crude_oil,2020,6,IT,6.0,0.011
crude_oil,2020,6,PL,17.0,0.004
crude_oil,2020,6,RU,10582000.0,39.033
crude_oil,2020,6,SA,45939000.0,165.507
crude_oil,2020,6,US,100931000.0,489.542
crude_oil,2020,7,AT,4.0,0.001
crude_oil,2020,7,AZ,184623000.0,1443.469
crude_oil,2020,7,DE,2.0,0.004
crude_oil,2020,7,DZ,26202000.0,208.746
crude_oil,2020,7,FR,4.0,0.001
crude_oil,2020,7,IT,1.0,0.0
crude_oil,2020,7,PL,10.0,0.003
crude_oil,2020,7,RU,362652000.0,2629.62
crude_oil,2020,7,SA,57809000.0,199.146
crude_oil,2020,7,US,22227000.0,90.656
crude_oil,2020,8,AZ,36212000.0,277.383
crude_oil,2020,8,DE,2.0,0.001
crude_oil,2020,8,ES,1.0,0.0
crude_oil,2020,8,GB,127550409.0,996.304
crude_oil,2020,8,IT,2.0,0.019
crude_oil,2020,8,NO,53607000.0,383.976
crude_oil,2020,8,PL,9.0,0.003
crude_oil,2020,8,RU,357756000.0,2711.36
crude_oil,2020,8,US,75315000.0,611.247
crude_oil,2020,9,AT,5.0,0.002
crude_oil,2020,9,BG,1.0,0.001
crude_oil,2020,9,DE,8.0,0.002
crude_oil,2020,9,FR,200.0,0.074
crude_oil,2020,9,IT,2.0,0.002
crude_oil,2020,9,KZ,911000.0,69.064
crude_oil,2020,9,NO,34903000.0,238.631
crude_oil,2020,9,PL,23.0,0.006
crude_oil,2020,9,RU,397777000.0,2696.469
crude_oil,2020,9,US,143341000.0,1073.865
crude_oil,2020,10,AZ,124644000.0,931.941
crude_oil,2020,10,DE,8.0,0.003
crude_oil,2020,10,DK,10.0,0.039
crude_oil,2020,10,IT,2.0,0.008
crude_oil,2020,10,KZ,69003000.0,514.496
crude_oil,2020,10,PL,10.0,0.003
crude_oil,2020,10,RU,343750000.0,2401.793
crude_oil,2020,10,US,63245000.0,488.733
crude_oil,2020,11,AZ,165183000.0,1233.84
crude_oil,2020,11,DE,1.0,0.0
crude_oil,2020,11,IT,2.0,0.003
crude_oil,2020,11,KZ,83891000.0,592.673
crude_oil,2020,11,NE,34547000.0,228.78
crude_oil,2020,11,PL,5.0,0.002
crude_oil,2020,11,RU,294357000.0,2154.398
crude_oil,2020,11,US,58164000.0,430.806
crude_oil,2020,12,AZ,70438000.0,475.168
crude_oil,2020,12,DE,2.0,0.003
crude_oil,2020,12,IT,11.0,0.069
crude_oil,2020,12,KZ,69720000.0,515.6
crude_oil,2020,12,NG,59041000.0,379.248
crude_oil,2020,12,PL,11.0,0.003
crude_oil,2020,12,RU,272996000.0,2166.706
crude_oil,2020,12,US,66006000.0,485.434
crude_oil,2021,1,DE,3.0,0.001
crude_oil,2021,1,GB,14.0,0.019
crude_oil,2021,1,IT,4.0,0.004
crude_oil,2021,1,KZ,56825000.0,464.528
crude_oil,2021,1,NG,45179000.0,294.189
crude_oil,2021,1,PL,16.0,0.004
crude_oil,2021,1,RU,243274000.0,2107.973
crude_oil,2021,1,US,128988000.0,1025.978
crude_oil,2021,2,DE,4.0,0.001
crude_oil,2021,2,FR,200.0,0.077
crude_oil,2021,2,IT,4.0,0.004
crude_oil,2021,2,KZ,124313000.0,1187.254
crude_oil,2021,2,PL,14.0,0.003
crude_oil,2021,2,RU,244514000.0,2334.548
crude_oil,2021,2,US,84912050.0,727.023
crude_oil,2021,3,AZ,95939000.0,937.561
crude_oil,2021,3,DE,24.0,0.009
crude_oil,2021,3,GB,0.0,0.0
crude_oil,2021,3,IT,1.0,0.001
crude_oil,2021,3,KZ,77482000.0,782.782
crude_oil,2021,3,PL,8.0,0.002
crude_oil,2021,3,RU,295938000.0,2967.83
crude_oil,2021,3,US,38455000.0,322.681
crude_oil,2021,4,AZ,159630000.0,1813.777
crude_oil,2021,4,DE,15.0,0.007
crude_oil,2021,4,GB,1.0,0.001
crude_oil,2021,4,KZ,159978000.0,1792.187
crude_oil,2021,4,PL,15.0,0.004
crude_oil,2021,4,RU,223593000.0,2289.106
crude_oil,2021,5,AZ,159084000.0,1703.896
crude_oil,2021,5,DE,10.0,0.003
crude_oil,2021,5,GB,20.0,0.009
crude_oil,2021,5,JP,0.0,0.001
crude_oil,2021,5,KZ,63541000.0,668.162
crude_oil,2021,5,PL,28.0,0.008
crude_oil,2021,5,RU,313740000.0,3310.442
crude_oil,2021,6,AZ,168940000.0,1871.184
crude_oil,2021,6,GB,0.0,0.0
crude_oil,2021,6,KZ,140515000.0,1489.433
crude_oil,2021,6,PL,29.0,0.008
crude_oil,2021,6,RU,218963000.0,2397.703
crude_oil,2021,6,SA,5.0,0.003
crude_oil,2021,6,US,0.0,0.004
crude_oil,2021,7,AZ,24888000.0,291.575
crude_oil,2021,7,GB,14.0,0.028
crude_oil,2021,7,IT,1.0,0.001
crude_oil,2021,7,KZ,104123000.0,1245.564
crude_oil,2021,7,LY,85367000.0,1008.086
crude_oil,2021,7,PL,14.0,0.004
crude_oil,2021,7,RU,295656000.0,3351.421
crude_oil,2021,7,SA,2.0,0.004
crude_oil,2021,7,UA,4.0,0.005
crude_oil,2021,7,US,134541001.0,1649.541
crude_oil,2021,8,AZ,44863000.0,593.007
crude_oil,2021,8,DE,5.0,0.001
crude_oil,2021,8,ES,1.0,0.0
crude_oil,2021,8,FR,215.0,0.072
crude_oil,2021,8,GB,9.0,0.003
crude_oil,2021,8,IT,3.0,0.02
crude_oil,2021,8,KZ,81762000.0,1049.391
crude_oil,2021,8,LY,72813000.0,930.701
crude_oil,2021,8,NO,8.0,0.0
crude_oil,2021,8,PL,13.0,0.004
crude_oil,2021,8,RU,292509000.0,3275.594
crude_oil,2021,8,TR,1.0,0.0
crude_oil,2021,8,US,156943000.0,2009.294
crude_oil,2021,9,AZ,122022000.0,1473.432
crude_oil,2021,9,DE,4.0,0.001
crude_oil,2021,9,HK,0.0,0.0
crude_oil,2021,9,IT,1.0,0.001
crude_oil,2021,9,KZ,57103000.0,690.63
crude_oil,2021,9,PL,20.0,0.006
crude_oil,2021,9,RU,324824000.0,3752.053
crude_oil,2021,9,SA,6.0,0.004
crude_oil,2021,9,US,85464000.0,1047.167
crude_oil,2021,10,AZ,85983000.0,1098.467
crude_oil,2021,10,DE,2.0,0.002
crude_oil,2021,10,ES,0.0,0.002
crude_oil,2021,10,FR,200.0,0.075
crude_oil,2021,10,GB,10.0,0.004
crude_oil,2021,10,IT,2.0,0.018
crude_oil,2021,10,KZ,108833000.0,1368.556
crude_oil,2021,10,PL,16.0,0.005
crude_oil,2021,10,RU,453408000.0,5763.822
crude_oil,2021,10,US,82637001.0,1079.998
crude_oil,2021,11,AZ,189356000.0,2723.358
crude_oil,2021,11,CA,0.0,0.001
crude_oil,2021,11,FR,5.0,0.002
crude_oil,2021,11,GB,6.0,0.003
crude_oil,2021,11,IT,3.0,0.004
crude_oil,2021,11,KZ,162061000.0,2250.004
crude_oil,2021,11,PL,6.0,0.002
crude_oil,2021,11,RU,210842000.0,2734.8
crude_oil,2021,11,SA,3.0,0.004
crude_oil,2021,11,US,0.0,0.001
crude_oil,2021,12,AZ,45163000.0,598.488
crude_oil,2021,12,DE,0.0,0.0
crude_oil,2021,12,GB,10.0,0.004
crude_oil,2021,12,IT,9.0,0.016
crude_oil,2021,12,KZ,102733000.0,1481.201
crude_oil,2021,12,NO,80924000.0,1164.501
crude_oil,2021,12,PL,12.0,0.004
crude_oil,2021,12,RU,300094000.0,3609.561
crude_oil,2021,12,SA,4.0,0.003
crude_oil,2021,12,US,92318000.0,1324.775
crude_oil,2022,1,AZ,171972000.0,2277.831
crude_oil,2022,1,GB,6.0,0.002
crude_oil,2022,1,IT,1.0,0.002
crude_oil,2022,1,KZ,193960000.0,2610.649
crude_oil,2022,1,PL,9.0,0.003
crude_oil,2022,1,QA,4.0,0.006
crude_oil,2022,1,RU,270223000.0,3711.636
crude_oil,2022,1,TR,4.0,0.001
crude_oil,2022,1,US,0.0,0.001
crude_oil,2022,2,AZ,124868000.0,1967.874
crude_oil,2022,2,DE,9.0,0.002
crude_oil,2022,2,FR,200.0,0.069
crude_oil,2022,2,GB,3.0,0.001
crude_oil,2022,2,IT,2.0,0.004
crude_oil,2022,2,KZ,74477000.0,1007.055
crude_oil,2022,2,NL,1.0,0.001
crude_oil,2022,2,PL,8.0,0.004
crude_oil,2022,2,RU,264596000.0,3785.301
crude_oil,2022,2,TR,1.0,0.0
crude_oil,2022,2,US,91720000.0,1390.497
crude_oil,2022,3,AZ,26982000.0,433.669
crude_oil,2022,3,DE,1.0,0.0
crude_oil,2022,3,IT,3.0,0.006
crude_oil,2022,3,KZ,104622000.0,1634.689
crude_oil,2022,3,NL,2.0,0.004
crude_oil,2022,3,PL,26.0,0.008
crude_oil,2022,3,RU,325572000.0,4663.655
crude_oil,2022,3,SA,1.0,0.001
crude_oil,2022,3,TR,1.0,0.0
crude_oil,2022,4,AZ,71976000.0,1377.82
crude_oil,2022,4,DE,1.0,0.017
crude_oil,2022,4,GB,2.0,0.004
crude_oil,2022,4,IT,3.0,0.013
crude_oil,2022,4,KZ,84588000.0,1468.552
crude_oil,2022,4,NL,2.0,0.003
crude_oil,2022,4,NO,5.0,0.017
crude_oil,2022,4,PL,1.0,0.003
crude_oil,2022,4,RU,335235000.0,4115.62
crude_oil,2022,5,AZ,163134000.0,3128.698
crude_oil,2022,5,DE,1.0,0.001
crude_oil,2022,5,FR,200.0,0.07
crude_oil,2022,5,IT,7.0,0.021
crude_oil,2022,5,KZ,92278000.0,1714.709
crude_oil,2022,5,NO,4.0,0.01
crude_oil,2022,5,PL,8.0,0.007
crude_oil,2022,5,RU,296406000.0,3759.697
crude_oil,2022,5,SA,103351000.0,1896.409
crude_oil,2022,5,US,1.0,0.001
crude_oil,2022,6,AZ,229342000.0,4820.733
crude_oil,2022,6,DE,2.0,0.02
crude_oil,2022,6,FI,0.0,0.004
crude_oil,2022,6,GB,10.0,0.0
crude_oil,2022,6,IT,4.0,0.021
crude_oil,2022,6,KZ,5618000.0,183.487
crude_oil,2022,6,NL,1.0,0.001
crude_oil,2022,6,PL,2.0,0.002
crude_oil,2022,6,RU,272716000.0,4061.841
crude_oil,2022,6,SA,100528000.0,2046.683
crude_oil,2022,6,TR,1.0,0.001
crude_oil,2022,6,US,8081000.0,189.78
crude_oil,2022,7,AZ,141611000.0,3321.215
crude_oil,2022,7,ES,14.0,0.005
crude_oil,2022,7,GB,7.0,0.009
crude_oil,2022,7,IT,2.0,0.019
crude_oil,2022,7,NL,7.0,0.003
crude_oil,2022,7,PL,1.0,0.003
crude_oil,2022,7,RU,418042000.0,5742.868
crude_oil,2022,7,US,119414056.0,2803.082
crude_oil,2022,8,AZ,105962000.0,2452.572
crude_oil,2022,8,DE,1.0,0.016
crude_oil,2022,8,FR,200.0,0.074
crude_oil,2022,8,GB,1.0,0.003
crude_oil,2022,8,IT,4.0,0.01
crude_oil,2022,8,LY,36084000.0,758.162
crude_oil,2022,8,NL,1.0,0.001
crude_oil,2022,8,NO,4.0,0.005
crude_oil,2022,8,PL,1.0,0.004
crude_oil,2022,8,RU,383943000.0,5155.568
crude_oil,2022,8,SK,1.0,0.031
crude_oil,2022,8,US,116686001.0,2694.288
crude_oil,2022,9,AZ,132511000.0,2907.829
crude_oil,2022,9,DE,1.0,0.001
crude_oil,2022,9,GB,5.0,0.018
crude_oil,2022,9,IT,3.0,0.006
crude_oil,2022,9,LY,84706000.0,1842.921
crude_oil,2022,9,NO,7.0,0.0
crude_oil,2022,9,PL,14.0,0.007
crude_oil,2022,9,RU,438399000.0,5520.617
crude_oil,2022,9,US,25122000.0,582.959
crude_oil,2022,10,AZ,183879000.0,3568.194
crude_oil,2022,10,IT,3.0,0.004
crude_oil,2022,10,KZ,39351000.0,703.911
crude_oil,2022,10,LY,17886000.0,406.993
crude_oil,2022,10,PL,6.0,0.004
crude_oil,2022,10,RU,405560000.0,5164.747
crude_oil,2022,10,US,12083000.0,270.285
crude_oil,2022,11,AZ,216323000.0,4109.794
crude_oil,2022,11,GB,5.0,0.011
crude_oil,2022,11,IT,9.0,0.033
crude_oil,2022,11,KZ,51692000.0,933.921
crude_oil,2022,11,NO,7.0,0.012
crude_oil,2022,11,PL,1.0,0.003
crude_oil,2022,11,RU,354305000.0,4444.801
crude_oil,2022,11,TR,1.0,0.0
crude_oil,2022,12,AZ,157144000.0,2924.814
crude_oil,2022,12,GB,10.0,0.0
crude_oil,2022,12,IT,2.0,0.004
crude_oil,2022,12,KZ,79841000.0,1372.485
crude_oil,2022,12,NL,3.0,0.003
crude_oil,2022,12,RU,396549000.0,3709.978
crude_oil,2022,12,US,95492000.0,1706.353
crude_oil,2023,1,AZ,203547000.0,3089.841
crude_oil,2023,1,FR,215.0,0.073
crude_oil,2023,1,KZ,48585000.0,757.635
crude_oil,2023,1,PL,1.0,0.007
crude_oil,2023,1,RU,430574000.0,3630.18
crude_oil,2023,2,AZ,189478000.0,2814.583
crude_oil,2023,2,DE,2.0,0.003
crude_oil,2023,2,IT,2.0,0.002
crude_oil,2023,2,KZ,45214000.0,650.36
crude_oil,2023,2,PL,1.0,0.006
crude_oil,2023,2,RU,400073000.0,3262.267
crude_oil,2023,3,AZ,130702000.0,1947.343
crude_oil,2023,3,KZ,48724000.0,800.727
crude_oil,2023,3,PL,5.0,0.014
crude_oil,2023,3,RU,330404000.0,2586.864
crude_oil,2023,4,AZ,107967000.0,1598.04
crude_oil,2023,4,FR,215.0,0.071
crude_oil,2023,4,KZ,19828000.0,276.44
crude_oil,2023,4,NL,2.0,0.002
crude_oil,2023,4,PL,5.0,0.008
crude_oil,2023,4,RU,355949000.0,3346.77
crude_oil,2023,5,AZ,175973000.0,2439.12
crude_oil,2023,5,DE,450.0,0.028
crude_oil,2023,5,IT,2.0,0.007
crude_oil,2023,5,KZ,64343000.0,767.701
crude_oil,2023,5,PL,5.0,0.009
crude_oil,2023,5,RU,410289000.0,3539.078
crude_oil,2023,6,AZ,136287000.0,1942.221
crude_oil,2023,6,FR,15.0,0.075
crude_oil,2023,6,IT,2.0,0.007
crude_oil,2023,6,KZ,19000.0,0.232
crude_oil,2023,6,PL,1.0,0.004
crude_oil,2023,6,RU,408839000.0,3646.617
crude_oil,2023,6,US,52753000.0,797.295
crude_oil,2023,7,AZ,153149000.0,2024.925
crude_oil,2023,7,FR,215.0,0.072
crude_oil,2023,7,IT,5.0,0.016
crude_oil,2023,7,PL,5.0,0.008
crude_oil,2023,7,RU,426351000.0,5231.606
crude_oil,2023,7,US,116099000.0,1606.876
crude_oil,2023,8,AZ,150623000.0,2009.16
crude_oil,2023,8,KZ,119278000.0,1604.086
crude_oil,2023,8,PL,2.0,0.003
crude_oil,2023,8,RU,373323000.0,5027.858
crude_oil,2023,8,US,12593000.0,151.439
crude_oil,2023,9,AZ,187382000.0,2901.02
crude_oil,2023,9,GY,24530000.0,366.714
crude_oil,2023,9,IQ,10810000.0,164.727
crude_oil,2023,9,IT,24.0,0.012
crude_oil,2023,9,KZ,59714000.0,905.674
crude_oil,2023,9,PL,1.0,0.003
crude_oil,2023,9,RU,423679000.0,6360.324
crude_oil,2023,10,AZ,187802000.0,3181.48
crude_oil,2023,10,GY,110800000.0,1712.038
crude_oil,2023,10,IQ,50983000.0,805.632
crude_oil,2023,10,IT,2.0,0.004
crude_oil,2023,10,JP,1.0,0.001
crude_oil,2023,10,KZ,77177000.0,1291.42
crude_oil,2023,10,NL,1.0,0.002
crude_oil,2023,10,PL,1.0,0.004
crude_oil,2023,10,RU,251146000.0,3866.367
crude_oil,2023,11,AZ,172893000.0,3050.762
crude_oil,2023,11,GB,5.0,0.005
crude_oil,2023,11,IT,3.0,0.002
crude_oil,2023,11,KZ,125479000.0,2182.949
crude_oil,2023,11,NL,4.0,0.001
crude_oil,2023,11,PL,1.0,0.004
crude_oil,2023,11,RU,232331000.0,3373.941
crude_oil,2023,12,AZ,168928000.0,2665.66
crude_oil,2023,12,DE,0.0,0.0
crude_oil,2023,12,FR,7.0,0.049
crude_oil,2023,12,IT,1.0,0.001
crude_oil,2023,12,KZ,147901000.0,2337.201
crude_oil,2023,12,PL,1.0,0.003
crude_oil,2023,12,RU,263534000.0,3449.361
crude_oil,2024,1,AZ,207678000.0,2972.383
crude_oil,2024,1,KZ,122171000.0,1743.739
crude_oil,2024,1,PL,64.0,0.006
crude_oil,2024,1,RU,292694000.0,3911.251
crude_oil,2024,2,AZ,268765000.0,4077.231
crude_oil,2024,2,IT,1.0,0.003
crude_oil,2024,2,KZ,101037000.0,1406.999
crude_oil,2024,2,PL,3.0,0.016
crude_oil,2024,2,RU,275494000.0,3895.941
crude_oil,2024,3,AZ,119315000.0,1960.998
crude_oil,2024,3,KZ,110661000.0,1648.215
crude_oil,2024,3,PL,1.0,0.005
crude_oil,2024,3,RU,341049000.0,5070.491
crude_oil,2024,4,AZ,252004000.0,4133.503
crude_oil,2024,4,IT,1.0,0.003
crude_oil,2024,4,KZ,42849000.0,666.792
crude_oil,2024,4,PL,2.0,0.009
crude_oil,2024,4,RU,9252000.0,136.642
crude_oil,2024,5,AZ,224515000.0,3901.505
crude_oil,2024,5,KZ,51984000.0,823.466
crude_oil,2024,5,PL,11.0,0.01
crude_oil,2024,5,RU,180824000.0,2608.345
crude_oil,2024,6,AZ,172307000.0,2561.726
crude_oil,2024,6,CH,1.0,0.0
crude_oil,2024,6,ES,1.0,0.0
crude_oil,2024,6,KZ,72829000.0,1111.511
crude_oil,2024,6,PL,43057.0,0.021
crude_oil,2024,6,RU,59458000.0,829.353
crude_oil,2024,7,AZ,231040000.0,3529.861
crude_oil,2024,7,GB,1.0,0.006
crude_oil,2024,7,GY,40044000.0,585.483
crude_oil,2024,7,IT,1.0,0.002
crude_oil,2024,7,KZ,76188000.0,1120.138
crude_oil,2024,7,NO,70536000.0,1010.895
crude_oil,2024,7,PL,1.0,0.004
crude_oil,2024,7,RU,273549000.0,4001.246
crude_oil,2024,8,AZ,237210000.0,3774.7
crude_oil,2024,8,GY,18338000.0,271.636
crude_oil,2024,8,KZ,87558000.0,1354.687
crude_oil,2024,8,NO,32274000.0,468.605
crude_oil,2024,8,PL,6.0,0.007
crude_oil,2024,8,RU,111730000.0,1596.938
crude_oil,2024,9,AZ,210191000.0,3046.014
crude_oil,2024,9,DE,0.0,0.0
crude_oil,2024,9,GB,6.0,0.002
crude_oil,2024,9,GY,424000.0,6.048
crude_oil,2024,9,KZ,94140000.0,1379.201
crude_oil,2024,9,NO,219000.0,3.062
crude_oil,2024,9,PL,2.0,0.003
crude_oil,2024,9,RU,180558000.0,2291.328
crude_oil,2024,10,AZ,230071000.0,3131.146
crude_oil,2024,10,DE,0.0,0.0
crude_oil,2024,10,IT,8.0,0.049
crude_oil,2024,10,KZ,90953000.0,1301.471
crude_oil,2024,10,PL,20.0,0.006
crude_oil,2024,10,RU,370535000.0,4687.577
crude_oil,2024,11,AZ,223039000.0,3205.194
crude_oil,2024,11,DE,1.0,0.001
crude_oil,2024,11,IT,2.0,0.003
crude_oil,2024,11,KZ,96634000.0,1360.617
crude_oil,2024,11,PL,10.0,0.011
crude_oil,2024,11,RU,322510000.0,4191.039
crude_oil,2024,12,AZ,233834000.0,3246.607
crude_oil,2024,12,BE,200.0,0.077
crude_oil,2024,12,IT,2.0,0.004
crude_oil,2024,12,KZ,68210000.0,1002.581
crude_oil,2024,12,PL,1.0,0.003
crude_oil,2024,12,RU,297025000.0,3906.005
crude_oil,2025,1,AZ,279573000.0,3940.95
crude_oil,2025,1,KZ,74561000.0,1058.804
crude_oil,2025,1,PL,9.0,0.006
crude_oil,2025,1,RU,236303000.0,3310.06
crude_oil,2025,2,AZ,213652000.0,3254.251
crude_oil,2025,2,DE,5.0,0.03
crude_oil,2025,2,IT,1.0,0.013
crude_oil,2025,2,KZ,82957000.0,1160.556
crude_oil,2025,2,PL,7.0,0.004
crude_oil,2025,2,RU,226213000.0,3066.462
crude_oil,2025,3,AZ,163285000.0,2369.759
crude_oil,2025,3,DE,2.0,0.002
crude_oil,2025,3,IT,1.0,0.002
crude_oil,2025,3,KZ,98439000.0,1458.964
crude_oil,2025,3,PL,9.0,0.008
crude_oil,2025,3,RU,59183000.0,793.568
crude_oil,2025,4,AT,205.0,0.063
crude_oil,2025,4,AZ,229177000.0,3119.313
crude_oil,2025,4,FR,8.0,0.085
crude_oil,2025,4,IT,12.0,0.009
crude_oil,2025,4,KZ,113937000.0,1583.568
crude_oil,2025,4,NL,8.0,0.008
crude_oil,2025,4,NO,85531000.0,1071.946
crude_oil,2025,4,PL,23.0,0.006
crude_oil,2025,4,RU,5425000.0,67.287
crude_oil,2025,5,AZ,309020000.0,3670.534
crude_oil,2025,5,IT,3.0,0.008
crude_oil,2025,5,KZ,87269000.0,1096.7
crude_oil,2025,5,NL,6.0,0.007
crude_oil,2025,5,NO,149672000.0,1769.136
crude_oil,2025,5,PL,2.0,0.005
crude_oil,2025,5,QV,200.0,0.076
crude_oil,2025,5,SA,111561000.0,1279.069
crude_oil,2025,6,AZ,262883000.0,3049.0
crude_oil,2025,6,DE,2.0,0.002
crude_oil,2025,6,KZ,93109000.0,1028.219
crude_oil,2025,6,NO,200206000.0,2131.253
crude_oil,2025,6,PL,5.0,0.008
crude_oil,2025,6,SA,95127000.0,1054.361
crude_oil,2025,7,AZ,251638000.0,3159.388
crude_oil,2025,7,DE,2.0,0.002
crude_oil,2025,7,IT,1.0,0.004
crude_oil,2025,7,KZ,79505000.0,879.485
crude_oil,2025,7,NL,5.0,0.007
crude_oil,2025,7,NO,219954000.0,2400.473
crude_oil,2025,7,PL,1.0,0.006
crude_oil,2025,7,SA,58634000.0,667.116
crude_oil,2025,8,AZ,197245000.0,2364.521
crude_oil,2025,8,DE,1.0,0.021
crude_oil,2025,8,KZ,102111000.0,1168.451
crude_oil,2025,8,NO,190353000.0,2137.567
crude_oil,2025,8,PL,39711.0,0.038
crude_oil,2025,8,SA,40790000.0,452.38
crude_oil,2025,8,UA,97.0,0.001
crude_oil,2025,9,AZ,285186000.0,3329.591
crude_oil,2025,9,GB,11.0,0.011
crude_oil,2025,9,IT,1.0,0.001
crude_oil,2025,9,KZ,152847000.0,1767.245
crude_oil,2025,9,NO,147489000.0,1656.277
crude_oil,2025,9,PL,1.0,0.005
crude_oil,2025,9,SA,4980000.0,61.268
crude_oil,2025,9,UA,57.0,0.0
crude_oil,2025,10,AZ,173207000.0,1916.557
crude_oil,2025,10,DE,1.0,0.001
crude_oil,2025,10,KZ,126622000.0,1387.115
crude_oil,2025,10,NL,5.0,0.007
crude_oil,2025,10,NO,73054000.0,779.211
crude_oil,2025,10,PL,41.0,0.011
crude_oil,2025,10,SA,126554000.0,1392.904
crude_oil,2025,10,UA,88.0,0.001
crude_oil,2025,11,AZ,286378000.0,3120.289
crude_oil,2025,11,BE,200.0,0.074
crude_oil,2025,11,KZ,121622000.0,1360.21
crude_oil,2025,11,NL,14.0,0.004
crude_oil,2025,11,NO,132353000.0,1349.504
crude_oil,2025,11,PL,39713.0,0.04
crude_oil,2025,11,SA,186114000.0,2001.175
crude_oil,2025,12,AZ,253966000.0,2682.113
crude_oil,2025,12,IT,4.0,0.004
crude_oil,2025,12,KZ,127183000.0,1384.279
crude_oil,2025,12,NO,237015000.0,2301.711
crude_oil,2025,12,PL,1.0,0.004
crude_oil,2025,12,SA,104802000.0,1046.536
crude_oil,2026,1,AZ,267955000.0,2894.052
crude_oil,2026,1,KZ,7606000.0,81.29
crude_oil,2026,1,NL,1.0,0.003
crude_oil,2026,1,NO,274096000.0,2628.11
crude_oil,2026,1,PL,39723.0,0.042
crude_oil,2026,1,SA,132494000.0,1283.704
crude_oil,2026,2,AZ,245704000.0,2917.849
crude_oil,2026,2,DE,0.0,0.001
crude_oil,2026,2,DZ,36155000.0,458.275
crude_oil,2026,2,IT,4.0,0.003
crude_oil,2026,2,KZ,121623000.0,1348.601
crude_oil,2026,2,NO,140351000.0,1335.403
crude_oil,2026,2,PL,1.0,0.003
crude_oil,2026,2,SA,116067000.0,1166.376
crude_oil,2026,3,AZ,52742000.0,595.488
crude_oil,2026,3,DZ,23808000.0,290.608
crude_oil,2026,3,GB,12.0,0.034
crude_oil,2026,3,KZ,47136000.0,518.808
crude_oil,2026,3,NL,5.0,0.007
crude_oil,2026,3,PL,25.0,0.011
crude_oil,2026,3,SA,228129000.0,2420.127
crude_oil,2026,4,AZ,56212000.0,1157.711
crude_oil,2026,4,KZ,66945000.0,1158.362
crude_oil,2026,4,NO,13211000.0,216.019
crude_oil,2026,4,PL,200.0,0.043
crude_oil,2026,4,QV,200.0,0.074
crude_oil,2026,4,SA,188222000.0,2814.671
crude_oil,2026,5,AZ,195687000.0,4139.024
crude_oil,2026,5,DE,1.0,0.029
crude_oil,2026,5,FR,10.0,0.064
crude_oil,2026,5,IT,3.0,0.006
crude_oil,2026,5,KZ,84244000.0,1753.16
crude_oil,2026,5,NL,2.0,0.003
crude_oil,2026,5,NO,92466000.0,1463.718
crude_oil,2026,5,PL,5.0,0.004
crude_oil,2026,5,SA,122489000.0,1982.946
crude_oil,2026,5,US,75000000.0,1588.513
crude_oil,2026,6,AZ,220090000.0,4572.594
crude_oil,2026,6,IT,1.0,0.001
crude_oil,2026,6,KZ,136845000.0,2726.15
crude_oil,2026,6,NL,5.0,0.007
crude_oil,2026,6,PL,22.0,0.016
crude_oil,2026,6,SA,232529000.0,4698.617
crude_oil,2026,6,US,18323000.0,387.046
crude_oil,2026,7,AZ,180000000.0,2740.157
crude_oil,2026,7,FR,8.0,0.064
crude_oil,2026,7,KZ,178000000.0,2800.161
crude_oil,2026,7,NL,7.0,0.01
crude_oil,2026,7,NO,123000000.0,1500.086
crude_oil,2026,7,PL,6100001.0,87.008
crude_oil,2026,7,SA,115000000.0,2000.115
natural_gas,1999,1,AT,148650.0,0.927
natural_gas,1999,1,BE,760400.0,5.57
natural_gas,1999,1,DE,29062583.0,78.489
natural_gas,1999,1,FR,490.0,0.028
natural_gas,1999,1,GB,2.0,0.002
natural_gas,1999,1,IT,33.0,0.005
natural_gas,1999,1,NL,183100.0,1.574
natural_gas,1999,1,NO,112398851.0,207.242
natural_gas,1999,1,PL,593980.0,3.848
natural_gas,1999,1,RU,740938400.0,1337.079
natural_gas,1999,1,SK,4485360.0,12.895
natural_gas,1999,2,AT,89536.0,0.629
natural_gas,1999,2,BE,134850.0,0.83
natural_gas,1999,2,CH,4.0,0.002
natural_gas,1999,2,DE,48188387.0,121.217
natural_gas,1999,2,FR,1595.0,0.1
natural_gas,1999,2,HU,43700.0,0.33
natural_gas,1999,2,IT,2.0,0.0
natural_gas,1999,2,NO,101685672.0,185.829
natural_gas,1999,2,PL,587900.0,3.385
natural_gas,1999,2,RU,669123284.0,1180.039
natural_gas,1999,2,SK,5311760.0,15.199
natural_gas,1999,3,AT,768280.0,6.545
natural_gas,1999,3,BE,224900.0,1.286
natural_gas,1999,3,CZ,22000.0,0.167
natural_gas,1999,3,DE,21103894.0,61.448
natural_gas,1999,3,FR,2801.0,0.216
natural_gas,1999,3,GB,1.0,0.008
natural_gas,1999,3,IT,27.0,0.002
natural_gas,1999,3,NL,280.0,0.046
natural_gas,1999,3,NO,112305895.0,227.047
natural_gas,1999,3,PL,1011320.0,5.743
natural_gas,1999,3,RU,659663941.0,1247.741
natural_gas,1999,3,SK,5533950.0,16.341
natural_gas,1999,3,US,14.0,0.005
natural_gas,1999,4,AT,226953.0,1.584
natural_gas,1999,4,CZ,87635.0,0.309
natural_gas,1999,4,DE,19369559.0,55.016
natural_gas,1999,4,DK,1.0,0.0
natural_gas,1999,4,FR,4005.0,0.366
natural_gas,1999,4,HU,40150.0,0.353
natural_gas,1999,4,IT,5199.0,0.806
natural_gas,1999,4,NL,3.0,0.002
natural_gas,1999,4,NO,109413667.0,216.836
natural_gas,1999,4,PL,45840.0,0.256
natural_gas,1999,4,RU,586471427.0,1122.231
natural_gas,1999,4,SK,5530640.0,17.01
natural_gas,1999,4,US,10.0,0.002
natural_gas,1999,5,CZ,118500.0,0.662
natural_gas,1999,5,DE,166121793.0,325.093
natural_gas,1999,5,FR,1415.0,0.101
natural_gas,1999,5,HR,219240.0,0.954
natural_gas,1999,5,IT,93.0,0.018
natural_gas,1999,5,NO,112332145.0,225.667
natural_gas,1999,5,PL,116680.0,0.518
natural_gas,1999,5,RU,621714645.0,1206.981
natural_gas,1999,5,SK,4030500.0,15.853
natural_gas,1999,5,US,13.0,0.002
natural_gas,1999,6,AT,58.0,0.027
natural_gas,1999,6,BE,4.0,0.022
natural_gas,1999,6,CZ,67850.0,0.418
natural_gas,1999,6,DE,27665692.0,80.824
natural_gas,1999,6,FR,4911.0,0.377
natural_gas,1999,6,IT,44.0,0.013
natural_gas,1999,6,NL,5.0,0.0
natural_gas,1999,6,NO,109014701.0,220.457
natural_gas,1999,6,PL,291610.0,1.497
natural_gas,1999,6,RU,456895833.0,1253.439
natural_gas,1999,6,SK,3002090.0,13.388
natural_gas,1999,7,AT,19040.0,0.144
natural_gas,1999,7,CZ,40000.0,0.19
natural_gas,1999,7,DE,30580363.0,90.556
natural_gas,1999,7,FR,7116.0,0.492
natural_gas,1999,7,IT,536.0,0.041
natural_gas,1999,7,LI,77850.0,0.364
natural_gas,1999,7,NL,2.0,0.002
natural_gas,1999,7,NO,133610164.0,241.361
natural_gas,1999,7,PL,487050.0,2.571
natural_gas,1999,7,RU,502837424.0,1143.598
natural_gas,1999,7,SK,5384040.0,22.754
natural_gas,1999,7,US,2.0,0.001
natural_gas,1999,8,AT,570863.0,3.784
natural_gas,1999,8,BY,269600.0,1.606
natural_gas,1999,8,CH,5.0,0.003
natural_gas,1999,8,CZ,32500.0,0.203
natural_gas,1999,8,DE,29998041.0,94.283
natural_gas,1999,8,FR,5595.0,0.364
natural_gas,1999,8,HR,391200.0,3.165
natural_gas,1999,8,HU,287650.0,2.485
natural_gas,1999,8,IT,30.0,0.007
natural_gas,1999,8,KZ,46000.0,0.261
natural_gas,1999,8,LT,264210.0,1.327
natural_gas,1999,8,NL,1.0,0.002
natural_gas,1999,8,NO,90875708.0,249.898
natural_gas,1999,8,PL,330130.0,2.036
natural_gas,1999,8,RU,446579125.0,1118.073
natural_gas,1999,8,SK,3717460.0,18.259
natural_gas,1999,8,UA,155800.0,0.621
natural_gas,1999,8,US,1.0,0.001
natural_gas,1999,9,AT,125571.0,1.162
natural_gas,1999,9,CH,9.0,0.005
natural_gas,1999,9,CZ,72500.0,0.295
natural_gas,1999,9,DE,16780821.0,46.04
natural_gas,1999,9,FI,6.0,0.003
natural_gas,1999,9,FR,1573.0,0.111
natural_gas,1999,9,HR,263200.0,2.918
natural_gas,1999,9,HU,419620.0,4.145
natural_gas,1999,9,IT,8208.0,1.202
natural_gas,1999,9,NL,3.0,0.002
natural_gas,1999,9,NO,108861116.0,258.597
natural_gas,1999,9,PL,247230.0,1.855
natural_gas,1999,9,RU,305093134.0,754.484
natural_gas,1999,9,SK,4966930.0,25.745
natural_gas,1999,9,UA,524800.0,1.951
natural_gas,1999,10,AT,660625.0,6.081
natural_gas,1999,10,DE,33207089.0,96.692
natural_gas,1999,10,FR,1077.0,0.08
natural_gas,1999,10,HU,332340.0,3.295
natural_gas,1999,10,IT,479.0,0.031
natural_gas,1999,10,NO,145338398.0,393.741
natural_gas,1999,10,PL,544030.0,4.075
natural_gas,1999,10,RU,580158385.0,1210.315
natural_gas,1999,10,SK,2952190.0,16.735
natural_gas,1999,10,UA,254050.0,0.976
natural_gas,1999,10,US,27.0,0.007
natural_gas,1999,11,AT,363092.0,3.508
natural_gas,1999,11,BE,177788.0,2.018
natural_gas,1999,11,CZ,14500.0,0.059
natural_gas,1999,11,DE,31879747.0,100.018
natural_gas,1999,11,FR,1301.0,0.079
natural_gas,1999,11,IT,674.0,0.063
natural_gas,1999,11,NL,1.0,0.0
natural_gas,1999,11,NO,159187476.0,451.1
natural_gas,1999,11,PL,582230.0,4.926
natural_gas,1999,11,RU,803536972.0,1608.482
natural_gas,1999,11,SK,1650310.0,10.192
natural_gas,1999,11,UA,224800.0,1.234
natural_gas,1999,11,US,1.0,0.001
natural_gas,1999,12,AT,809931.0,8.269
natural_gas,1999,12,BE,19820.0,0.251
natural_gas,1999,12,CZ,22500.0,0.099
natural_gas,1999,12,DE,80835314.0,237.958
natural_gas,1999,12,FR,1.0,0.0
natural_gas,1999,12,HR,313880.0,2.937
natural_gas,1999,12,HU,522800.0,5.366
natural_gas,1999,12,IT,1.0,0.0
natural_gas,1999,12,NL,1877400.0,22.098
natural_gas,1999,12,NO,164996276.0,542.029
natural_gas,1999,12,PL,1042530.0,10.394
natural_gas,1999,12,QU,24.0,0.003
natural_gas,1999,12,RU,948645195.0,1703.61
natural_gas,1999,12,SA,542450.0,6.245
natural_gas,1999,12,SK,193000.0,2.159
natural_gas,1999,12,UA,416950.0,2.516
natural_gas,1999,12,US,1.0,0.001
natural_gas,2000,1,AT,934717.0,10.447
natural_gas,2000,1,CZ,8000.0,0.036
natural_gas,2000,1,DE,22065004.0,131.35
natural_gas,2000,1,FR,1170.0,0.079
natural_gas,2000,1,HR,313600.0,2.98
natural_gas,2000,1,HU,1173650.0,13.493
natural_gas,2000,1,IT,14.0,0.001
natural_gas,2000,1,NL,1022351.0,13.216
natural_gas,2000,1,NO,164058758.0,585.526
natural_gas,2000,1,PL,1859100.0,21.204
natural_gas,2000,1,RU,1011949043.0,2169.507
natural_gas,2000,1,SA,89500.0,1.063
natural_gas,2000,1,SK,553650.0,4.022
natural_gas,2000,1,UA,331790.0,2.881
natural_gas,2000,2,AT,156152.0,1.639
natural_gas,2000,2,BE,358850.0,4.93
natural_gas,2000,2,BY,119210.0,1.27
natural_gas,2000,2,DE,22349789.0,137.455
natural_gas,2000,2,FR,2948.0,0.239
natural_gas,2000,2,HU,435900.0,5.267
natural_gas,2000,2,NL,708900.0,9.396
natural_gas,2000,2,NO,153282177.0,567.111
natural_gas,2000,2,PL,2215000.0,26.946
natural_gas,2000,2,RU,895216464.0,2110.229
natural_gas,2000,2,SK,85100.0,0.813
natural_gas,2000,3,AT,164506.0,1.778
natural_gas,2000,3,BY,917700.0,8.707
natural_gas,2000,3,DE,13470360.0,68.49
natural_gas,2000,3,FR,1143.0,0.091
natural_gas,2000,3,HU,173910.0,2.358
natural_gas,2000,3,IT,6.0,0.003
natural_gas,2000,3,NL,104450.0,1.169
natural_gas,2000,3,NO,162610948.0,632.482
natural_gas,2000,3,PL,3468100.0,7.624
natural_gas,2000,3,RU,903621967.0,2556.061
natural_gas,2000,3,SK,40000.0,0.272
natural_gas,2000,3,UA,153500.0,1.268
natural_gas,2000,3,US,4.0,0.002
natural_gas,2000,4,AT,39600.0,0.44
natural_gas,2000,4,CN,300.0,0.036
natural_gas,2000,4,DE,8394598.0,39.646
natural_gas,2000,4,FR,4637.0,0.323
natural_gas,2000,4,GB,68.0,0.13
natural_gas,2000,4,HU,300700.0,3.303
natural_gas,2000,4,IT,23.0,0.012
natural_gas,2000,4,NO,158002532.0,646.16
natural_gas,2000,4,RU,464669115.0,1833.798
natural_gas,2000,4,UA,210250.0,1.325
natural_gas,2000,5,AT,224757.0,1.911
natural_gas,2000,5,BY,39780.0,0.36
natural_gas,2000,5,DE,10510902.0,54.343
natural_gas,2000,5,FR,5500.0,0.392
natural_gas,2000,5,HU,43150.0,0.497
natural_gas,2000,5,IT,680.0,0.049
natural_gas,2000,5,LT,680800.0,6.297
natural_gas,2000,5,NO,162836969.0,714.764
natural_gas,2000,5,RU,393194290.0,2220.57
natural_gas,2000,5,SK,40000.0,0.272
natural_gas,2000,5,UA,380650.0,2.989
natural_gas,2000,5,US,1.0,0.002
natural_gas,2000,5,VN,9.0,0.001
natural_gas,2000,6,AT,2.0,0.004
natural_gas,2000,6,BY,148240.0,1.26
natural_gas,2000,6,CN,94.0,0.051
natural_gas,2000,6,DE,9913408.0,56.039
natural_gas,2000,6,FR,3287.0,0.254
natural_gas,2000,6,HU,425150.0,5.111
natural_gas,2000,6,IT,1138.0,0.08
natural_gas,2000,6,LT,831780.0,7.682
natural_gas,2000,6,LV,74180.0,0.692
natural_gas,2000,6,NO,157642222.0,740.704
natural_gas,2000,6,PL,40400.0,0.377
natural_gas,2000,6,RU,408121081.0,2560.579
natural_gas,2000,6,UA,163300.0,1.471
natural_gas,2000,6,US,10.0,0.002
natural_gas,2000,6,VN,13.0,0.001
natural_gas,2000,7,AT,94263.0,0.992
natural_gas,2000,7,BE,133350.0,1.924
natural_gas,2000,7,CH,35.0,0.023
natural_gas,2000,7,DE,10858592.0,68.949
natural_gas,2000,7,FR,6691.0,0.482
natural_gas,2000,7,HR,135220.0,1.305
natural_gas,2000,7,HU,453050.0,5.673
natural_gas,2000,7,IT,303.0,0.034
natural_gas,2000,7,LT,448520.0,3.668
natural_gas,2000,7,LV,45080.0,0.369
natural_gas,2000,7,NO,162686143.0,721.145
natural_gas,2000,7,PL,123150.0,1.311
natural_gas,2000,7,RU,483051108.0,2709.566
natural_gas,2000,7,SK,205000.0,2.241
natural_gas,2000,7,US,36.0,0.007
natural_gas,2000,8,AT,121852.0,1.403
natural_gas,2000,8,BE,133550.0,1.898
natural_gas,2000,8,BY,538020.0,4.155
natural_gas,2000,8,DE,12340018.0,85.871
natural_gas,2000,8,FR,3776.0,0.274
natural_gas,2000,8,HU,1033000.0,13.078
natural_gas,2000,8,IT,525433.0,5.427
natural_gas,2000,8,LT,225140.0,2.013
natural_gas,2000,8,NO,138487852.0,628.115
natural_gas,2000,8,PL,609810.0,6.438
natural_gas,2000,8,RU,454926043.0,2660.797
natural_gas,2000,8,SK,2176580.0,21.395
natural_gas,2000,8,UA,475350.0,3.81
natural_gas,2000,9,AT,130154.0,1.613
natural_gas,2000,9,DE,9100224.0,65.205
natural_gas,2000,9,FR,1500.0,0.109
natural_gas,2000,9,HR,2033060.0,20.965
natural_gas,2000,9,HU,589650.0,7.762
natural_gas,2000,9,IE,94.0,0.01
natural_gas,2000,9,IT,679.0,0.074
natural_gas,2000,9,LT,122050.0,1.168
natural_gas,2000,9,NL,1.0,0.001
natural_gas,2000,9,NO,159768859.0,769.848
natural_gas,2000,9,PL,86850.0,0.98
natural_gas,2000,9,RU,456912458.0,2388.408
natural_gas,2000,9,UA,849950.0,7.913
natural_gas,2000,10,AT,86994.0,1.078
natural_gas,2000,10,DE,10771852.0,86.126
natural_gas,2000,10,FR,1.0,0.003
natural_gas,2000,10,GB,1.0,0.0
natural_gas,2000,10,HR,1798840.0,25.223
natural_gas,2000,10,HU,246900.0,4.003
natural_gas,2000,10,IT,2.0,0.002
natural_gas,2000,10,NL,143.0,0.04
natural_gas,2000,10,NO,202034075.0,1054.413
natural_gas,2000,10,PL,1484827.0,24.409
natural_gas,2000,10,RU,491235849.0,2795.5
natural_gas,2000,10,SK,52000.0,0.52
natural_gas,2000,10,UA,2053400.0,21.972
natural_gas,2000,11,AT,144714.0,2.145
natural_gas,2000,11,CZ,5343.0,0.092
natural_gas,2000,11,DE,12135774.0,123.355
natural_gas,2000,11,FR,446438.0,6.358
natural_gas,2000,11,HR,2770600.0,40.451
natural_gas,2000,11,IT,108.0,0.005
natural_gas,2000,11,NL,245560.0,4.353
natural_gas,2000,11,NO,197188949.0,1136.723
natural_gas,2000,11,PL,654380.0,11.013
natural_gas,2000,11,RU,715567201.0,2747.763
natural_gas,2000,11,SE,39550.0,0.663
natural_gas,2000,11,UA,997100.0,10.824
natural_gas,2000,11,US,11.0,0.006
natural_gas,2000,12,AT,135810.0,2.252
natural_gas,2000,12,BY,69300.0,0.836
natural_gas,2000,12,DE,28466615.0,194.104
natural_gas,2000,12,FR,817.0,0.06
natural_gas,2000,12,GB,5.0,0.003
natural_gas,2000,12,HR,3050020.0,44.914
natural_gas,2000,12,IT,141.0,0.027
natural_gas,2000,12,NL,669650.0,11.89
natural_gas,2000,12,NO,202833060.0,1206.493
natural_gas,2000,12,PL,1187677.0,18.445
natural_gas,2000,12,RO,161600.0,2.622
natural_gas,2000,12,RU,787721464.0,2766.314
natural_gas,2000,12,SE,382300.0,5.844
natural_gas,2000,12,UA,303150.0,4.25
natural_gas,2000,12,US,1.0,0.002
natural_gas,2001,1,AT,154727.0,2.36
natural_gas,2001,1,CH,59.0,0.047
natural_gas,2001,1,DE,11315282.0,110.737
natural_gas,2001,1,FR,285.0,0.014
natural_gas,2001,1,HR,3356914.0,48.701
natural_gas,2001,1,IT,251.0,0.044
natural_gas,2001,1,KZ,1405860.0,21.072
natural_gas,2001,1,NL,299450.0,4.896
natural_gas,2001,1,NO,203548420.0,1182.286
natural_gas,2001,1,PL,1844211.0,4.673
natural_gas,2001,1,RU,918810992.0,3403.712
natural_gas,2001,1,SE,39550.0,0.557
natural_gas,2001,1,UA,2238280.0,26.282
natural_gas,2001,1,US,3.0,0.045
natural_gas,2001,2,AT,109.0,0.056
natural_gas,2001,2,DE,7134394.0,63.851
natural_gas,2001,2,FR,2301.0,0.157
natural_gas,2001,2,HR,1122380.0,14.326
natural_gas,2001,2,HU,1886000.0,23.101
natural_gas,2001,2,IT,144.0,0.011
natural_gas,2001,2,KZ,2105460.0,27.027
natural_gas,2001,2,NL,809400.0,12.542
natural_gas,2001,2,NO,183260415.0,981.847
natural_gas,2001,2,PL,228784.0,3.061
natural_gas,2001,2,RU,779398954.0,2717.514
natural_gas,2001,2,SE,131.0,0.002
natural_gas,2001,2,UA,1858800.0,18.307
natural_gas,2001,2,US,522.0,0.353
natural_gas,2001,3,AT,198509.0,2.39
natural_gas,2001,3,CH,1.0,0.001
natural_gas,2001,3,DE,5399844.0,48.642
natural_gas,2001,3,FR,5153.0,0.518
natural_gas,2001,3,GB,1.0,0.008
natural_gas,2001,3,HR,782300.0,8.044
natural_gas,2001,3,HU,1142550.0,13.162
natural_gas,2001,3,KZ,1985300.0,22.842
natural_gas,2001,3,LT,245300.0,2.788
natural_gas,2001,3,NL,181800.0,2.337
natural_gas,2001,3,NO,202117455.0,1058.489
natural_gas,2001,3,PL,126041.0,1.514
natural_gas,2001,3,RU,797412980.0,2943.245
natural_gas,2001,3,UA,1863590.0,18.392
natural_gas,2001,4,AT,39598.0,0.527
natural_gas,2001,4,DE,3070980.0,25.102
natural_gas,2001,4,FR,7985.0,0.61
natural_gas,2001,4,HR,1288540.0,11.388
natural_gas,2001,4,HU,81450.0,0.948
natural_gas,2001,4,IT,1094.0,0.115
natural_gas,2001,4,KZ,2093400.0,22.805
natural_gas,2001,4,LT,42120.0,0.458
natural_gas,2001,4,NL,136250.0,1.753
natural_gas,2001,4,NO,195139423.0,976.866
natural_gas,2001,4,PL,152790.0,1.798
natural_gas,2001,4,RU,590287680.0,3018.569
natural_gas,2001,4,SK,10000.0,0.1
natural_gas,2001,4,UA,2301870.0,19.775
natural_gas,2001,4,US,3.0,0.002
natural_gas,2001,5,AT,291.0,0.021
natural_gas,2001,5,BY,181300.0,1.471
natural_gas,2001,5,DE,3884133.0,26.393
natural_gas,2001,5,FR,2827.0,0.211
natural_gas,2001,5,HR,2837080.0,25.872
natural_gas,2001,5,IT,3024.0,0.426
natural_gas,2001,5,KZ,1913860.0,20.916
natural_gas,2001,5,LT,122140.0,1.312
natural_gas,2001,5,NL,10100.0,0.271
natural_gas,2001,5,NO,201545849.0,998.414
natural_gas,2001,5,PL,462490.0,3.799
natural_gas,2001,5,RO,74100.0,0.888
natural_gas,2001,5,RU,420241623.0,2855.388
natural_gas,2001,5,UA,965850.0,7.664
natural_gas,2001,6,AT,56985.0,1.1
natural_gas,2001,6,BY,79758.0,0.669
natural_gas,2001,6,DE,7130353.0,46.903
natural_gas,2001,6,FR,8520.0,0.713
natural_gas,2001,6,HR,1233980.0,11.184
natural_gas,2001,6,HU,558800.0,6.435
natural_gas,2001,6,IT,312629.0,2.859
natural_gas,2001,6,KZ,1380390.0,15.391
natural_gas,2001,6,LT,76040.0,0.789
natural_gas,2001,6,NL,17860.0,0.24
natural_gas,2001,6,NO,195198987.0,947.032
natural_gas,2001,6,PL,208179.0,1.687
natural_gas,2001,6,RO,43600.0,0.523
natural_gas,2001,6,RU,714555107.0,2587.314
natural_gas,2001,6,UA,1344094.0,10.545
natural_gas,2001,6,US,15.0,0.004
natural_gas,2001,6,YU,405180.0,3.648
natural_gas,2001,7,AT,87075.0,0.794
natural_gas,2001,7,BY,160160.0,0.779
natural_gas,2001,7,DE,6266684.0,50.669
natural_gas,2001,7,FR,7101.0,0.58
natural_gas,2001,7,HR,1919950.0,17.182
natural_gas,2001,7,HU,452900.0,5.054
natural_gas,2001,7,IT,631784.0,6.405
natural_gas,2001,7,KZ,2098950.0,22.971
natural_gas,2001,7,LT,63420.0,0.686
natural_gas,2001,7,NL,162.0,0.031
natural_gas,2001,7,NO,201258154.0,963.801
natural_gas,2001,7,PL,46865.0,0.532
natural_gas,2001,7,RO,113150.0,1.314
natural_gas,2001,7,RU,285505191.0,2277.44
natural_gas,2001,7,UA,340100.0,3.078
natural_gas,2001,7,US,25.0,0.009
natural_gas,2001,7,YU,135510.0,1.27
natural_gas,2001,8,AT,903.0,0.044
natural_gas,2001,8,BY,183920.0,0.865
natural_gas,2001,8,CH,1151.0,0.073
natural_gas,2001,8,DE,7474692.0,53.662
natural_gas,2001,8,FR,1530.0,0.124
natural_gas,2001,8,HR,2604230.0,21.835
natural_gas,2001,8,HU,472500.0,5.005
natural_gas,2001,8,IT,82.0,0.017
natural_gas,2001,8,KZ,1580020.0,14.963
natural_gas,2001,8,NO,201753941.0,934.847
natural_gas,2001,8,PL,56333.0,0.602
natural_gas,2001,8,RU,399414814.0,2674.959
natural_gas,2001,8,UA,163150.0,1.394
natural_gas,2001,8,US,4095.0,0.349
natural_gas,2001,9,AT,39058.0,0.377
natural_gas,2001,9,CH,1.0,0.001
natural_gas,2001,9,DE,7204350.0,52.519
natural_gas,2001,9,FR,810.0,0.063
natural_gas,2001,9,HR,982680.0,8.745
natural_gas,2001,9,HU,126600.0,1.33
natural_gas,2001,9,KZ,1674940.0,15.835
natural_gas,2001,9,NO,147746532.0,646.322
natural_gas,2001,9,PL,41320.0,0.416
natural_gas,2001,9,RU,538099617.0,2928.967
natural_gas,2001,9,SK,39920.0,0.33
natural_gas,2001,9,UA,67550.0,0.594
natural_gas,2001,9,US,3.0,0.003
natural_gas,2001,10,AT,38966.0,0.349
natural_gas,2001,10,BE,75760.0,0.7
natural_gas,2001,10,DE,7540452.0,47.724
natural_gas,2001,10,FR,1399.0,0.11
natural_gas,2001,10,HR,820960.0,7.707
natural_gas,2001,10,HU,284350.0,2.973
natural_gas,2001,10,IT,4.0,0.012
natural_gas,2001,10,JP,42.0,0.024
natural_gas,2001,10,KZ,2204790.0,20.471
natural_gas,2001,10,NO,238981242.0,1049.055
natural_gas,2001,10,PL,18725.0,0.197
natural_gas,2001,10,RU,536068934.0,2558.699
natural_gas,2001,10,UA,1371450.0,7.941
natural_gas,2001,10,US,72.0,0.033
natural_gas,2001,11,AT,19570.0,0.223
natural_gas,2001,11,CH,1.0,0.001
natural_gas,2001,11,DE,5522746.0,32.629
natural_gas,2001,11,FR,441.0,0.043
natural_gas,2001,11,GB,118350.0,1.132
natural_gas,2001,11,HR,1232980.0,10.629
natural_gas,2001,11,HU,80000.0,0.853
natural_gas,2001,11,KZ,2633810.0,23.06
natural_gas,2001,11,NL,247.0,0.032
natural_gas,2001,11,NO,231104076.0,988.975
natural_gas,2001,11,PL,312000.0,3.009
natural_gas,2001,11,RU,767922845.0,2789.959
natural_gas,2001,11,SK,23000.0,0.219
natural_gas,2001,11,UA,197560.0,1.097
natural_gas,2001,11,US,5.0,0.002
natural_gas,2001,12,AT,64717.0,0.614
natural_gas,2001,12,BE,283430.0,2.237
natural_gas,2001,12,CN,30.0,0.004
natural_gas,2001,12,DE,3690884.0,33.789
natural_gas,2001,12,DK,200.0,0.163
natural_gas,2001,12,GB,157850.0,1.316
natural_gas,2001,12,HR,754680.0,5.697
natural_gas,2001,12,HU,376500.0,3.635
natural_gas,2001,12,IT,157.0,0.041
natural_gas,2001,12,KZ,1678320.0,14.072
natural_gas,2001,12,NL,579010.0,5.371
natural_gas,2001,12,NO,124847543.0,749.415
natural_gas,2001,12,PL,1306600.0,11.839
natural_gas,2001,12,RU,690526009.0,2972.657
natural_gas,2001,12,SK,34000.0,0.334
natural_gas,2001,12,UA,2296080.0,11.961
natural_gas,2001,12,US,3.0,0.004
natural_gas,2002,1,AT,84700.0,0.712
natural_gas,2002,1,BE,303020.0,2.99
natural_gas,2002,1,DE,2840801.0,25.893
natural_gas,2002,1,FR,475.0,0.065
natural_gas,2002,1,GB,118286.0,0.868
natural_gas,2002,1,HR,1639570.0,13.343
natural_gas,2002,1,HU,799600.0,7.833
natural_gas,2002,1,IT,38.0,0.013
natural_gas,2002,1,KR,12.0,0.001
natural_gas,2002,1,KZ,2070540.0,18.434
natural_gas,2002,1,LT,313140.0,2.25
natural_gas,2002,1,NL,181150.0,1.769
natural_gas,2002,1,NO,145430269.0,811.426
natural_gas,2002,1,PL,1424850.0,11.853
natural_gas,2002,1,RU,607902905.0,2427.135
natural_gas,2002,1,SE,37850.0,0.393
natural_gas,2002,1,SK,879000.0,6.899
natural_gas,2002,1,UA,1348040.0,7.147
natural_gas,2002,2,AT,85250.0,0.759
natural_gas,2002,2,BE,44750.0,0.43
natural_gas,2002,2,DE,3886311.0,33.851
natural_gas,2002,2,FI,115450.0,1.163
natural_gas,2002,2,FR,2868.0,0.159
natural_gas,2002,2,HR,1462020.0,11.848
natural_gas,2002,2,HU,342200.0,3.088
natural_gas,2002,2,IT,697.0,0.064
natural_gas,2002,2,KZ,1972760.0,17.963
natural_gas,2002,2,NL,136100.0,1.233
natural_gas,2002,2,NO,132811525.0,712.094
natural_gas,2002,2,PL,295900.0,2.986
natural_gas,2002,2,RU,536806409.0,2094.881
natural_gas,2002,2,SE,313628.0,3.03
natural_gas,2002,2,UA,1898048.0,9.465
natural_gas,2002,3,AT,82.0,0.025
natural_gas,2002,3,DE,2061408.0,17.338
natural_gas,2002,3,ES,8.0,0.003
natural_gas,2002,3,FI,119300.0,1.014
natural_gas,2002,3,FR,4088.0,0.304
natural_gas,2002,3,HR,1196000.0,8.782
natural_gas,2002,3,HU,182210.0,1.677
natural_gas,2002,3,IT,217.0,0.027
natural_gas,2002,3,KZ,4302540.0,33.265
natural_gas,2002,3,NO,148273834.0,745.056
natural_gas,2002,3,PL,212050.0,1.81
natural_gas,2002,3,RU,512916029.0,2095.438
natural_gas,2002,3,SE,39450.0,0.335
natural_gas,2002,3,UA,2167146.0,10.93
natural_gas,2002,3,US,17.0,0.002
natural_gas,2002,4,AT,71.0,0.03
natural_gas,2002,4,CH,60.0,0.2
natural_gas,2002,4,DE,3891617.0,28.729
natural_gas,2002,4,FR,2845.0,0.209
natural_gas,2002,4,HR,1729240.0,12.571
natural_gas,2002,4,HU,325350.0,2.842
natural_gas,2002,4,IT,4421.0,0.818
natural_gas,2002,4,KZ,1516210.0,12.511
natural_gas,2002,4,NO,148439378.0,719.799
natural_gas,2002,4,PL,44750.0,0.364
natural_gas,2002,4,RU,334708178.0,2004.519
natural_gas,2002,4,UA,3257350.0,18.451
natural_gas,2002,5,AT,121.0,0.025
natural_gas,2002,5,DE,2554673.0,18.504
natural_gas,2002,5,FR,10168.0,0.708
natural_gas,2002,5,HR,842820.0,5.19
natural_gas,2002,5,HU,141300.0,1.322
natural_gas,2002,5,IT,1525.0,0.139
natural_gas,2002,5,KZ,2480550.0,19.549
natural_gas,2002,5,NL,18.0,0.006
natural_gas,2002,5,NO,162771523.0,764.385
natural_gas,2002,5,PL,47265.0,0.354
natural_gas,2002,5,RU,314912509.0,2010.582
natural_gas,2002,5,UA,2374450.0,14.033
natural_gas,2002,5,US,4122.0,0.348
natural_gas,2002,6,AT,764.0,0.058
natural_gas,2002,6,DE,2845570.0,20.977
natural_gas,2002,6,ES,4.0,0.002
natural_gas,2002,6,FR,9185.0,0.753
natural_gas,2002,6,HR,4459980.0,28.512
natural_gas,2002,6,HU,381550.0,3.159
natural_gas,2002,6,IT,142.0,0.033
natural_gas,2002,6,KR,31.0,0.002
natural_gas,2002,6,KZ,794090.0,6.116
natural_gas,2002,6,NL,1050.0,0.017
natural_gas,2002,6,NO,157440961.0,752.222
natural_gas,2002,6,PL,97305.0,0.802
natural_gas,2002,6,RU,513816840.0,1814.181
natural_gas,2002,6,SK,106720.0,0.647
natural_gas,2002,6,UA,821610.0,4.969
natural_gas,2002,6,US,46870.0,0.332
natural_gas,2002,7,AT,42455.0,0.271
natural_gas,2002,7,DE,2295421.0,16.603
natural_gas,2002,7,FR,6119.0,0.455
natural_gas,2002,7,HR,5031230.0,29.174
natural_gas,2002,7,HU,1360300.0,9.337
natural_gas,2002,7,IT,121.0,0.045
natural_gas,2002,7,KR,17.0,0.001
natural_gas,2002,7,KZ,1263710.0,8.801
natural_gas,2002,7,NO,162788855.0,869.372
natural_gas,2002,7,PL,55117.0,0.429
natural_gas,2002,7,RU,237335529.0,1565.941
natural_gas,2002,7,SK,547620.0,3.332
natural_gas,2002,7,UA,1937400.0,10.676
natural_gas,2002,7,US,5.0,0.022
natural_gas,2002,8,AT,492235.0,3.469
natural_gas,2002,8,DE,3260707.0,23.242
natural_gas,2002,8,FR,5123.0,0.355
natural_gas,2002,8,HR,3451240.0,21.295
natural_gas,2002,8,HU,435000.0,3.429
natural_gas,2002,8,IT,408.0,0.062
natural_gas,2002,8,KR,38.0,0.003
natural_gas,2002,8,KZ,1747810.0,12.627
natural_gas,2002,8,NO,162644573.0,868.448
natural_gas,2002,8,PL,303515.0,2.285
natural_gas,2002,8,RU,198663897.0,1511.601
natural_gas,2002,8,SK,547850.0,3.425
natural_gas,2002,8,UA,1209110.0,6.527
natural_gas,2002,8,US,24.0,0.011
natural_gas,2002,9,AT,263.0,0.035
natural_gas,2002,9,DE,2737042.0,21.258
natural_gas,2002,9,FR,168.0,0.026
natural_gas,2002,9,HR,4767930.0,33.996
natural_gas,2002,9,HU,247990.0,2.203
natural_gas,2002,9,KZ,2194440.0,17.432
natural_gas,2002,9,NL,18983.0,0.186
natural_gas,2002,9,NO,114351996.0,695.186
natural_gas,2002,9,PL,140050.0,1.063
natural_gas,2002,9,RU,274285131.0,1738.438
natural_gas,2002,9,SK,558210.0,4.046
natural_gas,2002,9,UA,1006000.0,6.016
natural_gas,2002,9,US,5.0,0.003
natural_gas,2002,10,AT,45399.0,0.269
natural_gas,2002,10,DE,2876526.0,23.153
natural_gas,2002,10,FR,263.0,0.025
natural_gas,2002,10,GB,157700.0,1.624
natural_gas,2002,10,HR,3145370.0,26.28
natural_gas,2002,10,HU,628400.0,6.193
natural_gas,2002,10,IT,3336.0,0.506
natural_gas,2002,10,KZ,3115500.0,25.617
natural_gas,2002,10,NO,165231044.0,836.008
natural_gas,2002,10,PL,232420.0,2.138
natural_gas,2002,10,RU,458673739.0,2404.411
natural_gas,2002,10,UA,412250.0,2.455
natural_gas,2002,10,US,13.0,0.006
natural_gas,2002,11,AT,77658.0,0.744
natural_gas,2002,11,CH,35.0,0.072
natural_gas,2002,11,DE,2508703.0,23.783
natural_gas,2002,11,FR,1721.0,0.169
natural_gas,2002,11,GB,176100.0,1.818
natural_gas,2002,11,HR,3795620.0,36.449
natural_gas,2002,11,HU,572590.0,5.897
natural_gas,2002,11,IT,214.0,0.049
natural_gas,2002,11,KZ,2651230.0,25.01
natural_gas,2002,11,NL,122750.0,1.158
natural_gas,2002,11,NO,161807752.0,1018.247
natural_gas,2002,11,PL,39500.0,0.391
natural_gas,2002,11,RU,515819377.0,2444.004
natural_gas,2002,11,SK,534380.0,4.274
natural_gas,2002,11,UA,676970.0,5.038
natural_gas,2002,11,US,4117.0,0.342
natural_gas,2002,12,AT,206000.0,2.007
natural_gas,2002,12,DE,3537491.0,33.905
natural_gas,2002,12,FR,249.0,0.012
natural_gas,2002,12,HR,2793820.0,27.352
natural_gas,2002,12,HU,561500.0,5.792
natural_gas,2002,12,IT,330.0,0.097
natural_gas,2002,12,KZ,2385440.0,23.04
natural_gas,2002,12,LT,83020.0,0.801
natural_gas,2002,12,NL,174550.0,1.878
natural_gas,2002,12,NO,156015051.0,868.813
natural_gas,2002,12,PL,42780.0,0.437
natural_gas,2002,12,RU,665034365.0,2428.237
natural_gas,2002,12,UA,1407250.0,9.146
natural_gas,2003,1,AT,205107.0,2.36
natural_gas,2003,1,BE,19540.0,0.221
natural_gas,2003,1,DE,2697084.0,28.039
natural_gas,2003,1,FR,740.0,0.066
natural_gas,2003,1,HR,1902020.0,19.713
natural_gas,2003,1,HU,1462450.0,17.684
natural_gas,2003,1,IT,130.0,0.017
natural_gas,2003,1,KZ,2911240.0,30.179
natural_gas,2003,1,NL,598430.0,6.958
natural_gas,2003,1,NO,96522963.0,548.96
natural_gas,2003,1,PL,129250.0,1.319
natural_gas,2003,1,RU,611067067.0,2197.993
natural_gas,2003,1,SE,1072350.0,12.401
natural_gas,2003,1,UA,623150.0,4.127
natural_gas,2003,1,US,47.0,0.006
natural_gas,2003,2,AT,251.0,0.025
natural_gas,2003,2,BY,239300.0,2.606
natural_gas,2003,2,CH,39631.0,0.526
natural_gas,2003,2,DE,2245294.0,23.641
natural_gas,2003,2,FR,3348.0,0.241
natural_gas,2003,2,HR,642760.0,6.811
natural_gas,2003,2,HU,914450.0,11.642
natural_gas,2003,2,IT,1125.0,0.156
natural_gas,2003,2,KZ,1982910.0,22.568
natural_gas,2003,2,NL,44900.0,0.516
natural_gas,2003,2,NO,96026339.0,549.516
natural_gas,2003,2,RU,530368735.0,1896.432
natural_gas,2003,2,SK,42391.0,0.27
natural_gas,2003,2,UA,628950.0,4.248
natural_gas,2003,2,US,4101.0,0.27
natural_gas,2003,3,AT,234247.0,1.985
natural_gas,2003,3,DE,2610533.0,29.503
natural_gas,2003,3,FR,6344.0,0.459
natural_gas,2003,3,GB,166700.0,2.113
natural_gas,2003,3,HR,3046680.0,32.647
natural_gas,2003,3,HU,1193450.0,15.769
natural_gas,2003,3,IT,127.0,0.008
natural_gas,2003,3,KZ,3440390.0,45.089
natural_gas,2003,3,LT,257600.0,2.516
natural_gas,2003,3,NO,152359000.0,925.071
natural_gas,2003,3,PL,116440.0,1.385
natural_gas,2003,3,RU,555530971.0,2489.268
natural_gas,2003,3,SK,16581.0,0.107
natural_gas,2003,3,UA,529870.0,5.073
natural_gas,2003,3,US,22.0,0.006
natural_gas,2003,4,AT,37.0,0.012
natural_gas,2003,4,DE,2297131.0,24.051
natural_gas,2003,4,HR,3281120.0,26.197
natural_gas,2003,4,HU,500300.0,4.985
natural_gas,2003,4,IT,94.0,0.028
natural_gas,2003,4,KZ,1995240.0,19.408
natural_gas,2003,4,LT,189360.0,1.793
natural_gas,2003,4,NL,596460.0,4.441
natural_gas,2003,4,NO,158334716.0,981.76
natural_gas,2003,4,PL,444989.0,4.201
natural_gas,2003,4,RU,389588082.0,2238.117
natural_gas,2003,4,SK,1204973.0,10.434
natural_gas,2003,4,UA,1104270.0,10.453
natural_gas,2003,4,US,7.0,0.006
natural_gas,2003,5,AT,574850.0,3.869
natural_gas,2003,5,DE,3088091.0,29.127
natural_gas,2003,5,FR,7254.0,0.535
natural_gas,2003,5,HR,1994920.0,13.751
natural_gas,2003,5,HU,580800.0,4.688
natural_gas,2003,5,IT,760678.0,4.56
natural_gas,2003,5,KR,10.0,0.002
natural_gas,2003,5,KZ,2284340.0,18.098
natural_gas,2003,5,NL,1379650.0,9.13
natural_gas,2003,5,NO,156542244.0,935.023
natural_gas,2003,5,PL,29560.0,0.268
natural_gas,2003,5,RU,290845077.0,2254.968
natural_gas,2003,5,SK,1551084.0,11.797
natural_gas,2003,5,UA,119660.0,0.768
natural_gas,2003,5,US,7.0,0.004
natural_gas,2003,6,AT,45197.0,0.19
natural_gas,2003,6,CH,6.0,0.004
natural_gas,2003,6,DE,2896708.0,23.198
natural_gas,2003,6,FR,6587.0,0.486
natural_gas,2003,6,GB,98.0,0.027
natural_gas,2003,6,HR,3912920.0,23.472
natural_gas,2003,6,HU,515550.0,3.84
natural_gas,2003,6,IT,1425999.0,9.426
natural_gas,2003,6,KZ,1457790.0,11.021
natural_gas,2003,6,NO,157847691.0,848.236
natural_gas,2003,6,PL,354340.0,2.465
natural_gas,2003,6,RU,245768390.0,1888.022
natural_gas,2003,6,SK,413240.0,2.551
natural_gas,2003,6,UA,49430.0,0.338
natural_gas,2003,7,AT,85042.0,0.42
natural_gas,2003,7,DE,4501383.0,32.017
natural_gas,2003,7,FR,7698.0,0.621
natural_gas,2003,7,HR,2581950.0,16.573
natural_gas,2003,7,HU,933000.0,7.487
natural_gas,2003,7,IT,2108249.0,11.755
natural_gas,2003,7,KR,20.0,0.001
natural_gas,2003,7,KZ,1970698.0,15.769
natural_gas,2003,7,NO,173765553.0,905.603
natural_gas,2003,7,PL,376140.0,2.826
natural_gas,2003,7,RU,249961100.0,1898.63
natural_gas,2003,7,SK,1087440.0,6.804
natural_gas,2003,7,US,2.0,0.002
natural_gas,2003,8,AT,697.0,0.062
natural_gas,2003,8,DE,3111404.0,24.585
natural_gas,2003,8,FR,2174.0,0.173
natural_gas,2003,8,HR,2392490.0,16.554
natural_gas,2003,8,HU,402700.0,3.445
natural_gas,2003,8,IT,486024.0,3.363
natural_gas,2003,8,KZ,1334480.0,11.158
natural_gas,2003,8,NO,173806683.0,935.48
natural_gas,2003,8,RU,331359690.0,2382.519
natural_gas,2003,8,SK,1683007.0,11.383
natural_gas,2003,8,US,3.0,0.014
natural_gas,2003,9,AT,38600.0,0.272
natural_gas,2003,9,DE,3943499.0,36.592
natural_gas,2003,9,FR,472149.0,4.266
natural_gas,2003,9,GB,27.0,0.003
natural_gas,2003,9,HR,2037120.0,17.702
natural_gas,2003,9,HU,682650.0,6.219
natural_gas,2003,9,IT,223357.0,1.875
natural_gas,2003,9,KR,10.0,0.002
natural_gas,2003,9,KZ,1234730.0,10.788
natural_gas,2003,9,NO,139584570.0,770.691
natural_gas,2003,9,PL,275440.0,2.633
natural_gas,2003,9,RU,250951250.0,1867.464
natural_gas,2003,9,SE,460700.0,4.651
natural_gas,2003,9,SK,848649.0,6.119
natural_gas,2003,9,US,28.0,0.008
natural_gas,2003,10,AT,40108.0,0.433
natural_gas,2003,10,DE,3583126.0,35.004
natural_gas,2003,10,FR,451030.0,3.496
natural_gas,2003,10,GB,14.0,0.007
natural_gas,2003,10,HR,2071060.0,17.795
natural_gas,2003,10,HU,571100.0,5.293
natural_gas,2003,10,IT,443.0,0.045
natural_gas,2003,10,KZ,2043010.0,17.62
natural_gas,2003,10,NL,210000.0,1.868
natural_gas,2003,10,NO,155225727.0,840.485
natural_gas,2003,10,RU,432347506.0,2414.695
natural_gas,2003,10,SK,1420041.0,9.671
natural_gas,2003,10,US,4.0,0.002
natural_gas,2003,11,AT,198750.0,2.031
natural_gas,2003,11,DE,1964043.0,19.857
natural_gas,2003,11,FR,507950.0,3.49
natural_gas,2003,11,GB,149.0,0.02
natural_gas,2003,11,HR,721520.0,6.132
natural_gas,2003,11,HU,775350.0,7.419
natural_gas,2003,11,IT,694.0,0.13
natural_gas,2003,11,KZ,2916360.0,25.124
natural_gas,2003,11,NL,671599.0,6.739
natural_gas,2003,11,NO,140067371.0,716.848
natural_gas,2003,11,PL,119080.0,1.21
natural_gas,2003,11,RU,509283946.0,2391.222
natural_gas,2003,11,SK,237752.0,1.52
natural_gas,2003,11,UA,209240.0,1.761
natural_gas,2003,11,US,10.0,0.002
natural_gas,2003,12,AT,41.0,0.016
natural_gas,2003,12,BE,178900.0,2.125
natural_gas,2003,12,DE,2139156.0,22.061
natural_gas,2003,12,FR,470.0,0.035
natural_gas,2003,12,HR,507280.0,4.912
natural_gas,2003,12,HU,690200.0,7.182
natural_gas,2003,12,IT,89122.0,0.874
natural_gas,2003,12,KZ,4232000.0,40.847
natural_gas,2003,12,NL,561047.0,5.953
natural_gas,2003,12,NO,142044990.0,733.786
natural_gas,2003,12,PL,397140.0,3.882
natural_gas,2003,12,RU,647046317.0,2518.605
natural_gas,2003,12,SE,269800.0,2.932
natural_gas,2003,12,SK,2150.0,0.014
natural_gas,2003,12,TW,66.0,0.003
natural_gas,2003,12,UA,2054150.0,15.859
natural_gas,2003,12,US,4095.0,0.243
natural_gas,2004,1,AT,447.0,0.043
natural_gas,2004,1,DE,1478280.0,14.358
natural_gas,2004,1,FR,2492.0,0.278
natural_gas,2004,1,HR,930740.0,8.759
natural_gas,2004,1,HU,583300.0,5.896
natural_gas,2004,1,KR,180.0,0.012
natural_gas,2004,1,KZ,4643530.0,44.682
natural_gas,2004,1,NL,39650.0,0.503
natural_gas,2004,1,NO,131991766.0,657.107
natural_gas,2004,1,PL,594780.0,5.123
natural_gas,2004,1,RU,655535102.0,2295.084
natural_gas,2004,1,SK,61589.0,0.38
natural_gas,2004,1,TW,75.0,0.005
natural_gas,2004,1,UA,2308590.0,19.182
natural_gas,2004,1,US,46.0,0.015
natural_gas,2004,2,AT,40.0,0.011
natural_gas,2004,2,DE,2401169.0,23.121
natural_gas,2004,2,FR,76.0,0.045
natural_gas,2004,2,GB,101.0,0.014
natural_gas,2004,2,HR,828860.0,7.751
natural_gas,2004,2,HU,342880.0,3.5
natural_gas,2004,2,IT,355537.0,3.59
natural_gas,2004,2,KR,164.0,0.01
natural_gas,2004,2,KZ,4086590.0,40.444
natural_gas,2004,2,NO,122407119.0,603.761
natural_gas,2004,2,PL,901500.0,8.665
natural_gas,2004,2,RO,81650.0,0.805
natural_gas,2004,2,RU,559306810.0,1963.321
natural_gas,2004,2,SE,135100.0,1.272
natural_gas,2004,2,SK,56013.0,0.337
natural_gas,2004,2,UA,109270.0,0.828
natural_gas,2004,3,AT,84717.0,0.957
natural_gas,2004,3,BY,503100.0,4.614
natural_gas,2004,3,CH,10.0,0.014
natural_gas,2004,3,DE,1246237.0,12.703
natural_gas,2004,3,DK,115.0,0.027
natural_gas,2004,3,FR,9043.0,0.975
natural_gas,2004,3,HR,1367860.0,12.577
natural_gas,2004,3,HU,661150.0,6.318
natural_gas,2004,3,IT,162.0,0.021
natural_gas,2004,3,KR,324.0,0.023
natural_gas,2004,3,KZ,4621610.0,44.296
natural_gas,2004,3,NL,9.0,0.024
natural_gas,2004,3,NO,136084830.0,692.075
natural_gas,2004,3,PL,433640.0,4.149
natural_gas,2004,3,RU,529918150.0,1992.369
natural_gas,2004,3,SK,534790.0,4.242
natural_gas,2004,3,TW,230.0,0.015
natural_gas,2004,3,UA,655360.0,4.947
natural_gas,2004,4,AT,44023.0,0.389
natural_gas,2004,4,BY,87970.0,0.641
natural_gas,2004,4,CH,426156.0,3.754
natural_gas,2004,4,DE,2032703.0,19.513
natural_gas,2004,4,FR,6134.0,0.775
natural_gas,2004,4,GB,12.0,0.014
natural_gas,2004,4,HR,1316960.0,11.122
natural_gas,2004,4,HU,573050.0,5.441
natural_gas,2004,4,IT,3259366.0,26.434
natural_gas,2004,4,KR,235.0,0.017
natural_gas,2004,4,KZ,3273070.0,31.031
natural_gas,2004,4,PL,159500.0,1.485
natural_gas,2004,4,RU,430117726.0,2409.723
natural_gas,2004,4,SK,1603088.0,13.893
natural_gas,2004,4,TW,140.0,0.026
natural_gas,2004,4,UA,305040.0,2.606
natural_gas,2004,4,_RESIDUAL,154273187.0,827.74
natural_gas,2004,5,CH,457350.0,3.699
natural_gas,2004,5,DE,1484367.0,14.079
natural_gas,2004,5,FR,8903.0,0.809
natural_gas,2004,5,HR,1696380.0,13.298
natural_gas,2004,5,HU,2150990.0,17.283
natural_gas,2004,5,IT,2077305.0,15.201
natural_gas,2004,5,KR,480.0,0.034
natural_gas,2004,5,KZ,2482730.0,24.253
natural_gas,2004,5,RU,422730511.0,2009.15
natural_gas,2004,5,SK,3288430.0,28.388
natural_gas,2004,5,UA,450710.0,4.051
natural_gas,2004,5,_RESIDUAL,113668035.0,760.881
natural_gas,2004,6,AT,44515.0,0.386
natural_gas,2004,6,CH,437900.0,3.357
natural_gas,2004,6,CN,1.0,0.0
natural_gas,2004,6,DE,3961412.0,35.687
natural_gas,2004,6,FR,3.0,0.0
natural_gas,2004,6,GB,626.0,0.082
natural_gas,2004,6,HR,1093960.0,9.097
natural_gas,2004,6,HU,1957750.0,15.448
natural_gas,2004,6,IT,1678745.0,10.768
natural_gas,2004,6,KZ,2375660.0,23.114
natural_gas,2004,6,PL,400.0,0.025
natural_gas,2004,6,RU,411059090.0,1957.404
natural_gas,2004,6,UA,58360.0,0.522
natural_gas,2004,6,_RESIDUAL,112858737.0,782.235
natural_gas,2004,7,AT,20223.0,0.552
natural_gas,2004,7,CH,400000.0,3.278
natural_gas,2004,7,DE,2412749.0,21.534
natural_gas,2004,7,FR,8389.0,0.867
natural_gas,2004,7,HR,1248030.0,9.984
natural_gas,2004,7,HU,2181230.0,16.888
natural_gas,2004,7,IT,406048.0,3.048
natural_gas,2004,7,KR,357.0,0.025
natural_gas,2004,7,KZ,1353570.0,12.837
natural_gas,2004,7,NL,849500.0,8.258
natural_gas,2004,7,RU,303577007.0,1573.45
natural_gas,2004,7,UA,1183180.0,11.732
natural_gas,2004,7,US,49.0,0.003
natural_gas,2004,7,_RESIDUAL,113800583.0,789.028
natural_gas,2004,8,BE,5.0,0.002
natural_gas,2004,8,CH,9871370.0,11.81
natural_gas,2004,8,DE,3024480.0,27.723
natural_gas,2004,8,FR,6504.0,0.622
natural_gas,2004,8,GB,639.0,0.082
natural_gas,2004,8,HR,2057400.0,19.44
natural_gas,2004,8,HU,263160.0,2.304
natural_gas,2004,8,IT,14.0,0.002
natural_gas,2004,8,KR,288.0,0.02
natural_gas,2004,8,KZ,1359970.0,13.475
natural_gas,2004,8,RU,261062016.0,1361.865
natural_gas,2004,8,UA,173120.0,1.772
natural_gas,2004,8,US,4095.0,0.269
natural_gas,2004,8,_RESIDUAL,95696490.0,690.625
natural_gas,2004,9,AT,20001.0,0.323
natural_gas,2004,9,BE,3.0,0.001
natural_gas,2004,9,DE,1841353.0,20.202
natural_gas,2004,9,FR,2052.0,0.183
natural_gas,2004,9,HR,1909420.0,22.001
natural_gas,2004,9,IT,521570.0,3.965
natural_gas,2004,9,KR,120.0,0.011
natural_gas,2004,9,KZ,2617720.0,29.253
natural_gas,2004,9,NO,34875534.0,332.642
natural_gas,2004,9,PL,178924.0,0.669
natural_gas,2004,9,RU,319676456.0,1660.94
natural_gas,2004,9,SK,1649051.0,14.672
natural_gas,2004,9,TW,353.0,0.061
natural_gas,2004,9,UA,642410.0,6.505
natural_gas,2004,10,AT,150002.0,2.061
natural_gas,2004,10,BE,90510.0,1.242
natural_gas,2004,10,DE,6768014.0,48.017
natural_gas,2004,10,FR,529557.0,6.503
natural_gas,2004,10,GB,30.0,0.079
natural_gas,2004,10,HR,1388120.0,17.027
natural_gas,2004,10,HU,81200.0,1.103
natural_gas,2004,10,IT,130325.0,1.514
natural_gas,2004,10,KR,15.0,0.004
natural_gas,2004,10,KZ,2414020.0,30.685
natural_gas,2004,10,NO,107028805.0,816.334
natural_gas,2004,10,PL,620542.0,6.133
natural_gas,2004,10,RU,364223388.0,1935.41
natural_gas,2004,10,SK,526760.0,5.736
natural_gas,2004,10,TW,4.0,0.001
natural_gas,2004,10,UA,518560.0,6.09
natural_gas,2004,10,US,21.0,0.011
natural_gas,2004,11,AT,1070500.0,11.826
natural_gas,2004,11,BE,161852.0,2.178
natural_gas,2004,11,DE,3208896.0,39.916
natural_gas,2004,11,FR,3229.0,0.228
natural_gas,2004,11,HR,1018300.0,13.29
natural_gas,2004,11,HU,280300.0,3.684
natural_gas,2004,11,IT,221358.0,2.561
natural_gas,2004,11,KZ,2773460.0,35.38
natural_gas,2004,11,NL,654060.0,8.152
natural_gas,2004,11,NO,104040444.0,834.443
natural_gas,2004,11,PL,965524.0,7.797
natural_gas,2004,11,QU,12.0,0.001
natural_gas,2004,11,RU,418328261.0,2302.872
natural_gas,2004,11,UA,345460.0,4.071
natural_gas,2004,11,US,4107.0,0.287
natural_gas,2004,12,AT,17000.0,0.299
natural_gas,2004,12,BE,561501.0,7.204
natural_gas,2004,12,DE,2646367.0,31.121
natural_gas,2004,12,FR,21.0,0.007
natural_gas,2004,12,GB,1.0,0.0
natural_gas,2004,12,HR,169100.0,2.144
natural_gas,2004,12,IT,219327.0,2.369
natural_gas,2004,12,KR,174.0,0.013
natural_gas,2004,12,KZ,2212880.0,26.484
natural_gas,2004,12,NL,387175.0,5.0
natural_gas,2004,12,NO,107702333.0,860.549
natural_gas,2004,12,PL,1791971.0,18.18
natural_gas,2004,12,QU,13.0,0.001
natural_gas,2004,12,RU,364873622.0,2026.389
natural_gas,2004,12,TW,91.0,0.016
natural_gas,2004,12,UA,821270.0,8.838
natural_gas,2005,1,AT,17000.0,0.28
natural_gas,2005,1,BE,45159.0,0.56
natural_gas,2005,1,BY,319100.0,3.084
natural_gas,2005,1,DE,1948110.0,21.774
natural_gas,2005,1,FR,1489.0,0.117
natural_gas,2005,1,HR,559880.0,5.789
natural_gas,2005,1,HU,516300.0,5.178
natural_gas,2005,1,IT,220734.0,1.976
natural_gas,2005,1,KR,9.0,0.001
natural_gas,2005,1,KZ,2618780.0,29.035
natural_gas,2005,1,NL,8.0,0.019
natural_gas,2005,1,NO,85755740.0,586.94
natural_gas,2005,1,PL,1015810.0,7.551
natural_gas,2005,1,QU,24.0,0.002
natural_gas,2005,1,RU,398922125.0,2095.576
natural_gas,2005,1,SE,109.0,0.019
natural_gas,2005,1,UA,475100.0,4.694
natural_gas,2005,1,US,32.0,0.007
natural_gas,2005,2,BE,6.0,0.002
natural_gas,2005,2,BY,227300.0,2.049
natural_gas,2005,2,DE,1545784.0,18.044
natural_gas,2005,2,FR,3753.0,0.421
natural_gas,2005,2,HR,1074400.0,10.673
natural_gas,2005,2,HU,491350.0,4.916
natural_gas,2005,2,IT,90066.0,0.887
natural_gas,2005,2,KR,208.0,0.014
natural_gas,2005,2,KZ,3354130.0,33.425
natural_gas,2005,2,NL,168850.0,1.747
natural_gas,2005,2,NO,77367613.0,541.765
natural_gas,2005,2,PL,941939.0,5.054
natural_gas,2005,2,QU,24.0,0.002
natural_gas,2005,2,RU,728058629.0,3856.187
natural_gas,2005,2,TW,4.0,0.001
natural_gas,2005,2,UA,574360.0,5.863
natural_gas,2005,2,_RESIDUAL,532645.0,5.19
natural_gas,2005,3,AT,17000.0,0.272
natural_gas,2005,3,BY,760000.0,7.461
natural_gas,2005,3,DE,2037176.0,21.917
natural_gas,2005,3,FR,9474.0,1.002
natural_gas,2005,3,HR,780440.0,7.133
natural_gas,2005,3,HU,1063100.0,8.852
natural_gas,2005,3,IT,764396.0,7.893
natural_gas,2005,3,JP,12.0,0.002
natural_gas,2005,3,KR,10.0,0.001
natural_gas,2005,3,KZ,2481100.0,27.049
natural_gas,2005,3,NO,84717614.0,584.91
natural_gas,2005,3,PL,1480941.0,10.254
natural_gas,2005,3,RU,594919300.0,3430.583
natural_gas,2005,3,TW,447.0,0.034
natural_gas,2005,3,UA,507760.0,5.244
natural_gas,2005,4,BE,3.0,0.001
natural_gas,2005,4,DE,2074468.0,22.193
natural_gas,2005,4,FR,10247.0,1.179
natural_gas,2005,4,GB,126.0,0.017
natural_gas,2005,4,HR,1723260.0,16.334
natural_gas,2005,4,HU,690900.0,6.944
natural_gas,2005,4,IT,1568626.0,14.462
natural_gas,2005,4,KR,813.0,0.053
natural_gas,2005,4,KZ,2754090.0,30.365
natural_gas,2005,4,NL,5.0,0.012
natural_gas,2005,4,PL,675716.0,5.523
natural_gas,2005,4,QU,12.0,0.001
natural_gas,2005,4,RU,615593240.0,3616.712
natural_gas,2005,4,SK,2215057.0,20.476
natural_gas,2005,4,UA,655390.0,6.415
natural_gas,2005,4,US,4134.0,0.281
natural_gas,2005,4,_RESIDUAL,96233371.0,688.67
natural_gas,2005,5,AT,538391.0,6.346
natural_gas,2005,5,BE,1.0,0.0
natural_gas,2005,5,CH,213700.0,1.81
natural_gas,2005,5,DE,2161169.0,21.725
natural_gas,2005,5,FR,8233.0,0.842
natural_gas,2005,5,HR,1225820.0,10.528
natural_gas,2005,5,HU,41000.0,0.414
natural_gas,2005,5,IT,843612.0,6.989
natural_gas,2005,5,KR,188.0,0.013
natural_gas,2005,5,KZ,1826430.0,18.351
natural_gas,2005,5,PL,434706.0,3.292
natural_gas,2005,5,QU,60.0,0.006
natural_gas,2005,5,RO,172750.0,1.494
natural_gas,2005,5,RU,521969337.0,3173.686
natural_gas,2005,5,UA,100210.0,0.983
natural_gas,2005,5,_RESIDUAL,98731526.0,714.725
natural_gas,2005,6,AT,34061.0,0.673
natural_gas,2005,6,BE,4.0,0.001
natural_gas,2005,6,CH,127350.0,1.118
natural_gas,2005,6,DE,2712722.0,27.655
natural_gas,2005,6,FR,2260.0,0.259
natural_gas,2005,6,GB,1000.0,0.078
natural_gas,2005,6,HR,1175260.0,10.303
natural_gas,2005,6,IT,1083770.0,7.823
natural_gas,2005,6,KR,360.0,0.024
natural_gas,2005,6,KZ,2989340.0,29.788
natural_gas,2005,6,NL,39.0,0.024
natural_gas,2005,6,NO,91998327.0,683.071
natural_gas,2005,6,PL,709293.0,5.224
natural_gas,2005,6,QU,25.0,0.015
natural_gas,2005,6,RU,489851296.0,3103.029
natural_gas,2005,6,SK,1413375.0,13.437
natural_gas,2005,6,US,13.0,0.005
natural_gas,2005,7,AT,10.0,0.012
natural_gas,2005,7,BE,30.0,0.008
natural_gas,2005,7,CH,75150.0,0.777
natural_gas,2005,7,DE,3648259.0,37.64
natural_gas,2005,7,FR,3671.0,0.392
natural_gas,2005,7,GB,1423.0,0.208
natural_gas,2005,7,HR,1158460.0,11.54
natural_gas,2005,7,IE,6.0,0.002
natural_gas,2005,7,IT,675699.0,6.329
natural_gas,2005,7,KR,264.0,0.017
natural_gas,2005,7,KZ,1236730.0,13.679
natural_gas,2005,7,NO,99151720.0,763.253
natural_gas,2005,7,PL,419000.0,4.16
natural_gas,2005,7,RU,390928975.0,2637.38
natural_gas,2005,7,SK,1414830.0,14.229
natural_gas,2005,7,US,4095.0,0.291
natural_gas,2005,8,BE,3.0,0.001
natural_gas,2005,8,CH,382000.0,3.875
natural_gas,2005,8,DE,3872694.0,43.042
natural_gas,2005,8,FR,5673.0,0.584
natural_gas,2005,8,GB,1751.0,0.098
natural_gas,2005,8,HR,1951000.0,20.32
natural_gas,2005,8,HU,257750.0,3.067
natural_gas,2005,8,IT,264302.0,2.102
natural_gas,2005,8,KR,141.0,0.009
natural_gas,2005,8,KZ,2144250.0,23.811
natural_gas,2005,8,NL,3.0,0.002
natural_gas,2005,8,NO,85480144.0,709.167
natural_gas,2005,8,PL,912740.0,10.633
natural_gas,2005,8,RU,401293249.0,3021.324
natural_gas,2005,8,SK,4232742.0,40.033
natural_gas,2005,9,BE,1.0,0.0
natural_gas,2005,9,CN,6.0,0.0
natural_gas,2005,9,DE,4995479.0,70.332
natural_gas,2005,9,DK,12.0,0.006
natural_gas,2005,9,FR,1166.0,0.1
natural_gas,2005,9,GB,540125.0,9.682
natural_gas,2005,9,HR,348980.0,4.791
natural_gas,2005,9,HU,154500.0,1.675
natural_gas,2005,9,IT,31.0,0.008
natural_gas,2005,9,JP,48.0,0.008
natural_gas,2005,9,KR,50.0,0.013
natural_gas,2005,9,KZ,2117330.0,25.872
natural_gas,2005,9,PL,859923.0,10.66
natural_gas,2005,9,RU,323012003.0,2500.775
natural_gas,2005,9,TW,264.0,0.056
natural_gas,2005,9,_RESIDUAL,52182872.0,449.05
natural_gas,2005,10,AT,1.0,0.001
natural_gas,2005,10,BE,7.0,0.003
natural_gas,2005,10,CH,902850.0,11.799
natural_gas,2005,10,CN,36.0,0.021
natural_gas,2005,10,DE,2819917.0,43.073
natural_gas,2005,10,DK,12.0,0.006
natural_gas,2005,10,FR,1111.0,0.189
natural_gas,2005,10,GB,1043300.0,19.03
natural_gas,2005,10,HR,171180.0,2.379
natural_gas,2005,10,HU,239750.0,3.34
natural_gas,2005,10,IT,633702.0,8.267
natural_gas,2005,10,KR,143.0,0.015
natural_gas,2005,10,KZ,3255810.0,47.03
natural_gas,2005,10,NL,125.0,0.012
natural_gas,2005,10,NO,133791974.0,1054.113
natural_gas,2005,10,PL,1064252.0,13.591
natural_gas,2005,10,RU,366213684.0,2891.63
natural_gas,2005,10,UA,525500.0,6.346
natural_gas,2005,10,US,22.0,0.048
natural_gas,2005,11,BE,6.0,0.003
natural_gas,2005,11,CN,73.0,0.018
natural_gas,2005,11,DE,6528861.0,97.125
natural_gas,2005,11,FR,52.0,0.01
natural_gas,2005,11,HR,522720.0,7.987
natural_gas,2005,11,HU,43700.0,0.62
natural_gas,2005,11,IT,542925.0,7.749
natural_gas,2005,11,KR,6.0,0.001
natural_gas,2005,11,KZ,2203900.0,33.476
natural_gas,2005,11,NL,621300.0,9.19
natural_gas,2005,11,PL,335108.0,1.551
natural_gas,2005,11,RU,352507721.0,2923.222
natural_gas,2005,11,_RESIDUAL,133495686.0,1123.021
natural_gas,2005,12,BE,6.0,0.002
natural_gas,2005,12,CN,125.0,0.012
natural_gas,2005,12,DE,4712962.0,66.378
natural_gas,2005,12,FR,883.0,0.062
natural_gas,2005,12,GB,1149.0,0.07
natural_gas,2005,12,HR,1593440.0,22.614
natural_gas,2005,12,HU,76750.0,1.254
natural_gas,2005,12,IT,358652.0,4.692
natural_gas,2005,12,KR,6.0,0.001
natural_gas,2005,12,KZ,2689630.0,38.861
natural_gas,2005,12,NL,521450.0,7.569
natural_gas,2005,12,PL,1285297.0,16.541
natural_gas,2005,12,RU,460153260.0,3974.428
natural_gas,2005,12,UA,431230.0,5.681
natural_gas,2005,12,_RESIDUAL,70056607.0,672.025
natural_gas,2006,1,AT,,1.028
natural_gas,2006,1,BE,,4.096
natural_gas,2006,1,BY,,1.162
natural_gas,2006,1,DE,,45.063
natural_gas,2006,1,ES,,0.016
natural_gas,2006,1,FR,,0.377
natural_gas,2006,1,HR,,14.506
natural_gas,2006,1,HU,,19.065
natural_gas,2006,1,IT,,7.231
natural_gas,2006,1,JP,,0.0
natural_gas,2006,1,KR,,0.028
natural_gas,2006,1,KZ,,63.367
natural_gas,2006,1,NL,,0.002
natural_gas,2006,1,PL,,16.01
natural_gas,2006,1,RU,,4362.428
natural_gas,2006,1,UA,,6.756
natural_gas,2006,1,_RESIDUAL,,578.865
natural_gas,2006,2,AT,,0.005
natural_gas,2006,2,BE,,0.001
natural_gas,2006,2,CH,,7.726
natural_gas,2006,2,CN,,0.052
natural_gas,2006,2,DE,,51.123
natural_gas,2006,2,FR,,0.691
natural_gas,2006,2,GB,,0.055
natural_gas,2006,2,HR,,6.635
natural_gas,2006,2,HU,,3.828
natural_gas,2006,2,IT,,5.579
natural_gas,2006,2,KR,,0.017
natural_gas,2006,2,KZ,,38.713
natural_gas,2006,2,NL,,5.596
natural_gas,2006,2,NO,,807.04
natural_gas,2006,2,PL,,30.691
natural_gas,2006,2,RU,,5044.964
natural_gas,2006,2,UA,,4.431
natural_gas,2006,3,AT,,0.0
natural_gas,2006,3,BE,,0.003
natural_gas,2006,3,CN,,0.017
natural_gas,2006,3,DE,,53.083
natural_gas,2006,3,FR,,0.466
natural_gas,2006,3,HR,,11.561
natural_gas,2006,3,HU,,6.106
natural_gas,2006,3,IT,,27.627
natural_gas,2006,3,KR,,0.037
natural_gas,2006,3,KZ,,41.829
natural_gas,2006,3,NL,,6.593
natural_gas,2006,3,NO,,1127.677
natural_gas,2006,3,PL,,21.834
natural_gas,2006,3,RU,,4251.994
natural_gas,2006,3,TW,,0.029
natural_gas,2006,3,UA,,1.244
natural_gas,2006,4,CH,,2.191
natural_gas,2006,4,DE,,32.835
natural_gas,2006,4,FR,,0.808
natural_gas,2006,4,GB,,0.237
natural_gas,2006,4,HR,,3.195
natural_gas,2006,4,IE,,0.001
natural_gas,2006,4,IT,,15.95
natural_gas,2006,4,KR,,0.024
natural_gas,2006,4,KZ,,14.823
natural_gas,2006,4,NL,,0.001
natural_gas,2006,4,PL,,22.027
natural_gas,2006,4,RU,,4896.062
natural_gas,2006,4,SK,,6.322
natural_gas,2006,4,UA,,5.06
natural_gas,2006,4,_RESIDUAL,,1005.367
natural_gas,2006,5,AT,,0.004
natural_gas,2006,5,CH,,3.894
natural_gas,2006,5,CN,,0.126
natural_gas,2006,5,DE,,43.486
natural_gas,2006,5,DK,,0.041
natural_gas,2006,5,FR,,0.481
natural_gas,2006,5,GB,,0.046
natural_gas,2006,5,GR,,0.669
natural_gas,2006,5,HR,,13.263
natural_gas,2006,5,IT,,14.725
natural_gas,2006,5,KR,,0.034
natural_gas,2006,5,KZ,,21.217
natural_gas,2006,5,NL,,0.779
natural_gas,2006,5,PL,,34.863
natural_gas,2006,5,RU,,4650.862
natural_gas,2006,5,SE,,0.024
natural_gas,2006,5,UA,,0.444
natural_gas,2006,5,_RESIDUAL,,1034.654
natural_gas,2006,6,AT,,0.019
natural_gas,2006,6,BE,,0.002
natural_gas,2006,6,CH,,1.962
natural_gas,2006,6,DE,,35.865
natural_gas,2006,6,FR,,0.71
natural_gas,2006,6,GB,,0.001
natural_gas,2006,6,HR,,1.459
natural_gas,2006,6,IT,,9.123
natural_gas,2006,6,KR,,0.013
natural_gas,2006,6,KZ,,19.472
natural_gas,2006,6,LT,,2.061
natural_gas,2006,6,NL,,0.001
natural_gas,2006,6,PL,,17.408
natural_gas,2006,6,RU,,4015.057
natural_gas,2006,6,UA,,0.903
natural_gas,2006,6,_RESIDUAL,,992.611
natural_gas,2006,7,AT,,0.032
natural_gas,2006,7,BE,,0.001
natural_gas,2006,7,CH,,4.176
natural_gas,2006,7,CN,,0.06
natural_gas,2006,7,DE,,37.938
natural_gas,2006,7,FR,,0.381
natural_gas,2006,7,GB,,0.138
natural_gas,2006,7,HR,,1.529
natural_gas,2006,7,IT,,14.651
natural_gas,2006,7,KR,,0.024
natural_gas,2006,7,KZ,,12.819
natural_gas,2006,7,LT,,0.563
natural_gas,2006,7,NL,,0.002
natural_gas,2006,7,PL,,12.144
natural_gas,2006,7,RU,,3138.829
natural_gas,2006,7,_RESIDUAL,,1114.05
natural_gas,2006,8,AT,,0.002
natural_gas,2006,8,BE,,0.001
natural_gas,2006,8,CH,,3.97
natural_gas,2006,8,DE,,37.256
natural_gas,2006,8,DK,,0.041
natural_gas,2006,8,FR,,0.241
natural_gas,2006,8,GB,,0.05
natural_gas,2006,8,HR,,7.186
natural_gas,2006,8,IT,,0.006
natural_gas,2006,8,KR,,0.009
natural_gas,2006,8,KZ,,18.829
natural_gas,2006,8,NL,,0.001
natural_gas,2006,8,PL,,36.318
natural_gas,2006,8,RU,,3743.907
natural_gas,2006,8,SE,,0.01
natural_gas,2006,8,TW,,0.037
natural_gas,2006,8,_RESIDUAL,,1164.081
natural_gas,2006,9,AT,,0.007
natural_gas,2006,9,BE,,0.003
natural_gas,2006,9,CH,,3.311
natural_gas,2006,9,DE,,41.787
natural_gas,2006,9,FR,,0.017
natural_gas,2006,9,GB,,0.019
natural_gas,2006,9,HR,,5.893
natural_gas,2006,9,IT,,8.222
natural_gas,2006,9,JP,,0.002
natural_gas,2006,9,KZ,,16.351
natural_gas,2006,9,NL,,0.002
natural_gas,2006,9,NO,,894.916
natural_gas,2006,9,PL,,17.079
natural_gas,2006,9,RU,,3884.349
natural_gas,2006,9,TW,,0.002
natural_gas,2006,10,AT,,9.244
natural_gas,2006,10,CH,,1.039
natural_gas,2006,10,DE,,45.254
natural_gas,2006,10,FR,,0.198
natural_gas,2006,10,GB,,0.0
natural_gas,2006,10,IT,,13.554
natural_gas,2006,10,JP,,0.002
natural_gas,2006,10,KR,,0.025
natural_gas,2006,10,KZ,,14.825
natural_gas,2006,10,NL,,4.794
natural_gas,2006,10,PL,,46.369
natural_gas,2006,10,RU,,2882.286
natural_gas,2006,10,_RESIDUAL,,759.215
natural_gas,2006,11,AT,,33.125
natural_gas,2006,11,BE,,8.645
natural_gas,2006,11,DE,,40.696
natural_gas,2006,11,FR,,0.001
natural_gas,2006,11,GB,,0.04
natural_gas,2006,11,HR,,3.694
natural_gas,2006,11,HU,,2.152
natural_gas,2006,11,IT,,3.163
natural_gas,2006,11,KZ,,23.166
natural_gas,2006,11,NL,,7.949
natural_gas,2006,11,NO,,615.707
natural_gas,2006,11,PL,,37.006
natural_gas,2006,11,RU,,3394.987
natural_gas,2006,12,AT,,0.003
natural_gas,2006,12,BE,,0.002
natural_gas,2006,12,DE,,56.618
natural_gas,2006,12,FR,,0.073
natural_gas,2006,12,HR,,8.79
natural_gas,2006,12,HU,,2.736
natural_gas,2006,12,IT,,6.184
natural_gas,2006,12,KR,,0.009
natural_gas,2006,12,KZ,,14.443
natural_gas,2006,12,NL,,13.329
natural_gas,2006,12,NO,,612.186
natural_gas,2006,12,PL,,33.721
natural_gas,2006,12,RU,,4893.809
natural_gas,2006,12,TW,,0.051
natural_gas,2006,12,US,,0.277
natural_gas,2007,1,AT,,2.337
natural_gas,2007,1,BE,,0.002
natural_gas,2007,1,CH,,2.675
natural_gas,2007,1,CN,,0.012
natural_gas,2007,1,DE,,27.993
natural_gas,2007,1,FR,,0.38
natural_gas,2007,1,GB,,0.0
natural_gas,2007,1,HR,,0.534
natural_gas,2007,1,IT,,9.827
natural_gas,2007,1,KR,,0.026
natural_gas,2007,1,KZ,,23.088
natural_gas,2007,1,NL,,8.464
natural_gas,2007,1,PL,,11.661
natural_gas,2007,1,RU,,4803.321
natural_gas,2007,1,UA,,1.851
natural_gas,2007,1,_RESIDUAL,,381.094
natural_gas,2007,2,AT,,0.004
natural_gas,2007,2,CH,,0.827
natural_gas,2007,2,CN,,0.005
natural_gas,2007,2,DE,,29.358
natural_gas,2007,2,FR,,0.616
natural_gas,2007,2,GB,,0.122
natural_gas,2007,2,IT,,0.02
natural_gas,2007,2,KR,,0.067
natural_gas,2007,2,KZ,,15.87
natural_gas,2007,2,NL,,4.997
natural_gas,2007,2,PL,,20.81
natural_gas,2007,2,RU,,4612.506
natural_gas,2007,2,UA,,1.005
natural_gas,2007,2,_RESIDUAL,,383.772
natural_gas,2007,3,AT,,0.005
natural_gas,2007,3,BE,,0.002
natural_gas,2007,3,BY,,0.447
natural_gas,2007,3,CH,,1.238
natural_gas,2007,3,DE,,22.155
natural_gas,2007,3,FR,,0.619
natural_gas,2007,3,GB,,0.177
natural_gas,2007,3,IT,,6.319
natural_gas,2007,3,KR,,0.047
natural_gas,2007,3,KZ,,30.188
natural_gas,2007,3,NO,,407.143
natural_gas,2007,3,PL,,21.563
natural_gas,2007,3,RU,,3692.721
natural_gas,2007,3,TW,,0.053
natural_gas,2007,3,UA,,0.505
natural_gas,2007,3,US,,0.002
natural_gas,2007,4,AT,,0.005
natural_gas,2007,4,BE,,0.001
natural_gas,2007,4,CH,,0.374
natural_gas,2007,4,CN,,0.011
natural_gas,2007,4,DE,,25.447
natural_gas,2007,4,FR,,0.664
natural_gas,2007,4,HR,,0.418
natural_gas,2007,4,IT,,4.184
natural_gas,2007,4,KR,,0.054
natural_gas,2007,4,KZ,,19.713
natural_gas,2007,4,NO,,384.661
natural_gas,2007,4,PL,,43.369
natural_gas,2007,4,RU,,3005.906
natural_gas,2007,4,TW,,0.005
natural_gas,2007,4,UA,,0.496
natural_gas,2007,4,US,,0.247
natural_gas,2007,5,AT,,3.661
natural_gas,2007,5,CH,,4.702
natural_gas,2007,5,DE,,19.213
natural_gas,2007,5,FR,,0.761
natural_gas,2007,5,GB,,0.001
natural_gas,2007,5,HR,,8.049
natural_gas,2007,5,IT,,4.155
natural_gas,2007,5,KR,,0.049
natural_gas,2007,5,KZ,,20.904
natural_gas,2007,5,PL,,35.463
natural_gas,2007,5,RU,,3031.611
natural_gas,2007,5,TW,,0.006
natural_gas,2007,5,_RESIDUAL,,471.816
natural_gas,2007,6,AT,,5.96
natural_gas,2007,6,BE,,0.001
natural_gas,2007,6,DE,,31.212
natural_gas,2007,6,FR,,0.325
natural_gas,2007,6,GB,,0.063
natural_gas,2007,6,HR,,3.089
natural_gas,2007,6,IT,,8.87
natural_gas,2007,6,JP,,0.087
natural_gas,2007,6,KR,,0.026
natural_gas,2007,6,KZ,,28.628
natural_gas,2007,6,PL,,20.792
natural_gas,2007,6,RU,,3680.609
natural_gas,2007,6,SE,,0.001
natural_gas,2007,6,TW,,0.005
natural_gas,2007,6,_RESIDUAL,,377.042
natural_gas,2007,7,AT,,3.337
natural_gas,2007,7,BE,,0.0
natural_gas,2007,7,CN,,0.01
natural_gas,2007,7,DE,,78.206
natural_gas,2007,7,DK,,0.042
natural_gas,2007,7,EE,,0.0
natural_gas,2007,7,ES,,0.013
natural_gas,2007,7,FR,,0.637
natural_gas,2007,7,GB,,0.033
natural_gas,2007,7,HR,,2.356
natural_gas,2007,7,IT,,8.016
natural_gas,2007,7,KR,,0.019
natural_gas,2007,7,KZ,,23.503
natural_gas,2007,7,NL,,0.0
natural_gas,2007,7,PL,,15.009
natural_gas,2007,7,RU,,3440.917
natural_gas,2007,7,SE,,0.002
natural_gas,2007,7,SK,,0.029
natural_gas,2007,7,TW,,0.005
natural_gas,2007,7,_RESIDUAL,,372.324
natural_gas,2007,8,AT,,0.001
natural_gas,2007,8,BE,,1.803
natural_gas,2007,8,CN,,0.018
natural_gas,2007,8,DE,,68.571
natural_gas,2007,8,FR,,0.349
natural_gas,2007,8,GB,,0.039
natural_gas,2007,8,HR,,1.729
natural_gas,2007,8,IT,,0.815
natural_gas,2007,8,KR,,0.051
natural_gas,2007,8,KZ,,18.738
natural_gas,2007,8,NL,,0.0
natural_gas,2007,8,NO,,488.079
natural_gas,2007,8,PL,,29.331
natural_gas,2007,8,RU,,2924.156
natural_gas,2007,8,SE,,0.001
natural_gas,2007,8,SK,,7.502
natural_gas,2007,8,TW,,0.068
natural_gas,2007,9,AT,,19.396
natural_gas,2007,9,BE,,0.014
natural_gas,2007,9,CH,,9.794
natural_gas,2007,9,CN,,0.015
natural_gas,2007,9,DE,,48.339
natural_gas,2007,9,FR,,0.201
natural_gas,2007,9,GB,,0.054
natural_gas,2007,9,IT,,8.325
natural_gas,2007,9,KR,,0.031
natural_gas,2007,9,KZ,,23.726
natural_gas,2007,9,NL,,0.002
natural_gas,2007,9,PL,,47.797
natural_gas,2007,9,RU,,2633.21
natural_gas,2007,9,SE,,0.001
natural_gas,2007,9,SK,,9.648
natural_gas,2007,9,TW,,0.006
natural_gas,2007,9,_RESIDUAL,,452.735
natural_gas,2007,10,AT,,0.002
natural_gas,2007,10,BE,,0.001
natural_gas,2007,10,CH,,1.675
natural_gas,2007,10,CN,,0.018
natural_gas,2007,10,DE,,59.387
natural_gas,2007,10,FR,,0.392
natural_gas,2007,10,GB,,0.002
natural_gas,2007,10,HR,,7.38
natural_gas,2007,10,IT,,0.002
natural_gas,2007,10,KZ,,30.42
natural_gas,2007,10,NL,,0.005
natural_gas,2007,10,NO,,741.409
natural_gas,2007,10,PL,,27.101
natural_gas,2007,10,RU,,3550.515
natural_gas,2007,10,SK,,29.016
natural_gas,2007,10,TW,,0.007
natural_gas,2007,11,AT,,20.645
natural_gas,2007,11,BE,,0.744
natural_gas,2007,11,CN,,0.084
natural_gas,2007,11,DE,,56.472
natural_gas,2007,11,FR,,0.15
natural_gas,2007,11,GB,,0.188
natural_gas,2007,11,HR,,28.228
natural_gas,2007,11,HU,,3.239
natural_gas,2007,11,IT,,8.533
natural_gas,2007,11,KR,,0.013
natural_gas,2007,11,KZ,,25.932
natural_gas,2007,11,NL,,0.007
natural_gas,2007,11,PL,,58.816
natural_gas,2007,11,RU,,4408.5
natural_gas,2007,11,SK,,12.266
natural_gas,2007,11,TW,,0.009
natural_gas,2007,11,UA,,1.28
natural_gas,2007,11,_RESIDUAL,,281.774
natural_gas,2007,12,AT,,2.261
natural_gas,2007,12,BE,,0.001
natural_gas,2007,12,CN,,0.025
natural_gas,2007,12,DE,,72.608
natural_gas,2007,12,FR,,0.04
natural_gas,2007,12,GB,,3.147
natural_gas,2007,12,HR,,25.321
natural_gas,2007,12,HU,,0.018
natural_gas,2007,12,IT,,0.003
natural_gas,2007,12,KZ,,28.383
natural_gas,2007,12,NL,,0.003
natural_gas,2007,12,PL,,56.165
natural_gas,2007,12,RU,,5434.937
natural_gas,2007,12,TW,,0.001
natural_gas,2007,12,UA,,2.062
natural_gas,2007,12,_RESIDUAL,,118.65
natural_gas,2008,1,AT,,2.778
natural_gas,2008,1,BE,,9.835
natural_gas,2008,1,BG,,2.399
natural_gas,2008,1,DE,,53.194
natural_gas,2008,1,FR,,0.625
natural_gas,2008,1,GB,,0.0
natural_gas,2008,1,HR,,15.929
natural_gas,2008,1,HU,,0.021
natural_gas,2008,1,IT,,3.836
natural_gas,2008,1,KR,,0.041
natural_gas,2008,1,KZ,,43.276
natural_gas,2008,1,NL,,2.156
natural_gas,2008,1,PL,,35.694
natural_gas,2008,1,RU,,5645.35
natural_gas,2008,1,SE,,0.001
natural_gas,2008,1,SK,,0.0
natural_gas,2008,1,TW,,0.009
natural_gas,2008,1,UA,,3.378
natural_gas,2008,1,_RESIDUAL,,71.394
natural_gas,2008,2,AT,,1.496
natural_gas,2008,2,BE,,0.032
natural_gas,2008,2,BG,,1.484
natural_gas,2008,2,BY,,0.554
natural_gas,2008,2,DE,,256.587
natural_gas,2008,2,FR,,0.951
natural_gas,2008,2,GB,,0.004
natural_gas,2008,2,HK,,0.038
natural_gas,2008,2,HR,,11.701
natural_gas,2008,2,IT,,8.954
natural_gas,2008,2,JP,,0.004
natural_gas,2008,2,KR,,0.188
natural_gas,2008,2,KZ,,27.188
natural_gas,2008,2,NL,,0.003
natural_gas,2008,2,PL,,13.22
natural_gas,2008,2,RU,,6001.587
natural_gas,2008,2,SE,,0.001
natural_gas,2008,2,TW,,0.069
natural_gas,2008,2,UA,,0.631
natural_gas,2008,2,_RESIDUAL,,28.275
natural_gas,2008,3,AT,,2.061
natural_gas,2008,3,BE,,0.018
natural_gas,2008,3,BG,,2.084
natural_gas,2008,3,CH,,4.023
natural_gas,2008,3,CN,,0.009
natural_gas,2008,3,DE,,140.118
natural_gas,2008,3,FR,,0.787
natural_gas,2008,3,GB,,0.0
natural_gas,2008,3,HR,,13.68
natural_gas,2008,3,IT,,6.56
natural_gas,2008,3,KR,,0.049
natural_gas,2008,3,KZ,,27.637
natural_gas,2008,3,NL,,6.258
natural_gas,2008,3,NO,,204.345
natural_gas,2008,3,PL,,11.001
natural_gas,2008,3,RU,,5791.971
natural_gas,2008,3,SK,,0.272
natural_gas,2008,3,TW,,0.004
natural_gas,2008,3,US,,0.0
natural_gas,2008,4,AT,,1.919
natural_gas,2008,4,BE,,0.001
natural_gas,2008,4,CH,,1.915
natural_gas,2008,4,DE,,149.349
natural_gas,2008,4,FR,,0.89
natural_gas,2008,4,GB,,0.223
natural_gas,2008,4,HR,,3.672
natural_gas,2008,4,IT,,11.792
natural_gas,2008,4,KR,,0.101
natural_gas,2008,4,KZ,,23.211
natural_gas,2008,4,NL,,1.231
natural_gas,2008,4,PL,,8.141
natural_gas,2008,4,RU,,6044.444
natural_gas,2008,4,SE,,0.001
natural_gas,2008,4,SK,,0.428
natural_gas,2008,4,TW,,0.007
natural_gas,2008,4,_RESIDUAL,,36.174
natural_gas,2008,5,AT,,3.252
natural_gas,2008,5,BE,,0.039
natural_gas,2008,5,CH,,3.08
natural_gas,2008,5,DE,,155.293
natural_gas,2008,5,FR,,0.493
natural_gas,2008,5,GB,,0.004
natural_gas,2008,5,IT,,3.571
natural_gas,2008,5,KR,,0.051
natural_gas,2008,5,KZ,,21.628
natural_gas,2008,5,NL,,0.001
natural_gas,2008,5,NO,,784.537
natural_gas,2008,5,PL,,20.335
natural_gas,2008,5,RU,,5401.241
natural_gas,2008,5,SE,,0.001
natural_gas,2008,5,TW,,0.011
natural_gas,2008,6,AT,,2.105
natural_gas,2008,6,BE,,0.002
natural_gas,2008,6,CH,,3.151
natural_gas,2008,6,DE,,157.683
natural_gas,2008,6,ES,,0.004
natural_gas,2008,6,FR,,0.595
natural_gas,2008,6,GB,,0.034
natural_gas,2008,6,HR,,3.871
natural_gas,2008,6,HU,,0.017
natural_gas,2008,6,IT,,4.068
natural_gas,2008,6,KR,,0.081
natural_gas,2008,6,KZ,,23.878
natural_gas,2008,6,NL,,2.205
natural_gas,2008,6,NO,,623.691
natural_gas,2008,6,PL,,36.099
natural_gas,2008,6,RU,,4948.961
natural_gas,2008,6,SE,,0.002
natural_gas,2008,6,SK,,21.369
natural_gas,2008,6,US,,0.23
natural_gas,2008,7,AT,,20.802
natural_gas,2008,7,BE,,0.117
natural_gas,2008,7,BG,,1.434
natural_gas,2008,7,CH,,12.645
natural_gas,2008,7,CN,,0.016
natural_gas,2008,7,DE,,165.208
natural_gas,2008,7,ES,,0.003
natural_gas,2008,7,FR,,0.462
natural_gas,2008,7,GB,,0.057
natural_gas,2008,7,IT,,7.276
natural_gas,2008,7,JP,,0.003
natural_gas,2008,7,KR,,0.084
natural_gas,2008,7,KZ,,28.081
natural_gas,2008,7,NL,,2.811
natural_gas,2008,7,NO,,228.749
natural_gas,2008,7,PL,,19.793
natural_gas,2008,7,RU,,4837.417
natural_gas,2008,7,SE,,0.001
natural_gas,2008,7,SK,,20.548
natural_gas,2008,7,TW,,0.008
natural_gas,2008,7,US,,0.47
natural_gas,2008,8,AT,,1.847
natural_gas,2008,8,BE,,0.024
natural_gas,2008,8,CH,,2.822
natural_gas,2008,8,CN,,0.026
natural_gas,2008,8,DE,,207.639
natural_gas,2008,8,ES,,0.01
natural_gas,2008,8,FR,,0.461
natural_gas,2008,8,GB,,0.023
natural_gas,2008,8,GR,,0.001
natural_gas,2008,8,IT,,0.031
natural_gas,2008,8,JP,,0.021
natural_gas,2008,8,KR,,0.048
natural_gas,2008,8,KZ,,10.361
natural_gas,2008,8,NL,,4.675
natural_gas,2008,8,NO,,458.429
natural_gas,2008,8,PL,,23.028
natural_gas,2008,8,RU,,5225.217
natural_gas,2008,8,SK,,16.289
natural_gas,2008,8,TW,,0.009
natural_gas,2008,8,US,,0.306
natural_gas,2008,9,AT,,29.209
natural_gas,2008,9,BE,,0.022
natural_gas,2008,9,BG,,2.16
natural_gas,2008,9,CH,,7.018
natural_gas,2008,9,CN,,0.001
natural_gas,2008,9,DE,,171.984
natural_gas,2008,9,EE,,0.001
natural_gas,2008,9,ES,,0.001
natural_gas,2008,9,FR,,8.542
natural_gas,2008,9,GB,,0.068
natural_gas,2008,9,GR,,0.0
natural_gas,2008,9,HU,,0.016
natural_gas,2008,9,IT,,7.552
natural_gas,2008,9,JP,,0.102
natural_gas,2008,9,KR,,0.035
natural_gas,2008,9,KZ,,16.785
natural_gas,2008,9,NL,,5.429
natural_gas,2008,9,NO,,527.982
natural_gas,2008,9,PL,,15.875
natural_gas,2008,9,RU,,3378.813
natural_gas,2008,9,SE,,0.001
natural_gas,2008,9,US,,0.023
natural_gas,2008,10,AT,,36.642
natural_gas,2008,10,BE,,0.001
natural_gas,2008,10,BG,,1.907
natural_gas,2008,10,CH,,8.033
natural_gas,2008,10,CN,,0.031
natural_gas,2008,10,DE,,218.314
natural_gas,2008,10,EE,,0.004
natural_gas,2008,10,ES,,0.012
natural_gas,2008,10,FR,,0.055
natural_gas,2008,10,GB,,0.002
natural_gas,2008,10,GR,,0.001
natural_gas,2008,10,HU,,0.032
natural_gas,2008,10,IT,,14.204
natural_gas,2008,10,KR,,0.046
natural_gas,2008,10,KZ,,22.896
natural_gas,2008,10,NL,,8.544
natural_gas,2008,10,NO,,1388.518
natural_gas,2008,10,PL,,31.642
natural_gas,2008,10,RU,,4527.395
natural_gas,2008,10,SK,,15.94
natural_gas,2008,10,TW,,0.002
natural_gas,2008,10,US,,0.028
natural_gas,2008,11,AT,,13.262
natural_gas,2008,11,BE,,4.808
natural_gas,2008,11,CH,,1.609
natural_gas,2008,11,CN,,0.016
natural_gas,2008,11,DE,,202.076
natural_gas,2008,11,ES,,0.008
natural_gas,2008,11,FR,,0.047
natural_gas,2008,11,GB,,0.006
natural_gas,2008,11,IT,,2.859
natural_gas,2008,11,JP,,0.002
natural_gas,2008,11,KR,,0.077
natural_gas,2008,11,KZ,,14.15
natural_gas,2008,11,NL,,5.21
natural_gas,2008,11,NO,,1344.271
natural_gas,2008,11,PL,,14.255
natural_gas,2008,11,RU,,4323.157
natural_gas,2008,11,SK,,3.931
natural_gas,2008,11,US,,0.356
natural_gas,2008,12,AT,,4.755
natural_gas,2008,12,BE,,6.236
natural_gas,2008,12,CH,,0.57
natural_gas,2008,12,CN,,0.013
natural_gas,2008,12,DE,,144.518
natural_gas,2008,12,ES,,0.009
natural_gas,2008,12,FR,,0.239
natural_gas,2008,12,GB,,0.002
natural_gas,2008,12,IT,,13.768
natural_gas,2008,12,JP,,0.014
natural_gas,2008,12,KZ,,12.552
natural_gas,2008,12,NL,,7.849
natural_gas,2008,12,NO,,1716.97
natural_gas,2008,12,PL,,22.634
natural_gas,2008,12,RU,,7333.818
natural_gas,2008,12,SM,,0.163
natural_gas,2008,12,TW,,0.054
natural_gas,2009,1,AT,138080.0,1.138
natural_gas,2009,1,BE,423704.0,4.026
natural_gas,2009,1,BG,215800.0,1.918
natural_gas,2009,1,CH,179411.0,1.614
natural_gas,2009,1,CN,11.0,0.006
natural_gas,2009,1,DE,20425618.0,241.843
natural_gas,2009,1,EE,3.0,0.001
natural_gas,2009,1,ES,276.0,0.003
natural_gas,2009,1,FR,4863.0,0.437
natural_gas,2009,1,GB,4.0,0.001
natural_gas,2009,1,GR,14.0,0.0
natural_gas,2009,1,HU,200.0,0.029
natural_gas,2009,1,IT,3902990.0,46.638
natural_gas,2009,1,KR,718.0,0.054
natural_gas,2009,1,KZ,2464640.0,19.376
natural_gas,2009,1,NL,581350.0,4.995
natural_gas,2009,1,NO,144846677.0,1222.764
natural_gas,2009,1,PL,626839.0,5.223
natural_gas,2009,1,RU,490509791.0,6899.717
natural_gas,2009,1,TW,46.0,0.008
natural_gas,2009,1,US,28.0,0.026
natural_gas,2009,2,AT,156890.0,1.833
natural_gas,2009,2,BE,223309.0,3.137
natural_gas,2009,2,CH,287201.0,3.279
natural_gas,2009,2,CN,52.0,0.02
natural_gas,2009,2,DE,124901760.0,1275.715
natural_gas,2009,2,EE,16.0,0.005
natural_gas,2009,2,ES,882.0,0.01
natural_gas,2009,2,FR,11023.0,0.968
natural_gas,2009,2,GB,1035.0,0.185
natural_gas,2009,2,IT,4627844.0,54.216
natural_gas,2009,2,KR,1426.0,0.111
natural_gas,2009,2,KZ,2479540.0,30.786
natural_gas,2009,2,NL,713004.0,10.012
natural_gas,2009,2,NO,116852046.0,1086.469
natural_gas,2009,2,PL,498435.0,4.581
natural_gas,2009,2,RU,517486932.0,6487.837
natural_gas,2009,2,TW,381.0,0.08
natural_gas,2009,2,US,9.0,0.018
natural_gas,2009,3,AT,196522.0,2.127
natural_gas,2009,3,BE,19.0,0.024
natural_gas,2009,3,CH,76560.0,0.77
natural_gas,2009,3,CN,53.0,0.021
natural_gas,2009,3,DE,6665006.0,63.421
natural_gas,2009,3,EE,3.0,0.001
natural_gas,2009,3,ES,654.0,0.007
natural_gas,2009,3,FR,6300.0,0.638
natural_gas,2009,3,GB,2489.0,0.379
natural_gas,2009,3,GR,8865.0,0.518
natural_gas,2009,3,IT,7415673.0,62.062
natural_gas,2009,3,KR,311.0,0.045
natural_gas,2009,3,KZ,4295980.0,51.447
natural_gas,2009,3,NL,38217.0,0.546
natural_gas,2009,3,NO,153056273.0,1238.252
natural_gas,2009,3,PL,838288.0,7.359
natural_gas,2009,3,RU,275788567.0,3604.03
natural_gas,2009,3,SK,1625860.0,9.41
natural_gas,2009,3,US,20.0,0.049
natural_gas,2009,4,AT,116428.0,1.11
natural_gas,2009,4,BE,155.0,0.019
natural_gas,2009,4,CH,114455.0,0.908
natural_gas,2009,4,CN,29.0,0.004
natural_gas,2009,4,DE,17205685.0,115.558
natural_gas,2009,4,EE,7.0,0.002
natural_gas,2009,4,ES,456.0,0.005
natural_gas,2009,4,FR,8252.0,0.769
natural_gas,2009,4,GB,58.0,0.001
natural_gas,2009,4,HU,200.0,0.027
natural_gas,2009,4,IT,7134739.0,56.117
natural_gas,2009,4,JP,39.0,0.011
natural_gas,2009,4,KR,1279.0,0.111
natural_gas,2009,4,KZ,2539470.0,24.124
natural_gas,2009,4,NO,107591000.0,753.226
natural_gas,2009,4,PL,799790.0,6.017
natural_gas,2009,4,RU,298567266.0,3726.497
natural_gas,2009,4,TW,23.0,0.004
natural_gas,2009,4,US,19.0,0.042
natural_gas,2009,5,AT,141714.0,1.287
natural_gas,2009,5,BE,1.0,0.0
natural_gas,2009,5,CH,151815.0,1.105
natural_gas,2009,5,CN,88.0,0.012
natural_gas,2009,5,DE,2418143.0,19.304
natural_gas,2009,5,EE,3.0,0.001
natural_gas,2009,5,ES,1200.0,0.013
natural_gas,2009,5,FR,7706.0,0.699
natural_gas,2009,5,GB,9.0,0.002
natural_gas,2009,5,HR,253460.0,1.669
natural_gas,2009,5,HU,300.0,0.027
natural_gas,2009,5,IT,7761684.0,59.165
natural_gas,2009,5,JP,63.0,0.027
natural_gas,2009,5,KR,366.0,0.029
natural_gas,2009,5,KZ,3475660.0,29.196
natural_gas,2009,5,NL,2.0,0.001
natural_gas,2009,5,NO,118967443.0,772.302
natural_gas,2009,5,PL,852205.0,6.128
natural_gas,2009,5,RU,247653692.0,2532.493
natural_gas,2009,5,SK,816000.0,5.937
natural_gas,2009,5,TW,15.0,0.003
natural_gas,2009,5,US,17.0,0.025
natural_gas,2009,6,AT,230377.0,2.301
natural_gas,2009,6,BE,8.0,0.002
natural_gas,2009,6,CA,3.0,0.027
natural_gas,2009,6,CH,228751.0,1.505
natural_gas,2009,6,CN,100.0,0.017
natural_gas,2009,6,DE,3315840.0,23.557
natural_gas,2009,6,EE,11.0,0.002
natural_gas,2009,6,ES,456.0,0.005
natural_gas,2009,6,FR,8860.0,0.796
natural_gas,2009,6,GB,9.0,0.0
natural_gas,2009,6,HR,431120.0,3.069
natural_gas,2009,6,IT,3909223.0,38.376
natural_gas,2009,6,KR,915.0,0.069
natural_gas,2009,6,KZ,3593920.0,30.752
natural_gas,2009,6,NL,2.0,0.001
natural_gas,2009,6,NO,125903482.0,783.295
natural_gas,2009,6,PL,1426263.0,10.939
natural_gas,2009,6,RU,403595395.0,3500.787
natural_gas,2009,6,SK,815850.0,8.116
natural_gas,2009,6,TW,8.0,0.001
natural_gas,2009,6,US,21.0,0.035
natural_gas,2009,7,AT,175128.0,1.927
natural_gas,2009,7,BE,154.0,0.018
natural_gas,2009,7,CH,268965.0,2.373
natural_gas,2009,7,CN,52.0,0.011
natural_gas,2009,7,DE,21648507.0,135.389
natural_gas,2009,7,EE,13.0,0.004
natural_gas,2009,7,ES,210.0,0.002
natural_gas,2009,7,FR,5265.0,0.508
natural_gas,2009,7,GB,16.0,0.004
natural_gas,2009,7,GR,41.0,0.001
natural_gas,2009,7,HR,1008600.0,8.468
natural_gas,2009,7,HU,165.0,0.026
natural_gas,2009,7,IT,3902175.0,38.884
natural_gas,2009,7,KR,798.0,0.068
natural_gas,2009,7,KZ,2435710.0,23.225
natural_gas,2009,7,NL,45800.0,0.672
natural_gas,2009,7,NO,129628761.0,800.663
natural_gas,2009,7,PL,731959.0,6.994
natural_gas,2009,7,RU,335669651.0,2533.434
natural_gas,2009,7,SK,1612500.0,17.932
natural_gas,2009,7,TW,15.0,0.002
natural_gas,2009,7,US,12.0,0.017
natural_gas,2009,8,AS,23.0,0.018
natural_gas,2009,8,AT,608213.0,8.273
natural_gas,2009,8,BE,1.0,0.0
natural_gas,2009,8,CH,153471.0,1.407
natural_gas,2009,8,CN,66.0,0.015
natural_gas,2009,8,DE,18630464.0,143.187
natural_gas,2009,8,EE,5.0,0.002
natural_gas,2009,8,ES,774.0,0.008
natural_gas,2009,8,FR,6241.0,0.567
natural_gas,2009,8,GB,1895.0,0.168
natural_gas,2009,8,GR,270.0,0.008
natural_gas,2009,8,HR,170400.0,1.674
natural_gas,2009,8,HU,1630365.0,19.386
natural_gas,2009,8,IT,1070557.0,26.119
natural_gas,2009,8,KR,1626.0,0.122
natural_gas,2009,8,KZ,2731910.0,27.59
natural_gas,2009,8,NL,9.0,0.001
natural_gas,2009,8,NO,126021235.0,739.831
natural_gas,2009,8,PL,531820.0,5.395
natural_gas,2009,8,RU,506545295.0,3405.463
natural_gas,2009,8,TW,94.0,0.014
natural_gas,2009,8,US,6.0,0.01
natural_gas,2009,9,AT,620291.0,8.414
natural_gas,2009,9,BE,856.0,0.005
natural_gas,2009,9,CH,229751.0,2.164
natural_gas,2009,9,CN,130.0,0.021
natural_gas,2009,9,DE,20904245.0,158.958
natural_gas,2009,9,ES,806.0,0.036
natural_gas,2009,9,FR,1505.0,0.109
natural_gas,2009,9,GB,3.0,0.0
natural_gas,2009,9,HU,906850.0,11.466
natural_gas,2009,9,IT,945869.0,9.067
natural_gas,2009,9,KR,677.0,0.054
natural_gas,2009,9,KZ,2758390.0,29.482
natural_gas,2009,9,NL,3.0,0.001
natural_gas,2009,9,NO,112650085.0,669.072
natural_gas,2009,9,PL,866864.0,8.699
natural_gas,2009,9,RU,469755544.0,2984.006
natural_gas,2009,9,SK,1630350.0,22.479
natural_gas,2009,9,TW,39.0,0.005
natural_gas,2009,9,US,35.0,0.022
natural_gas,2009,10,AT,1272714.0,17.092
natural_gas,2009,10,BE,153.0,0.02
natural_gas,2009,10,CH,191920.0,1.914
natural_gas,2009,10,CN,236.0,0.04
natural_gas,2009,10,DE,31304680.0,209.378
natural_gas,2009,10,EE,20.0,0.006
natural_gas,2009,10,ES,888.0,0.009
natural_gas,2009,10,FR,941.0,0.268
natural_gas,2009,10,GB,2732.0,0.357
natural_gas,2009,10,HU,1899950.0,22.195
natural_gas,2009,10,IT,2458526.0,30.129
natural_gas,2009,10,KR,28.0,0.005
natural_gas,2009,10,KZ,3131330.0,33.217
natural_gas,2009,10,NO,101135647.0,591.682
natural_gas,2009,10,PL,484349.0,5.325
natural_gas,2009,10,QV,196000.0,2.199
natural_gas,2009,10,RU,381301637.0,2460.355
natural_gas,2009,10,TW,15.0,0.002
natural_gas,2009,10,US,26.0,0.043
natural_gas,2009,11,AT,720189.0,9.295
natural_gas,2009,11,BE,517619.0,3.301
natural_gas,2009,11,CH,15.0,0.014
natural_gas,2009,11,CN,77.0,0.02
natural_gas,2009,11,DE,120185951.0,604.671
natural_gas,2009,11,DK,389.0,0.116
natural_gas,2009,11,EE,16.0,0.005
natural_gas,2009,11,ES,636.0,0.02
natural_gas,2009,11,FR,484.0,0.094
natural_gas,2009,11,GB,331.0,0.04
natural_gas,2009,11,HU,871050.0,9.981
natural_gas,2009,11,IT,2362696.0,29.597
natural_gas,2009,11,KR,19.0,0.003
natural_gas,2009,11,KZ,2134490.0,23.829
natural_gas,2009,11,NL,4.0,0.001
natural_gas,2009,11,NO,185648764.0,1187.201
natural_gas,2009,11,PL,429389.0,4.945
natural_gas,2009,11,QV,40540.0,0.404
natural_gas,2009,11,RU,565826188.0,3564.401
natural_gas,2009,11,SK,783000.0,10.312
natural_gas,2009,11,TW,49.0,0.008
natural_gas,2009,11,US,36.0,0.044
natural_gas,2009,12,AT,730589.0,9.657
natural_gas,2009,12,BE,139454.0,1.919
natural_gas,2009,12,CH,10.0,0.011
natural_gas,2009,12,CN,191.0,0.033
natural_gas,2009,12,DE,22375534.0,172.663
natural_gas,2009,12,EE,7.0,0.002
natural_gas,2009,12,ES,701.0,0.011
natural_gas,2009,12,FR,763.0,0.074
natural_gas,2009,12,GB,6.0,0.002
natural_gas,2009,12,HU,2463181.0,32.053
natural_gas,2009,12,IT,2440937.0,30.067
natural_gas,2009,12,KR,12.0,0.002
natural_gas,2009,12,KZ,2447165.0,29.996
natural_gas,2009,12,NL,5.0,0.002
natural_gas,2009,12,NO,197558300.0,1255.181
natural_gas,2009,12,PL,1077032.0,13.491
natural_gas,2009,12,QV,128680.0,1.464
natural_gas,2009,12,RU,582935121.0,3898.732
natural_gas,2009,12,SK,865100.0,11.137
natural_gas,2009,12,TW,36.0,0.005
natural_gas,2009,12,US,15.0,0.024
natural_gas,2010,1,AT,205852.0,3.019
natural_gas,2010,1,CH,76654.0,0.97
natural_gas,2010,1,CN,52.0,0.013
natural_gas,2010,1,DE,91729313.0,533.036
natural_gas,2010,1,EE,12.0,0.004
natural_gas,2010,1,ES,460.0,0.007
natural_gas,2010,1,FR,3007.0,0.319
natural_gas,2010,1,GB,8.0,0.004
natural_gas,2010,1,HU,284606.0,4.598
natural_gas,2010,1,IT,3462045.0,23.012
natural_gas,2010,1,JP,3.0,0.001
natural_gas,2010,1,KZ,2468165.0,33.464
natural_gas,2010,1,NO,195661337.0,1305.031
natural_gas,2010,1,PL,721305.0,10.419
natural_gas,2010,1,QV,9000000.0,80.879
natural_gas,2010,1,RU,606408134.0,4265.766
natural_gas,2010,1,TW,55.0,0.008
natural_gas,2010,1,US,10.0,0.019
natural_gas,2010,2,AT,628575.0,8.727
natural_gas,2010,2,BE,1761984.0,9.395
natural_gas,2010,2,CH,19.0,0.014
natural_gas,2010,2,CN,281.0,0.046
natural_gas,2010,2,DE,100831124.0,584.712
natural_gas,2010,2,EE,19.0,0.006
natural_gas,2010,2,ES,529.0,0.008
natural_gas,2010,2,FR,6919.0,0.546
natural_gas,2010,2,GB,32.0,0.015
natural_gas,2010,2,GR,270.0,0.012
natural_gas,2010,2,HU,1647697.0,19.738
natural_gas,2010,2,IT,3052602.0,19.951
natural_gas,2010,2,KR,446.0,0.055
natural_gas,2010,2,KZ,3265435.0,45.876
natural_gas,2010,2,NL,11.0,0.002
natural_gas,2010,2,NO,183886603.0,1284.801
natural_gas,2010,2,PL,613254.0,9.31
natural_gas,2010,2,QV,98700.0,1.233
natural_gas,2010,2,RU,616891490.0,4841.753
natural_gas,2010,2,TW,719.0,0.125
natural_gas,2010,2,US,2.0,0.002
natural_gas,2010,3,AT,135531.0,2.776
natural_gas,2010,3,BE,2437183.0,13.164
natural_gas,2010,3,CH,430014.0,5.426
natural_gas,2010,3,CN,103.0,0.009
natural_gas,2010,3,DE,95640918.0,568.036
natural_gas,2010,3,EE,32.0,0.009
natural_gas,2010,3,ES,1297.0,0.015
natural_gas,2010,3,FR,14799.0,1.333
natural_gas,2010,3,GB,803.0,0.108
natural_gas,2010,3,HU,708.0,0.128
natural_gas,2010,3,IT,2939829.0,19.559
natural_gas,2010,3,KR,2995.0,0.207
natural_gas,2010,3,KZ,5626315.0,85.064
natural_gas,2010,3,NL,5.0,0.001
natural_gas,2010,3,NO,200866761.0,1505.476
natural_gas,2010,3,PL,476636.0,6.212
natural_gas,2010,3,QV,432480.0,5.327
natural_gas,2010,3,RU,575708533.0,4683.089
natural_gas,2010,3,SK,214500.0,1.895
natural_gas,2010,3,TW,17.0,0.003
natural_gas,2010,3,US,13.0,0.019
natural_gas,2010,4,AT,31010.0,0.442
natural_gas,2010,4,BE,1416030.0,6.378
natural_gas,2010,4,CH,7.0,0.008
natural_gas,2010,4,CN,155.0,0.021
natural_gas,2010,4,DE,66836947.0,438.946
natural_gas,2010,4,EE,9.0,0.003
natural_gas,2010,4,ES,864.0,0.009
natural_gas,2010,4,FR,11863.0,0.935
natural_gas,2010,4,GB,8656939.0,54.029
natural_gas,2010,4,IT,2833630.0,15.658
natural_gas,2010,4,KR,2790.0,0.192
natural_gas,2010,4,KZ,3064135.0,44.411
natural_gas,2010,4,NL,19045.0,0.238
natural_gas,2010,4,NO,186505927.0,1395.554
natural_gas,2010,4,PL,1131313.0,14.602
natural_gas,2010,4,QV,200060.0,3.435
natural_gas,2010,4,RU,611847256.0,5287.596
natural_gas,2010,4,SK,806000.0,5.545
natural_gas,2010,4,TW,29.0,0.004
natural_gas,2010,4,US,5.0,0.011
natural_gas,2010,5,AT,24801.0,0.365
natural_gas,2010,5,BE,1463076.0,7.139
natural_gas,2010,5,CH,21.0,0.021
natural_gas,2010,5,CN,249.0,0.054
natural_gas,2010,5,DE,56250020.0,405.011
natural_gas,2010,5,EE,16.0,0.006
natural_gas,2010,5,ES,1456.0,0.016
natural_gas,2010,5,FR,7886.0,0.71
natural_gas,2010,5,GB,4905605.0,35.414
natural_gas,2010,5,GR,4925.0,0.276
natural_gas,2010,5,IT,2927704.0,16.185
natural_gas,2010,5,KR,1569.0,0.104
natural_gas,2010,5,KZ,1710425.0,24.57
natural_gas,2010,5,NL,19024.0,0.321
natural_gas,2010,5,NO,192109409.0,1490.195
natural_gas,2010,5,PL,1206640.0,15.026
natural_gas,2010,5,QV,270000.0,4.476
natural_gas,2010,5,RU,562923104.0,5018.534
natural_gas,2010,5,SK,1092900.0,17.627
natural_gas,2010,5,TW,17.0,0.003
natural_gas,2010,5,US,11.0,0.014
natural_gas,2010,6,AT,115200.0,1.588
natural_gas,2010,6,BE,3779015.0,25.015
natural_gas,2010,6,BY,275650.0,3.527
natural_gas,2010,6,CH,6.0,0.004
natural_gas,2010,6,CN,260.0,0.042
natural_gas,2010,6,DE,55134994.0,384.941
natural_gas,2010,6,EE,16.0,0.006
natural_gas,2010,6,ES,186.0,0.002
natural_gas,2010,6,FR,6089.0,0.632
natural_gas,2010,6,GB,8368361.0,58.576
natural_gas,2010,6,HU,978800.0,14.569
natural_gas,2010,6,IT,10300207.0,65.172
natural_gas,2010,6,KR,1356.0,0.096
natural_gas,2010,6,KZ,2269750.0,33.819
natural_gas,2010,6,NL,38243.0,0.644
natural_gas,2010,6,NO,184063075.0,1562.811
natural_gas,2010,6,PL,1222380.0,16.364
natural_gas,2010,6,RU,507492352.0,4775.533
natural_gas,2010,6,SK,2037880.0,31.313
natural_gas,2010,6,TW,568.0,0.157
natural_gas,2010,6,US,35.0,0.051
natural_gas,2010,7,AT,80488.0,1.167
natural_gas,2010,7,BE,3909300.0,25.89
natural_gas,2010,7,CH,15.0,0.014
natural_gas,2010,7,CN,24.0,0.004
natural_gas,2010,7,DE,70432739.0,520.835
natural_gas,2010,7,ES,784.0,0.01
natural_gas,2010,7,FR,5853.0,0.435
natural_gas,2010,7,GB,2207.0,0.306
natural_gas,2010,7,IT,9560048.0,62.745
natural_gas,2010,7,KR,281.0,0.043
natural_gas,2010,7,KZ,1515415.0,20.964
natural_gas,2010,7,NL,23731.0,0.194
natural_gas,2010,7,NO,174897975.0,1546.2
natural_gas,2010,7,PL,864680.0,10.512
natural_gas,2010,7,QV,139620.0,1.78
natural_gas,2010,7,RU,415910158.0,4250.857
natural_gas,2010,7,SK,7296120.0,104.211
natural_gas,2010,7,TW,52.0,0.006
natural_gas,2010,7,US,22.0,0.046
natural_gas,2010,8,AT,97297.0,1.362
natural_gas,2010,8,BE,5239000.0,36.326
natural_gas,2010,8,CH,4.0,0.004
natural_gas,2010,8,CN,168.0,0.027
natural_gas,2010,8,DE,72660552.0,555.931
natural_gas,2010,8,ES,636.0,0.005
natural_gas,2010,8,FR,2839.0,0.253
natural_gas,2010,8,GB,6709124.0,48.046
natural_gas,2010,8,IT,8066724.0,49.287
natural_gas,2010,8,KR,1083.0,0.131
natural_gas,2010,8,KZ,1801460.0,24.226
natural_gas,2010,8,NL,6.0,0.001
natural_gas,2010,8,NO,115170188.0,978.953
natural_gas,2010,8,PL,1192126.0,14.302
natural_gas,2010,8,QV,59980.0,0.744
natural_gas,2010,8,RU,315018851.0,3227.677
natural_gas,2010,8,SK,2988110.0,41.744
natural_gas,2010,8,TW,32.0,0.005
natural_gas,2010,8,US,27.0,0.05
natural_gas,2010,9,AT,684684.0,7.775
natural_gas,2010,9,BE,5195048.0,33.869
natural_gas,2010,9,CH,16.0,0.018
natural_gas,2010,9,CN,62.0,0.01
natural_gas,2010,9,DE,76755276.0,562.8
natural_gas,2010,9,EE,24.0,0.007
natural_gas,2010,9,ES,1368.0,0.014
natural_gas,2010,9,FR,1318.0,0.15
natural_gas,2010,9,GB,1.0,0.001
natural_gas,2010,9,HU,1906754.0,28.007
natural_gas,2010,9,IT,8452759.0,50.289
natural_gas,2010,9,KR,325.0,0.033
natural_gas,2010,9,KZ,1317080.0,17.498
natural_gas,2010,9,NL,19003.0,0.297
natural_gas,2010,9,NO,160354014.0,1343.545
natural_gas,2010,9,PL,696860.0,9.107
natural_gas,2010,9,QV,20020.0,0.261
natural_gas,2010,9,RU,321066147.0,3060.881
natural_gas,2010,9,SK,3882760.0,54.566
natural_gas,2010,9,TW,898.0,0.169
natural_gas,2010,9,US,2.0,0.004
natural_gas,2010,10,AT,559650.0,6.41
natural_gas,2010,10,BE,7788997.0,49.732
natural_gas,2010,10,CH,18.0,0.016
natural_gas,2010,10,CN,244.0,0.039
natural_gas,2010,10,DE,82466194.0,619.98
natural_gas,2010,10,EE,30.0,0.009
natural_gas,2010,10,ES,332.0,0.008
natural_gas,2010,10,FR,678.0,0.095
natural_gas,2010,10,GB,13.0,0.006
natural_gas,2010,10,HU,1820750.0,26.874
natural_gas,2010,10,IT,8424570.0,48.13
natural_gas,2010,10,KZ,2221270.0,36.31
natural_gas,2010,10,NL,3.0,0.001
natural_gas,2010,10,NO,59711653.0,475.425
natural_gas,2010,10,PL,1270660.0,17.713
natural_gas,2010,10,QV,99960.0,1.406
natural_gas,2010,10,RU,477357366.0,4565.265
natural_gas,2010,10,SK,4612210.0,69.054
natural_gas,2010,10,TW,46.0,0.007
natural_gas,2010,10,UA,89800.0,1.261
natural_gas,2010,10,US,32.0,0.057
natural_gas,2010,11,AT,1561335.0,13.752
natural_gas,2010,11,BE,4500150.0,46.874
natural_gas,2010,11,BY,307000.0,4.516
natural_gas,2010,11,CH,16.0,0.013
natural_gas,2010,11,CN,161.0,0.021
natural_gas,2010,11,DE,85022925.0,733.418
natural_gas,2010,11,EE,30.0,0.009
natural_gas,2010,11,ES,737.0,0.009
natural_gas,2010,11,FR,852.0,0.203
natural_gas,2010,11,GB,17.0,0.008
natural_gas,2010,11,HU,3448040.0,52.317
natural_gas,2010,11,IT,6401474.0,64.928
natural_gas,2010,11,KR,77.0,0.005
natural_gas,2010,11,KZ,1375255.0,19.324
natural_gas,2010,11,NL,15164.0,0.274
natural_gas,2010,11,NO,180000000.0,1543.134
natural_gas,2010,11,PL,3032671.0,45.596
natural_gas,2010,11,QV,230000.0,3.255
natural_gas,2010,11,RU,487198155.0,4596.272
natural_gas,2010,11,SK,2794960.0,43.934
natural_gas,2010,11,TW,33.0,0.005
natural_gas,2010,11,US,20.0,0.021
natural_gas,2010,12,AT,530090.0,7.852
natural_gas,2010,12,BE,7808228.0,50.278
natural_gas,2010,12,BY,525130.0,8.898
natural_gas,2010,12,CH,3.0,0.003
natural_gas,2010,12,CN,84.0,0.014
natural_gas,2010,12,DE,117732534.0,997.668
natural_gas,2010,12,EE,17.0,0.006
natural_gas,2010,12,ES,12.0,0.004
natural_gas,2010,12,FR,446.0,0.13
natural_gas,2010,12,GB,21.0,0.009
natural_gas,2010,12,HU,844950.0,15.126
natural_gas,2010,12,IT,10126490.0,75.111
natural_gas,2010,12,KR,32.0,0.006
natural_gas,2010,12,KZ,2320750.0,38.01
natural_gas,2010,12,NL,19224.0,0.382
natural_gas,2010,12,NO,199093695.0,1664.519
natural_gas,2010,12,PL,1749380.0,33.406
natural_gas,2010,12,RU,521642350.0,4597.006
natural_gas,2010,12,SK,5182025.0,85.005
natural_gas,2010,12,TW,66.0,0.016
natural_gas,2010,12,US,25.0,0.051
natural_gas,2011,1,AT,147004.0,2.843
natural_gas,2011,1,BE,613548.0,5.48
natural_gas,2011,1,BY,358630.0,6.133
natural_gas,2011,1,CH,12.0,0.013
natural_gas,2011,1,CN,207.0,0.032
natural_gas,2011,1,DE,176913793.0,1466.395
natural_gas,2011,1,DK,377568.0,3.324
natural_gas,2011,1,ES,1086.0,0.011
natural_gas,2011,1,FR,6493.0,0.572
natural_gas,2011,1,GB,780.0,0.168
natural_gas,2011,1,HU,1766800.0,29.727
natural_gas,2011,1,IT,10778469.0,89.82
natural_gas,2011,1,KR,384.0,0.03
natural_gas,2011,1,KZ,1786280.0,35.731
natural_gas,2011,1,NO,199093694.0,1821.248
natural_gas,2011,1,PL,1755108.0,31.024
natural_gas,2011,1,QV,39960.0,1.0
natural_gas,2011,1,RU,523749294.0,5279.557
natural_gas,2011,1,SK,3773260.0,65.047
natural_gas,2011,1,TW,30.0,0.007
natural_gas,2011,1,US,4.0,0.002
natural_gas,2011,2,AT,369852.0,4.363
natural_gas,2011,2,BE,1321488.0,10.858
natural_gas,2011,2,CH,20.0,0.017
natural_gas,2011,2,CN,40.0,0.002
natural_gas,2011,2,DE,158468196.0,1260.862
natural_gas,2011,2,DK,141588.0,1.189
natural_gas,2011,2,EE,8.0,0.002
natural_gas,2011,2,ES,484.0,0.008
natural_gas,2011,2,FR,14522.0,1.23
natural_gas,2011,2,GB,17.0,0.008
natural_gas,2011,2,HU,1611350.0,28.152
natural_gas,2011,2,IT,14136093.0,105.764
natural_gas,2011,2,KZ,2257490.0,42.619
natural_gas,2011,2,NL,19750.0,0.374
natural_gas,2011,2,NO,179826562.0,1594.768
natural_gas,2011,2,PL,706480.0,11.179
natural_gas,2011,2,RU,570532747.0,5622.838
natural_gas,2011,2,SK,4194498.0,68.322
natural_gas,2011,2,TW,31.0,0.007
natural_gas,2011,2,US,19.0,0.019
natural_gas,2011,3,AT,1386905.0,24.288
natural_gas,2011,3,CN,190.0,0.031
natural_gas,2011,3,DE,146357221.0,1161.595
natural_gas,2011,3,DK,330372.0,2.892
natural_gas,2011,3,EE,16.0,0.005
natural_gas,2011,3,ES,528.0,0.006
natural_gas,2011,3,FR,6381.0,0.535
natural_gas,2011,3,GB,9.0,0.005
natural_gas,2011,3,HU,2743200.0,50.576
natural_gas,2011,3,IT,14026330.0,105.786
natural_gas,2011,3,KP,2.0,0.001
natural_gas,2011,3,KR,4342.0,0.451
natural_gas,2011,3,KZ,2924030.0,47.712
natural_gas,2011,3,NL,31778.0,0.629
natural_gas,2011,3,NO,196697664.0,1783.393
natural_gas,2011,3,PL,1073699.0,15.191
natural_gas,2011,3,RU,495475206.0,4708.638
natural_gas,2011,3,SK,4228956.0,76.58
natural_gas,2011,3,TW,65.0,0.014
natural_gas,2011,3,US,9.0,0.021
natural_gas,2011,4,AT,84072.0,1.507
natural_gas,2011,4,BE,150.0,0.02
natural_gas,2011,4,CH,8.0,0.006
natural_gas,2011,4,CN,20.0,0.001
natural_gas,2011,4,DE,142774452.0,1153.981
natural_gas,2011,4,DK,405886.0,3.412
natural_gas,2011,4,EE,23.0,0.007
natural_gas,2011,4,ES,861.0,0.011
natural_gas,2011,4,FR,16201.0,1.316
natural_gas,2011,4,GB,28.0,0.02
natural_gas,2011,4,HU,3128800.0,58.645
natural_gas,2011,4,IT,8891537.0,67.972
natural_gas,2011,4,KR,2380.0,0.205
natural_gas,2011,4,KZ,1900050.0,30.66
natural_gas,2011,4,NL,38883.0,0.78
natural_gas,2011,4,NO,188089630.0,1802.726
natural_gas,2011,4,PL,1049551.0,15.267
natural_gas,2011,4,RU,542536948.0,5286.878
natural_gas,2011,4,SK,4616307.0,85.942
natural_gas,2011,4,TW,17.0,0.004
natural_gas,2011,4,UA,46650.0,0.638
natural_gas,2011,4,US,33.0,0.072
natural_gas,2011,5,AT,79.0,0.011
natural_gas,2011,5,BE,501483.0,4.007
natural_gas,2011,5,CH,5.0,0.005
natural_gas,2011,5,CN,415.0,0.018
natural_gas,2011,5,DE,165223452.0,1339.856
natural_gas,2011,5,DK,141588.0,1.139
natural_gas,2011,5,EE,6.0,0.001
natural_gas,2011,5,ES,298.0,0.005
natural_gas,2011,5,FR,2011.0,0.2
natural_gas,2011,5,GB,364.0,0.073
natural_gas,2011,5,HU,83100.0,1.426
natural_gas,2011,5,IT,9484936.0,72.126
natural_gas,2011,5,KR,1883.0,0.209
natural_gas,2011,5,KZ,1487550.0,25.059
natural_gas,2011,5,NL,321.0,0.016
natural_gas,2011,5,NO,194630468.0,1894.842
natural_gas,2011,5,PL,1811308.0,26.942
natural_gas,2011,5,QV,59240.0,0.882
natural_gas,2011,5,RU,538666425.0,5396.437
natural_gas,2011,5,SK,6240762.0,116.763
natural_gas,2011,5,TW,115.0,0.022
natural_gas,2011,5,US,11.0,0.025
natural_gas,2011,6,AT,69033.0,0.962
natural_gas,2011,6,CH,17.0,0.016
natural_gas,2011,6,CN,1220.0,0.097
natural_gas,2011,6,DE,126630709.0,1003.855
natural_gas,2011,6,EE,21.0,0.007
natural_gas,2011,6,ES,489.0,0.012
natural_gas,2011,6,FR,4710.0,0.498
natural_gas,2011,6,GB,22.0,0.043
natural_gas,2011,6,IT,8606270.0,65.804
natural_gas,2011,6,KR,94.0,0.016
natural_gas,2011,6,KZ,939520.0,15.285
natural_gas,2011,6,NL,58345.0,1.102
natural_gas,2011,6,NO,185724481.0,1882.961
natural_gas,2011,6,PL,2566647.0,38.407
natural_gas,2011,6,RU,445640277.0,4490.548
natural_gas,2011,6,SK,4155415.0,72.949
natural_gas,2011,6,TW,220.0,0.021
natural_gas,2011,6,US,47.0,0.043
natural_gas,2011,7,AT,1183046.0,27.773
natural_gas,2011,7,CH,6.0,0.005
natural_gas,2011,7,CN,606.0,0.027
natural_gas,2011,7,DE,118634065.0,938.922
natural_gas,2011,7,EE,26.0,0.008
natural_gas,2011,7,ES,1008.0,0.01
natural_gas,2011,7,FR,2567.0,0.269
natural_gas,2011,7,GB,585.0,0.086
natural_gas,2011,7,HU,992750.0,20.112
natural_gas,2011,7,IT,8904592.0,66.916
natural_gas,2011,7,KR,700.0,0.067
natural_gas,2011,7,KZ,2292670.0,35.156
natural_gas,2011,7,NL,2027762.0,60.525
natural_gas,2011,7,NO,59815585.0,582.024
natural_gas,2011,7,PL,1502151.0,22.061
natural_gas,2011,7,RU,323490247.0,3442.041
natural_gas,2011,7,SK,5245960.0,90.585
natural_gas,2011,7,TW,555.0,0.027
natural_gas,2011,7,US,2.0,0.014
natural_gas,2011,8,AT,1905873.0,45.241
natural_gas,2011,8,BE,60.0,0.006
natural_gas,2011,8,BY,473080.0,7.26
natural_gas,2011,8,CH,12.0,0.01
natural_gas,2011,8,CN,945.0,0.05
natural_gas,2011,8,DE,107040608.0,855.767
natural_gas,2011,8,EE,36.0,0.01
natural_gas,2011,8,ES,1008.0,0.01
natural_gas,2011,8,FR,2396.0,0.27
natural_gas,2011,8,GB,13.0,0.006
natural_gas,2011,8,HU,820200.0,18.523
natural_gas,2011,8,IT,8820512.0,66.002
natural_gas,2011,8,KR,6138.0,0.546
natural_gas,2011,8,KZ,1520580.0,24.233
natural_gas,2011,8,NL,2213567.0,65.616
natural_gas,2011,8,NO,35503207.0,340.674
natural_gas,2011,8,PL,2364877.0,34.876
natural_gas,2011,8,RU,435064005.0,4740.221
natural_gas,2011,8,SK,4005728.0,69.402
natural_gas,2011,8,TW,99.0,0.005
natural_gas,2011,8,US,2.0,0.009
natural_gas,2011,9,AT,2800787.0,65.703
natural_gas,2011,9,BE,209.0,0.026
natural_gas,2011,9,CH,10.0,0.01
natural_gas,2011,9,CN,2920.0,0.117
natural_gas,2011,9,DE,111185239.0,922.593
natural_gas,2011,9,ES,1022.0,0.013
natural_gas,2011,9,FR,232.0,0.058
natural_gas,2011,9,GB,1444.0,0.206
natural_gas,2011,9,HU,3976300.0,103.131
natural_gas,2011,9,IT,7710118.0,58.147
natural_gas,2011,9,KP,2.0,0.0
natural_gas,2011,9,KR,202.0,0.019
natural_gas,2011,9,KZ,1976290.0,32.201
natural_gas,2011,9,NL,36585.0,0.704
natural_gas,2011,9,NO,40088166.0,394.431
natural_gas,2011,9,PL,1394495.0,21.508
natural_gas,2011,9,QR,20060.0,0.329
natural_gas,2011,9,RU,228791383.0,2614.282
natural_gas,2011,9,SK,4753708.0,76.848
natural_gas,2011,9,TW,17.0,0.004
natural_gas,2011,9,US,0.0,0.003
natural_gas,2011,10,AT,1748329.0,31.637
natural_gas,2011,10,CH,17.0,0.018
natural_gas,2011,10,CN,2117.0,0.088
natural_gas,2011,10,DE,295432035.0,2530.87
natural_gas,2011,10,EE,17.0,0.006
natural_gas,2011,10,ES,1162.0,0.014
natural_gas,2011,10,FR,949.0,0.165
natural_gas,2011,10,GB,15.0,0.007
natural_gas,2011,10,HU,1143900.0,32.553
natural_gas,2011,10,IT,12582667.0,102.355
natural_gas,2011,10,KR,70.0,0.011
natural_gas,2011,10,KZ,2472710.0,40.289
natural_gas,2011,10,NL,39472.0,0.721
natural_gas,2011,10,NO,172670740.0,1956.091
natural_gas,2011,10,PL,1106730.0,17.534
natural_gas,2011,10,RU,236791145.0,2765.405
natural_gas,2011,10,SK,5865076.0,103.143
natural_gas,2011,10,TW,109.0,0.015
natural_gas,2011,10,US,31.0,0.05
natural_gas,2011,11,AT,1800363.0,29.75
natural_gas,2011,11,CA,1.0,0.005
natural_gas,2011,11,CH,4.0,0.004
natural_gas,2011,11,CN,2098.0,0.087
natural_gas,2011,11,DE,241690913.0,1910.398
natural_gas,2011,11,DK,750782.0,6.946
natural_gas,2011,11,EE,16.0,0.006
natural_gas,2011,11,ES,732.0,0.01
natural_gas,2011,11,FR,1109.0,0.247
natural_gas,2011,11,GB,13.0,0.005
natural_gas,2011,11,HU,1643250.0,41.641
natural_gas,2011,11,IT,13937901.0,114.78
natural_gas,2011,11,KP,6.0,0.001
natural_gas,2011,11,KR,401.0,0.03
natural_gas,2011,11,KZ,4231670.0,69.45
natural_gas,2011,11,NL,1341499.0,28.204
natural_gas,2011,11,NO,180633968.0,2041.487
natural_gas,2011,11,PL,1269278.0,20.794
natural_gas,2011,11,RU,253559126.0,3010.447
natural_gas,2011,11,SK,5359584.0,91.446
natural_gas,2011,11,TW,61.0,0.005
natural_gas,2011,11,US,3.0,0.007
natural_gas,2011,12,AT,2023122.0,41.215
natural_gas,2011,12,CH,7.0,0.006
natural_gas,2011,12,CN,768.0,0.031
natural_gas,2011,12,DE,210496899.0,1669.067
natural_gas,2011,12,DK,600409.0,5.708
natural_gas,2011,12,EE,11.0,0.002
natural_gas,2011,12,ES,1046.0,0.014
natural_gas,2011,12,FR,698.0,0.075
natural_gas,2011,12,GB,31.0,0.015
natural_gas,2011,12,IT,5860480.0,45.76
natural_gas,2011,12,KR,79.0,0.006
natural_gas,2011,12,KZ,4411498.0,73.469
natural_gas,2011,12,NL,228452.0,4.058
natural_gas,2011,12,NO,185989891.0,2198.928
natural_gas,2011,12,PL,1527852.0,23.882
natural_gas,2011,12,RU,489250416.0,6326.334
natural_gas,2011,12,SK,5368841.0,95.64
natural_gas,2011,12,TW,70.0,0.005
natural_gas,2012,1,AT,2693401.0,59.815
natural_gas,2012,1,BE,8.0,0.009
natural_gas,2012,1,CH,1.0,0.001
natural_gas,2012,1,CN,1035.0,0.041
natural_gas,2012,1,DE,122193522.0,1109.599
natural_gas,2012,1,EE,16.0,0.005
natural_gas,2012,1,ES,89.0,0.008
natural_gas,2012,1,FR,755618.0,5.22
natural_gas,2012,1,GB,4.0,0.002
natural_gas,2012,1,HU,3003500.0,64.995
natural_gas,2012,1,IT,1460256.0,12.858
natural_gas,2012,1,KP,4.0,0.001
natural_gas,2012,1,KR,1441.0,0.164
natural_gas,2012,1,KZ,1228430.0,21.053
natural_gas,2012,1,NL,4255110.0,117.169
natural_gas,2012,1,NO,188594247.0,2291.607
natural_gas,2012,1,PL,1453320.0,25.021
natural_gas,2012,1,QU,10840849.0,102.238
natural_gas,2012,1,RU,429457959.0,5888.571
natural_gas,2012,1,SK,5370357.0,99.12
natural_gas,2012,1,TW,1454.0,0.236
natural_gas,2012,1,US,12.0,0.012
natural_gas,2012,2,AT,2175022.0,50.095
natural_gas,2012,2,BE,21.0,0.004
natural_gas,2012,2,CH,18.0,0.019
natural_gas,2012,2,CN,417.0,0.019
natural_gas,2012,2,DE,148476382.0,1574.872
natural_gas,2012,2,EE,23.0,0.008
natural_gas,2012,2,ES,28.0,0.004
natural_gas,2012,2,FR,16455072.0,111.781
natural_gas,2012,2,GB,1.0,0.0
natural_gas,2012,2,HU,2953800.0,75.013
natural_gas,2012,2,IT,1369159.0,11.996
natural_gas,2012,2,KR,1149.0,0.081
natural_gas,2012,2,KZ,1845940.0,33.574
natural_gas,2012,2,NL,3225438.0,95.469
natural_gas,2012,2,NO,177640540.0,2183.233
natural_gas,2012,2,PL,2635463.0,43.098
natural_gas,2012,2,QU,14570163.0,155.344
natural_gas,2012,2,RU,350410487.0,4930.151
natural_gas,2012,2,SK,3821694.0,78.525
natural_gas,2012,2,TW,146.0,0.027
natural_gas,2012,2,US,788.0,0.169
natural_gas,2012,3,AT,4055174.0,103.308
natural_gas,2012,3,BE,34.0,0.005
natural_gas,2012,3,CH,4.0,0.004
natural_gas,2012,3,CN,505.0,0.021
natural_gas,2012,3,DE,157652367.0,1470.604
natural_gas,2012,3,EE,37.0,0.011
natural_gas,2012,3,ES,127.0,0.018
natural_gas,2012,3,FR,1054507.0,7.831
natural_gas,2012,3,GB,1034.0,0.195
natural_gas,2012,3,GR,8865.0,0.571
natural_gas,2012,3,HU,2758500.0,53.61
natural_gas,2012,3,IT,1461749.0,12.828
natural_gas,2012,3,KI,139820.0,3.055
natural_gas,2012,3,KR,2215.0,0.17
natural_gas,2012,3,KZ,2155030.0,41.327
natural_gas,2012,3,NL,4322844.0,136.018
natural_gas,2012,3,NO,189741543.0,2287.808
natural_gas,2012,3,PL,4075661.0,67.597
natural_gas,2012,3,QU,11951391.0,119.12
natural_gas,2012,3,RU,422738641.0,5837.888
natural_gas,2012,3,SK,2099062.0,56.978
natural_gas,2012,3,TW,72.0,0.011
natural_gas,2012,4,AT,4717254.0,115.421
natural_gas,2012,4,BE,770.0,0.085
natural_gas,2012,4,BY,125350.0,2.202
natural_gas,2012,4,CA,1.0,0.005
natural_gas,2012,4,CH,7.0,0.008
natural_gas,2012,4,CN,1672.0,0.074
natural_gas,2012,4,DE,135046543.0,1311.595
natural_gas,2012,4,EE,30.0,0.009
natural_gas,2012,4,ES,76.0,0.014
natural_gas,2012,4,FR,3276032.0,19.613
natural_gas,2012,4,HU,2900700.0,75.759
natural_gas,2012,4,IT,476913.0,3.899
natural_gas,2012,4,KR,2309.0,0.23
natural_gas,2012,4,KZ,1269520.0,26.055
natural_gas,2012,4,LV,42760.0,0.726
natural_gas,2012,4,NL,4016060.0,126.738
natural_gas,2012,4,NO,182447772.0,2174.763
natural_gas,2012,4,PL,1497994.0,27.219
natural_gas,2012,4,QU,12950422.0,127.713
natural_gas,2012,4,RU,377512899.0,5241.616
natural_gas,2012,4,SK,1125430.0,30.205
natural_gas,2012,4,TW,61.0,0.003
natural_gas,2012,4,US,14.0,0.027
natural_gas,2012,5,AT,2890025.0,66.954
natural_gas,2012,5,BE,37351.0,0.64
natural_gas,2012,5,CH,6.0,0.006
natural_gas,2012,5,CN,1219.0,0.051
natural_gas,2012,5,DE,144560662.0,1211.99
natural_gas,2012,5,EE,23.0,0.008
natural_gas,2012,5,ES,58.0,0.008
natural_gas,2012,5,FR,3455581.0,20.15
natural_gas,2012,5,GB,1.0,0.0
natural_gas,2012,5,IT,475430.0,3.875
natural_gas,2012,5,KR,1604.0,0.183
natural_gas,2012,5,KZ,1490340.0,28.322
natural_gas,2012,5,NL,6368065.0,185.019
natural_gas,2012,5,NO,184874986.0,2240.536
natural_gas,2012,5,PL,1474289.0,25.763
natural_gas,2012,5,QU,11249923.0,113.119
natural_gas,2012,5,RU,470444158.0,6561.141
natural_gas,2012,5,SK,2128680.0,58.563
natural_gas,2012,5,TW,120.0,0.028
natural_gas,2012,5,US,10.0,0.021
natural_gas,2012,6,AT,1131188.0,24.149
natural_gas,2012,6,BY,581980.0,9.506
natural_gas,2012,6,CH,16.0,0.017
natural_gas,2012,6,CN,1969.0,0.095
natural_gas,2012,6,DE,136480868.0,1144.89
natural_gas,2012,6,EE,23.0,0.008
natural_gas,2012,6,ES,68.0,0.009
natural_gas,2012,6,FR,5414980.0,33.079
natural_gas,2012,6,GR,22.0,0.002
natural_gas,2012,6,IT,475106.0,3.834
natural_gas,2012,6,KR,228.0,0.019
natural_gas,2012,6,KZ,1797500.0,29.847
natural_gas,2012,6,NL,2808129.0,70.364
natural_gas,2012,6,NO,97127196.0,1210.177
natural_gas,2012,6,PL,1428579.0,21.048
natural_gas,2012,6,QU,10718506.0,108.352
natural_gas,2012,6,RU,251453210.0,3595.343
natural_gas,2012,6,SK,2192146.0,52.979
natural_gas,2012,6,TW,108.0,0.031
natural_gas,2012,6,US,762.0,0.133
natural_gas,2012,7,AT,3542283.0,69.445
natural_gas,2012,7,BY,175430.0,2.784
natural_gas,2012,7,CH,1.0,0.001
natural_gas,2012,7,CN,1445.0,0.074
natural_gas,2012,7,DE,174683144.0,1498.163
natural_gas,2012,7,EE,45.0,0.017
natural_gas,2012,7,ES,55.0,0.009
natural_gas,2012,7,FR,7501718.0,45.216
natural_gas,2012,7,GB,0.0,0.0
natural_gas,2012,7,IT,5106.0,0.268
natural_gas,2012,7,KP,10.0,0.002
natural_gas,2012,7,KR,662.0,0.048
natural_gas,2012,7,KZ,1916420.0,27.987
natural_gas,2012,7,NL,2937871.0,72.296
natural_gas,2012,7,NO,183314117.0,2287.612
natural_gas,2012,7,PL,1783828.0,24.923
natural_gas,2012,7,QU,8044155.0,83.828
natural_gas,2012,7,RU,168010413.0,2583.208
natural_gas,2012,7,SE,21.0,0.007
natural_gas,2012,7,SK,3342180.0,71.217
natural_gas,2012,7,TW,133.0,0.031
natural_gas,2012,7,US,1038.0,0.291
natural_gas,2012,8,AT,3268048.0,71.339
natural_gas,2012,8,BE,154.0,0.051
natural_gas,2012,8,BY,264930.0,3.896
natural_gas,2012,8,CN,133.0,0.009
natural_gas,2012,8,DE,95036966.0,877.355
natural_gas,2012,8,EE,26.0,0.008
natural_gas,2012,8,ES,94.0,0.017
natural_gas,2012,8,FR,3004228.0,17.808
natural_gas,2012,8,GR,36.0,0.003
natural_gas,2012,8,IT,508134.0,4.246
natural_gas,2012,8,KP,29.0,0.004
natural_gas,2012,8,KR,197.0,0.035
natural_gas,2012,8,KZ,1010590.0,15.789
natural_gas,2012,8,NL,5199236.0,134.481
natural_gas,2012,8,NO,183338221.0,2277.215
natural_gas,2012,8,PL,2334487.0,36.99
natural_gas,2012,8,QU,9944208.0,100.989
natural_gas,2012,8,RU,218187180.0,3267.957
natural_gas,2012,8,SK,2070710.0,43.433
natural_gas,2012,8,TW,53.0,0.013
natural_gas,2012,8,US,1.0,0.008
natural_gas,2012,9,AT,3082486.0,60.067
natural_gas,2012,9,BE,1569.0,0.188
natural_gas,2012,9,BY,38860.0,0.775
natural_gas,2012,9,CH,4.0,0.004
natural_gas,2012,9,CN,383.0,0.021
natural_gas,2012,9,DE,97354621.0,906.717
natural_gas,2012,9,DK,0.0,0.0
natural_gas,2012,9,EE,36.0,0.01
natural_gas,2012,9,ES,50.0,0.007
natural_gas,2012,9,FR,2903257.0,16.78
natural_gas,2012,9,GR,34.0,0.003
natural_gas,2012,9,IT,508141.0,4.241
natural_gas,2012,9,KR,49.0,0.009
natural_gas,2012,9,KZ,594500.0,11.259
natural_gas,2012,9,NL,3647880.0,94.727
natural_gas,2012,9,NO,86446070.0,1043.05
natural_gas,2012,9,PL,2044286.0,35.172
natural_gas,2012,9,QU,7618576.0,76.912
natural_gas,2012,9,RU,343563187.0,5242.047
natural_gas,2012,9,SE,20.0,0.009
natural_gas,2012,9,SK,1312290.0,26.453
natural_gas,2012,9,TW,37.0,0.002
natural_gas,2012,9,US,1.0,0.0
natural_gas,2012,10,AT,2186024.0,40.969
natural_gas,2012,10,BA,45500.0,0.824
natural_gas,2012,10,BE,73.0,0.007
natural_gas,2012,10,CH,1.0,0.001
natural_gas,2012,10,CN,635.0,0.039
natural_gas,2012,10,DE,155968723.0,1405.577
natural_gas,2012,10,DK,43393.0,0.327
natural_gas,2012,10,EE,36.0,0.01
natural_gas,2012,10,ES,82.0,0.011
natural_gas,2012,10,FR,1641261.0,20.455
natural_gas,2012,10,GB,1.0,0.0
natural_gas,2012,10,GR,34.0,0.003
natural_gas,2012,10,HU,1966450.0,46.39
natural_gas,2012,10,IT,475525.0,3.797
natural_gas,2012,10,KR,546.0,0.042
natural_gas,2012,10,KZ,1886210.0,37.039
natural_gas,2012,10,NL,621300.0,14.69
natural_gas,2012,10,NO,179545576.0,2107.91
natural_gas,2012,10,PL,3038345.0,53.693
natural_gas,2012,10,QU,22723155.0,232.725
natural_gas,2012,10,RU,366639895.0,5403.49
natural_gas,2012,10,SE,5.0,0.002
natural_gas,2012,10,SK,3161840.0,71.425
natural_gas,2012,10,TW,167.0,0.028
natural_gas,2012,10,US,2.0,0.002
natural_gas,2012,11,AT,2165786.0,40.756
natural_gas,2012,11,BY,98400.0,1.834
natural_gas,2012,11,CH,9.0,0.011
natural_gas,2012,11,CN,786.0,0.042
natural_gas,2012,11,DE,114944770.0,1136.141
natural_gas,2012,11,ES,63.0,0.01
natural_gas,2012,11,FR,2356081.0,35.962
natural_gas,2012,11,GR,56.0,0.005
natural_gas,2012,11,HR,10.0,0.003
natural_gas,2012,11,IT,968411.0,7.666
natural_gas,2012,11,KR,117.0,0.029
natural_gas,2012,11,KZ,2947030.0,61.632
natural_gas,2012,11,NL,3632655.0,91.782
natural_gas,2012,11,NO,173520558.0,2038.249
natural_gas,2012,11,PL,2831536.0,51.341
natural_gas,2012,11,QU,24949559.0,257.843
natural_gas,2012,11,RU,304433981.0,4361.873
natural_gas,2012,11,SK,3774706.0,82.716
natural_gas,2012,11,TW,776.0,0.048
natural_gas,2012,11,US,701.0,0.111
natural_gas,2012,12,AT,540272.0,10.055
natural_gas,2012,12,BE,29.0,0.011
natural_gas,2012,12,BY,213960.0,4.144
natural_gas,2012,12,CH,2.0,0.003
natural_gas,2012,12,CN,955.0,0.048
natural_gas,2012,12,DE,110955783.0,1113.088
natural_gas,2012,12,EE,38.0,0.01
natural_gas,2012,12,ES,65.0,0.009
natural_gas,2012,12,FR,750983.0,4.883
natural_gas,2012,12,GB,0.0,0.0
natural_gas,2012,12,GR,11.0,0.001
natural_gas,2012,12,HU,1027590.0,23.849
natural_gas,2012,12,IT,493093.0,3.958
natural_gas,2012,12,KR,6068.0,0.666
natural_gas,2012,12,KZ,2570770.0,54.746
natural_gas,2012,12,NL,2688100.0,66.811
natural_gas,2012,12,NO,179304575.0,2152.076
natural_gas,2012,12,PL,2869270.0,52.836
natural_gas,2012,12,QU,39072217.0,414.778
natural_gas,2012,12,RU,251806244.0,3570.985
natural_gas,2012,12,SK,3154510.0,69.054
natural_gas,2012,12,TW,86.0,0.005
natural_gas,2012,12,US,40.0,0.046
natural_gas,2013,1,AT,340273.0,5.485
natural_gas,2013,1,BE,16.0,0.005
natural_gas,2013,1,BY,195520.0,3.326
natural_gas,2013,1,CH,1.0,0.001
natural_gas,2013,1,CN,711.0,0.043
natural_gas,2013,1,DE,214671986.0,2009.092
natural_gas,2013,1,ES,66.0,0.009
natural_gas,2013,1,FR,47979.0,0.877
natural_gas,2013,1,GR,5910.0,0.373
natural_gas,2013,1,HU,2020300.0,41.011
natural_gas,2013,1,IT,621132.0,6.616
natural_gas,2013,1,KR,809.0,0.122
natural_gas,2013,1,KZ,1620999.0,31.956
natural_gas,2013,1,NL,2193725.0,52.813
natural_gas,2013,1,NO,179304575.0,2092.357
natural_gas,2013,1,PL,3697795.0,68.075
natural_gas,2013,1,QU,41676782.0,438.899
natural_gas,2013,1,QV,29.0,0.001
natural_gas,2013,1,RU,363558136.0,4600.076
natural_gas,2013,1,SK,3971755.0,84.342
natural_gas,2013,1,TW,12.0,0.001
natural_gas,2013,1,US,3.0,0.007
natural_gas,2013,2,AT,146982.0,2.295
natural_gas,2013,2,BE,189.0,0.032
natural_gas,2013,2,BY,853330.0,12.587
natural_gas,2013,2,CN,271.0,0.021
natural_gas,2013,2,DE,128319246.0,1293.938
natural_gas,2013,2,EE,16.0,0.005
natural_gas,2013,2,ES,73.0,0.03
natural_gas,2013,2,FR,2457185.0,47.395
natural_gas,2013,2,GR,23.0,0.002
natural_gas,2013,2,HU,1011920.0,22.416
natural_gas,2013,2,IT,566214.0,6.024
natural_gas,2013,2,KR,1205.0,0.203
natural_gas,2013,2,KZ,1180050.0,21.641
natural_gas,2013,2,LV,21100.0,0.311
natural_gas,2013,2,NL,3173250.0,78.136
natural_gas,2013,2,NO,161829459.0,1891.836
natural_gas,2013,2,PL,3279583.0,54.189
natural_gas,2013,2,QU,46155959.0,478.434
natural_gas,2013,2,QV,5.0,0.0
natural_gas,2013,2,RU,123716515.0,1556.292
natural_gas,2013,2,SK,3810520.0,78.261
natural_gas,2013,2,TW,25.0,0.002
natural_gas,2013,2,US,0.0,0.004
natural_gas,2013,3,AT,3448981.0,72.799
natural_gas,2013,3,BE,10.0,0.003
natural_gas,2013,3,BY,1021310.0,14.391
natural_gas,2013,3,CH,17.0,0.019
natural_gas,2013,3,CN,407.0,0.023
natural_gas,2013,3,DE,122357072.0,1200.159
natural_gas,2013,3,DK,3166336.0,30.24
natural_gas,2013,3,EE,62.0,0.018
natural_gas,2013,3,ES,66.0,0.009
natural_gas,2013,3,FR,2241657.0,20.644
natural_gas,2013,3,GR,78.0,0.006
natural_gas,2013,3,HU,1960700.0,44.735
natural_gas,2013,3,IT,13451298.0,121.596
natural_gas,2013,3,KR,1373.0,0.223
natural_gas,2013,3,KZ,1240367.0,20.341
natural_gas,2013,3,NL,2523850.0,62.066
natural_gas,2013,3,NO,179063575.0,2072.327
natural_gas,2013,3,PL,7020733.0,119.422
natural_gas,2013,3,QU,47636451.0,513.967
natural_gas,2013,3,RU,396470864.0,4755.51
natural_gas,2013,3,SE,26.0,0.007
natural_gas,2013,3,SK,5672992.0,90.401
natural_gas,2013,3,TW,52.0,0.014
natural_gas,2013,3,US,672.0,0.102
natural_gas,2013,4,AT,2638.0,0.033
natural_gas,2013,4,BE,47.0,0.013
natural_gas,2013,4,BY,1081956.0,15.656
natural_gas,2013,4,CN,1393.0,0.072
natural_gas,2013,4,DE,113902994.0,1223.072
natural_gas,2013,4,DK,1180272.0,5.328
natural_gas,2013,4,ES,114.0,0.022
natural_gas,2013,4,FR,1299054.0,85.649
natural_gas,2013,4,GB,1211.0,0.143
natural_gas,2013,4,HU,2016150.0,41.325
natural_gas,2013,4,IT,6266916.0,61.295
natural_gas,2013,4,KR,1364.0,0.243
natural_gas,2013,4,KZ,1111240.0,17.627
natural_gas,2013,4,NL,5030514.0,104.985
natural_gas,2013,4,NO,173520557.0,2067.354
natural_gas,2013,4,NP,6700.0,0.097
natural_gas,2013,4,PL,3333930.0,50.143
natural_gas,2013,4,QU,25563910.0,271.461
natural_gas,2013,4,RU,510023353.0,6021.999
natural_gas,2013,4,SK,5565148.0,105.549
natural_gas,2013,4,TW,26.0,0.006
natural_gas,2013,5,AT,134249.0,1.808
natural_gas,2013,5,BE,22.0,0.006
natural_gas,2013,5,BY,464250.0,6.19
natural_gas,2013,5,CH,26.0,0.028
natural_gas,2013,5,CN,1271.0,0.073
natural_gas,2013,5,DE,140480410.0,1333.346
natural_gas,2013,5,DK,40000.0,0.846
natural_gas,2013,5,EE,30.0,0.009
natural_gas,2013,5,ES,88.0,0.012
natural_gas,2013,5,FR,626309.0,12.064
natural_gas,2013,5,GB,4.0,0.002
natural_gas,2013,5,GR,22.0,0.002
natural_gas,2013,5,IT,287985.0,2.757
natural_gas,2013,5,KR,297.0,0.044
natural_gas,2013,5,KZ,1095380.0,15.646
natural_gas,2013,5,NL,111.0,0.012
natural_gas,2013,5,NO,178733136.0,2087.149
natural_gas,2013,5,PL,4553103.0,67.976
natural_gas,2013,5,QU,18075244.0,191.123
natural_gas,2013,5,RU,257512655.0,3147.904
natural_gas,2013,5,SE,1.0,0.0
natural_gas,2013,5,SK,397503.0,6.353
natural_gas,2013,5,TW,462.0,0.095
natural_gas,2013,5,US,10.0,0.024
natural_gas,2013,6,AT,1301783.0,21.82
natural_gas,2013,6,BE,23.0,0.003
natural_gas,2013,6,BY,713280.0,9.178
natural_gas,2013,6,CN,1955.0,0.13
natural_gas,2013,6,DE,62471342.0,583.398
natural_gas,2013,6,DK,170000.0,3.457
natural_gas,2013,6,EE,49.0,0.017
natural_gas,2013,6,ES,87.0,0.012
natural_gas,2013,6,FR,3705468.0,71.692
natural_gas,2013,6,GB,12203856.0,85.373
natural_gas,2013,6,GR,34.0,0.003
natural_gas,2013,6,IT,16922141.0,159.983
natural_gas,2013,6,KR,11722.0,1.11
natural_gas,2013,6,KZ,1025550.0,14.636
natural_gas,2013,6,NL,1124075.0,24.458
natural_gas,2013,6,NO,173520558.0,2016.143
natural_gas,2013,6,PL,6344020.0,91.816
natural_gas,2013,6,QU,16349915.0,172.234
natural_gas,2013,6,RU,240095639.0,2916.808
natural_gas,2013,6,SK,1180170.0,22.983
natural_gas,2013,6,TW,37.0,0.003
natural_gas,2013,6,US,9.0,0.019
natural_gas,2013,7,AT,2023478.0,36.776
natural_gas,2013,7,BE,206.0,0.077
natural_gas,2013,7,BY,175380.0,2.333
natural_gas,2013,7,CN,1729.0,0.102
natural_gas,2013,7,DE,60829181.0,553.837
natural_gas,2013,7,DK,1650056.0,29.496
natural_gas,2013,7,EE,23.0,0.008
natural_gas,2013,7,ES,55.0,0.008
natural_gas,2013,7,FR,655825.0,12.106
natural_gas,2013,7,GB,11816793.0,80.065
natural_gas,2013,7,GR,112.0,0.009
natural_gas,2013,7,IT,602.0,0.231
natural_gas,2013,7,KR,409.0,0.069
natural_gas,2013,7,KZ,2456924.0,36.038
natural_gas,2013,7,NL,2878369.0,56.585
natural_gas,2013,7,NO,179264903.0,2008.353
natural_gas,2013,7,PL,6567860.0,100.723
natural_gas,2013,7,QU,17899605.0,185.041
natural_gas,2013,7,QV,828900.0,7.611
natural_gas,2013,7,RU,395473923.0,4813.794
natural_gas,2013,7,SK,3552590.0,70.623
natural_gas,2013,7,TW,48.0,0.004
natural_gas,2013,7,US,9.0,0.019
natural_gas,2013,8,AT,2459488.0,40.688
natural_gas,2013,8,BE,182.0,0.037
natural_gas,2013,8,CH,6.0,0.006
natural_gas,2013,8,CN,2241.0,0.137
natural_gas,2013,8,DE,73312979.0,674.24
natural_gas,2013,8,DK,1154928.0,8.224
natural_gas,2013,8,EE,62.0,0.019
natural_gas,2013,8,ES,44.0,0.006
natural_gas,2013,8,FR,1225702.0,23.115
natural_gas,2013,8,GB,11816790.0,81.212
natural_gas,2013,8,IT,756082.0,6.853
natural_gas,2013,8,KR,132.0,0.028
natural_gas,2013,8,KZ,1110186.0,16.868
natural_gas,2013,8,NL,3366688.0,57.96
natural_gas,2013,8,NO,179304576.0,1988.683
natural_gas,2013,8,PL,6355395.0,105.022
natural_gas,2013,8,QU,28094538.0,289.632
natural_gas,2013,8,QV,79419.0,1.143
natural_gas,2013,8,RU,488778620.0,5787.541
natural_gas,2013,8,SK,2123600.0,43.27
natural_gas,2013,8,TW,79.0,0.022
natural_gas,2013,8,US,0.0,0.004
natural_gas,2013,9,AT,1414575.0,24.892
natural_gas,2013,9,BE,180062.0,4.913
natural_gas,2013,9,BY,275540.0,4.298
natural_gas,2013,9,CH,1.0,0.001
natural_gas,2013,9,CN,1895.0,0.114
natural_gas,2013,9,DE,65020733.0,614.718
natural_gas,2013,9,DK,2680584.0,19.12
natural_gas,2013,9,ES,44.0,0.006
natural_gas,2013,9,FR,1964705.0,36.206
natural_gas,2013,9,GB,1088640.0,7.646
natural_gas,2013,9,GR,5910.0,0.401
natural_gas,2013,9,IT,1099.0,0.231
natural_gas,2013,9,KR,216.0,0.033
natural_gas,2013,9,KZ,1041025.0,16.596
natural_gas,2013,9,NL,2189250.0,38.186
natural_gas,2013,9,NO,164602751.0,1653.454
natural_gas,2013,9,PL,5504041.0,92.33
natural_gas,2013,9,QU,30629858.0,316.342
natural_gas,2013,9,QV,294909.0,3.1
natural_gas,2013,9,RU,521207273.0,6099.662
natural_gas,2013,9,SK,3449106.0,71.617
natural_gas,2013,9,TW,81.0,0.007
natural_gas,2013,9,US,687.0,0.107
natural_gas,2013,10,AT,2136169.0,36.069
natural_gas,2013,10,BE,9.0,0.002
natural_gas,2013,10,BY,218360.0,3.647
natural_gas,2013,10,CH,10.0,0.012
natural_gas,2013,10,CN,2739.0,0.162
natural_gas,2013,10,DE,72068679.0,662.286
natural_gas,2013,10,DK,475480.0,4.7
natural_gas,2013,10,EE,17.0,0.006
natural_gas,2013,10,ES,44.0,0.006
natural_gas,2013,10,FR,2585423.0,49.558
natural_gas,2013,10,GB,22496849.0,155.785
natural_gas,2013,10,IT,498.0,0.056
natural_gas,2013,10,KR,237.0,0.049
natural_gas,2013,10,KZ,2875502.0,48.715
natural_gas,2013,10,NL,2079805.0,39.67
natural_gas,2013,10,NO,177221440.0,1956.994
natural_gas,2013,10,PL,7578565.0,135.17
natural_gas,2013,10,QU,32314647.0,337.213
natural_gas,2013,10,QV,60240.0,1.022
natural_gas,2013,10,RU,566034041.0,6414.018
natural_gas,2013,10,SK,2504504.0,45.455
natural_gas,2013,10,TW,126.0,0.017
natural_gas,2013,10,US,11.0,0.024
natural_gas,2013,10,ZW,39580.0,0.682
natural_gas,2013,11,AT,2551926.0,49.712
natural_gas,2013,11,BE,1595.0,0.209
natural_gas,2013,11,BY,386190.0,6.905
natural_gas,2013,11,CH,12.0,0.013
natural_gas,2013,11,CN,1717.0,0.107
natural_gas,2013,11,DE,84401405.0,812.632
natural_gas,2013,11,DK,682880.0,9.156
natural_gas,2013,11,EE,27.0,0.007
natural_gas,2013,11,ES,66.0,0.009
natural_gas,2013,11,FR,2144045.0,45.333
natural_gas,2013,11,GB,1088647.0,7.66
natural_gas,2013,11,IT,920.0,0.126
natural_gas,2013,11,KR,97.0,0.023
natural_gas,2013,11,KZ,1366474.0,23.752
natural_gas,2013,11,NL,2877252.0,57.855
natural_gas,2013,11,NO,171274411.0,1984.071
natural_gas,2013,11,PL,6034197.0,108.519
natural_gas,2013,11,QU,32902477.0,358.734
natural_gas,2013,11,QV,10.0,0.0
natural_gas,2013,11,RU,545398936.0,6312.201
natural_gas,2013,11,SK,2099922.0,42.275
natural_gas,2013,11,TW,39.0,0.004
natural_gas,2013,11,US,41.0,0.016
natural_gas,2013,12,AT,1808119.0,36.113
natural_gas,2013,12,BE,43.0,0.018
natural_gas,2013,12,BY,98680.0,1.806
natural_gas,2013,12,CH,3.0,0.003
natural_gas,2013,12,CN,507.0,0.032
natural_gas,2013,12,DE,95166651.0,921.832
natural_gas,2013,12,DK,380086.0,2.976
natural_gas,2013,12,EE,16.0,0.005
natural_gas,2013,12,ES,60.0,0.008
natural_gas,2013,12,FR,3657536.0,77.73
natural_gas,2013,12,GB,1124929.0,8.379
natural_gas,2013,12,GR,11.0,0.001
natural_gas,2013,12,IT,98.0,0.016
natural_gas,2013,12,KR,9609.0,0.559
natural_gas,2013,12,KZ,840386.0,16.264
natural_gas,2013,12,NL,4134820.0,83.796
natural_gas,2013,12,NO,176938553.0,2079.938
natural_gas,2013,12,PL,6375337.0,123.119
natural_gas,2013,12,QU,54137923.0,507.559
natural_gas,2013,12,RU,512784375.0,6104.343
natural_gas,2013,12,SK,3487130.0,70.664
natural_gas,2014,1,AT,4140629.0,42.542
natural_gas,2014,1,BE,20.0,0.007
natural_gas,2014,1,BY,413180.0,7.697
natural_gas,2014,1,CH,3.0,0.003
natural_gas,2014,1,CN,1379.0,0.074
natural_gas,2014,1,DE,44027156.0,472.642
natural_gas,2014,1,DK,1499904.0,11.529
natural_gas,2014,1,ES,44.0,0.006
natural_gas,2014,1,FR,11335281.0,133.734
natural_gas,2014,1,GB,1874891.0,13.792
natural_gas,2014,1,GR,34.0,0.003
natural_gas,2014,1,IT,1299.0,0.213
natural_gas,2014,1,KR,487.0,0.076
natural_gas,2014,1,KZ,1384406.0,28.102
natural_gas,2014,1,NL,7375140.0,138.319
natural_gas,2014,1,NO,175826483.0,2078.836
natural_gas,2014,1,PL,4011817.0,79.025
natural_gas,2014,1,QU,34305080.0,385.039
natural_gas,2014,1,QV,39855.0,0.712
natural_gas,2014,1,RU,389361439.0,4692.847
natural_gas,2014,1,SK,236320.0,5.309
natural_gas,2014,1,TW,163.0,0.044
natural_gas,2014,1,US,890.0,0.101
natural_gas,2014,2,AT,3303137.0,27.608
natural_gas,2014,2,BE,44.0,0.024
natural_gas,2014,2,BY,156360.0,2.749
natural_gas,2014,2,CH,7.0,0.007
natural_gas,2014,2,CN,941.0,0.052
natural_gas,2014,2,DE,33497802.0,347.87
natural_gas,2014,2,EE,16.0,0.005
natural_gas,2014,2,ES,99.0,0.014
natural_gas,2014,2,FR,4261499.0,50.384
natural_gas,2014,2,GB,1693547.0,12.391
natural_gas,2014,2,GR,68.0,0.006
natural_gas,2014,2,IT,1536.0,0.205
natural_gas,2014,2,KR,911.0,0.137
natural_gas,2014,2,KZ,1625766.0,30.412
natural_gas,2014,2,NL,5997916.0,112.227
natural_gas,2014,2,NO,119671153.0,1402.971
natural_gas,2014,2,PL,4589540.0,85.691
natural_gas,2014,2,QU,38589901.0,429.415
natural_gas,2014,2,RU,285610665.0,3380.054
natural_gas,2014,2,SK,213440.0,4.546
natural_gas,2014,2,TW,306.0,0.067
natural_gas,2014,2,US,6.0,0.074
natural_gas,2014,3,AT,4792568.0,50.777
natural_gas,2014,3,BE,6.0,0.001
natural_gas,2014,3,BY,235910.0,3.825
natural_gas,2014,3,CH,12.0,0.013
natural_gas,2014,3,CN,1811.0,0.095
natural_gas,2014,3,DE,37647323.0,360.635
natural_gas,2014,3,DK,374472.0,2.477
natural_gas,2014,3,EE,42.0,0.014
natural_gas,2014,3,ES,33.0,0.005
natural_gas,2014,3,FR,6178609.0,62.011
natural_gas,2014,3,GB,1874065.0,13.847
natural_gas,2014,3,IT,104.0,0.026
natural_gas,2014,3,KR,1009.0,0.149
natural_gas,2014,3,KZ,2539550.0,43.733
natural_gas,2014,3,NL,5646913.0,107.403
natural_gas,2014,3,PL,4025715.0,68.547
natural_gas,2014,3,QU,23886453.0,257.582
natural_gas,2014,3,QV,34.0,0.001
natural_gas,2014,3,RU,231027433.0,2706.953
natural_gas,2014,3,SK,268450.0,5.746
natural_gas,2014,3,TW,162.0,0.011
natural_gas,2014,3,US,0.0,0.001
natural_gas,2014,4,AT,3004993.0,38.192
natural_gas,2014,4,BE,40.0,0.017
natural_gas,2014,4,BY,219230.0,3.329
natural_gas,2014,4,CH,8.0,0.009
natural_gas,2014,4,CN,1984.0,0.092
natural_gas,2014,4,DE,83683107.0,760.398
natural_gas,2014,4,DK,4354560.0,26.988
natural_gas,2014,4,EE,26.0,0.008
natural_gas,2014,4,ES,22.0,0.003
natural_gas,2014,4,FR,2401054.0,23.954
natural_gas,2014,4,GB,23198112.0,138.041
natural_gas,2014,4,GR,488.0,0.038
natural_gas,2014,4,IT,334.0,0.102
natural_gas,2014,4,KR,1004.0,0.183
natural_gas,2014,4,KZ,1813660.0,28.69
natural_gas,2014,4,NL,5291126.0,101.64
natural_gas,2014,4,NO,72694912.0,830.479
natural_gas,2014,4,PL,2452614.0,36.027
natural_gas,2014,4,QU,24779368.0,248.413
natural_gas,2014,4,QV,119240.0,1.612
natural_gas,2014,4,RU,329946033.0,3422.616
natural_gas,2014,4,SK,1223088.0,21.277
natural_gas,2014,4,TW,59.0,0.021
natural_gas,2014,4,US,598.0,0.08
natural_gas,2014,5,AT,555617.0,9.406
natural_gas,2014,5,BE,8.0,0.006
natural_gas,2014,5,BY,362060.0,5.546
natural_gas,2014,5,CH,14.0,0.015
natural_gas,2014,5,CN,954.0,0.047
natural_gas,2014,5,DE,162146779.0,1303.635
natural_gas,2014,5,DK,1499904.0,8.54
natural_gas,2014,5,EE,30.0,0.01
natural_gas,2014,5,ES,11.0,0.002
natural_gas,2014,5,FR,1300578.0,11.909
natural_gas,2014,5,GB,1875541.0,13.723
natural_gas,2014,5,IT,36.0,0.008
natural_gas,2014,5,KR,731.0,0.112
natural_gas,2014,5,KZ,1937910.0,31.187
natural_gas,2014,5,NL,6345419.0,123.012
natural_gas,2014,5,NO,89798736.0,1018.957
natural_gas,2014,5,PL,4474449.0,74.505
natural_gas,2014,5,QU,25146395.0,238.233
natural_gas,2014,5,QV,383547.0,5.366
natural_gas,2014,5,RU,432005969.0,4155.203
natural_gas,2014,5,SK,9847738.0,86.441
natural_gas,2014,5,TW,158.0,0.023
natural_gas,2014,5,US,11.0,0.023
natural_gas,2014,6,AT,507812.0,5.739
natural_gas,2014,6,BE,2.0,0.001
natural_gas,2014,6,BY,161180.0,2.503
natural_gas,2014,6,CH,8.0,0.009
natural_gas,2014,6,CN,2309.0,0.109
natural_gas,2014,6,DE,26726737.0,234.873
natural_gas,2014,6,DK,0.0,0.0
natural_gas,2014,6,EE,23.0,0.009
natural_gas,2014,6,ES,11.0,0.002
natural_gas,2014,6,FR,4184590.0,35.205
natural_gas,2014,6,GB,1814405.0,13.222
natural_gas,2014,6,GR,3.0,0.0
natural_gas,2014,6,IT,1180.0,0.159
natural_gas,2014,6,KR,672.0,0.095
natural_gas,2014,6,KZ,1021180.0,16.474
natural_gas,2014,6,NL,7829657.0,153.529
natural_gas,2014,6,NO,82992005.0,942.454
natural_gas,2014,6,PL,3757780.0,62.851
natural_gas,2014,6,QU,12964803.0,130.726
natural_gas,2014,6,QV,208582.0,3.213
natural_gas,2014,6,RU,379897288.0,3406.84
natural_gas,2014,6,SE,1.0,0.0
natural_gas,2014,6,SK,16612029.0,141.446
natural_gas,2014,6,TW,218.0,0.054
natural_gas,2014,6,US,9.0,0.02
natural_gas,2014,7,AT,1594546.0,14.124
natural_gas,2014,7,BE,2.0,0.001
natural_gas,2014,7,BY,59080.0,0.927
natural_gas,2014,7,CH,6.0,0.004
natural_gas,2014,7,CN,1749.0,0.081
natural_gas,2014,7,DE,19249106.0,156.101
natural_gas,2014,7,EE,49.0,0.017
natural_gas,2014,7,ES,44.0,0.006
natural_gas,2014,7,FR,2738119.0,20.491
natural_gas,2014,7,GB,1874881.0,13.674
natural_gas,2014,7,GR,13789.0,0.948
natural_gas,2014,7,IT,505.0,0.103
natural_gas,2014,7,KR,399.0,0.069
natural_gas,2014,7,KZ,1624240.0,27.505
natural_gas,2014,7,NL,6225825.0,121.164
natural_gas,2014,7,NO,91608211.0,1037.921
natural_gas,2014,7,PL,5695591.0,105.414
natural_gas,2014,7,QU,9884833.0,100.959
natural_gas,2014,7,QV,98660.0,1.68
natural_gas,2014,7,RU,351568155.0,2962.296
natural_gas,2014,7,SK,19872505.0,163.646
natural_gas,2014,7,US,9.0,0.02
natural_gas,2014,8,AT,618019.0,8.392
natural_gas,2014,8,BE,3.0,0.001
natural_gas,2014,8,BY,58720.0,1.151
natural_gas,2014,8,CN,1171.0,0.057
natural_gas,2014,8,DE,20986090.0,171.619
natural_gas,2014,8,DK,217728.0,1.099
natural_gas,2014,8,EE,26.0,0.008
natural_gas,2014,8,ES,66.0,0.01
natural_gas,2014,8,FR,2053.0,0.359
natural_gas,2014,8,GB,2581914.0,18.443
natural_gas,2014,8,IT,848.0,0.178
natural_gas,2014,8,KR,295.0,0.047
natural_gas,2014,8,KZ,1565820.0,26.486
natural_gas,2014,8,NL,7517019.0,139.441
natural_gas,2014,8,NO,76159926.0,1049.991
natural_gas,2014,8,PL,3837790.0,74.311
natural_gas,2014,8,QU,11587693.0,111.709
natural_gas,2014,8,QV,132665.0,2.387
natural_gas,2014,8,RU,322286535.0,2519.404
natural_gas,2014,8,SK,38500580.0,296.357
natural_gas,2014,8,US,873.0,0.12
natural_gas,2014,9,AT,60006.0,1.012
natural_gas,2014,9,BE,86.0,0.009
natural_gas,2014,9,BY,59140.0,1.061
natural_gas,2014,9,CH,8.0,0.009
natural_gas,2014,9,CN,1586.0,0.077
natural_gas,2014,9,DE,35822798.0,268.045
natural_gas,2014,9,DK,454976.0,3.559
natural_gas,2014,9,ES,131.0,0.019
natural_gas,2014,9,FR,5262701.0,41.063
natural_gas,2014,9,GB,1814400.0,13.447
natural_gas,2014,9,IT,201.0,0.029
natural_gas,2014,9,KR,26784.0,1.989
natural_gas,2014,9,KZ,1279250.0,21.066
natural_gas,2014,9,NL,7994437.0,147.145
natural_gas,2014,9,NO,75200441.0,1043.053
natural_gas,2014,9,PL,3361368.0,61.514
natural_gas,2014,9,QU,16370468.0,154.356
natural_gas,2014,9,QV,1585187.0,13.995
natural_gas,2014,9,RU,332276904.0,2552.21
natural_gas,2014,9,SK,14357730.0,153.251
natural_gas,2014,9,TW,5.0,0.001
natural_gas,2014,9,US,29.0,0.057
natural_gas,2014,10,AT,1019814.0,6.782
natural_gas,2014,10,BE,610845.0,9.906
natural_gas,2014,10,BY,117320.0,2.146
natural_gas,2014,10,CH,8.0,0.009
natural_gas,2014,10,CN,2884.0,0.135
natural_gas,2014,10,DE,87889769.0,823.641
natural_gas,2014,10,DK,1315728.0,8.9
natural_gas,2014,10,EE,17.0,0.007
natural_gas,2014,10,ES,81.0,0.012
natural_gas,2014,10,FR,507553.0,4.945
natural_gas,2014,10,GB,2628360.0,18.348
natural_gas,2014,10,IT,205.0,0.044
natural_gas,2014,10,KR,267.0,0.037
natural_gas,2014,10,KZ,942420.0,15.795
natural_gas,2014,10,NL,7481405.0,125.72
natural_gas,2014,10,NO,1741507.0,16.308
natural_gas,2014,10,PL,3233694.0,55.147
natural_gas,2014,10,QU,24290715.0,239.626
natural_gas,2014,10,QV,19888.0,0.343
natural_gas,2014,10,RU,341265178.0,2872.404
natural_gas,2014,10,SK,6802786.0,67.708
natural_gas,2014,10,TW,715.0,0.142
natural_gas,2014,10,US,409.0,0.282
natural_gas,2014,11,AT,1259543.0,11.263
natural_gas,2014,11,BE,89464.0,1.4
natural_gas,2014,11,BY,59100.0,1.016
natural_gas,2014,11,CN,1050.0,0.051
natural_gas,2014,11,DE,76377106.0,707.801
natural_gas,2014,11,EE,16.0,0.005
natural_gas,2014,11,ES,55.0,0.008
natural_gas,2014,11,FR,10630112.0,106.835
natural_gas,2014,11,GB,4826361.0,33.406
natural_gas,2014,11,GR,2.0,0.0
natural_gas,2014,11,IT,1562.0,0.215
natural_gas,2014,11,KR,241.0,0.037
natural_gas,2014,11,NL,7567650.0,112.378
natural_gas,2014,11,PL,4204568.0,73.168
natural_gas,2014,11,QU,39443578.0,402.508
natural_gas,2014,11,QV,76260.0,1.005
natural_gas,2014,11,RU,358619155.0,3459.246
natural_gas,2014,11,SK,1885833.0,36.729
natural_gas,2014,11,TW,64.0,0.019
natural_gas,2014,11,US,8.0,0.014
natural_gas,2014,12,AT,1873398.0,14.378
natural_gas,2014,12,BE,19940.0,0.308
natural_gas,2014,12,BY,59780.0,0.832
natural_gas,2014,12,CN,933.0,0.044
natural_gas,2014,12,DE,77564690.0,722.192
natural_gas,2014,12,DK,987832.0,6.731
natural_gas,2014,12,EE,16.0,0.005
natural_gas,2014,12,ES,33.0,0.005
natural_gas,2014,12,FR,11071783.0,117.071
natural_gas,2014,12,GB,3037300.0,21.925
natural_gas,2014,12,IT,88.0,0.02
natural_gas,2014,12,KR,234.0,0.08
natural_gas,2014,12,KZ,396710.0,5.642
natural_gas,2014,12,NL,8698053.0,115.427
natural_gas,2014,12,PL,2981206.0,50.431
natural_gas,2014,12,QU,39715576.0,408.64
natural_gas,2014,12,QV,4.0,0.0
natural_gas,2014,12,RU,333249002.0,3369.121
natural_gas,2014,12,SK,1305700.0,23.892
natural_gas,2014,12,TW,65.0,0.004
natural_gas,2014,12,US,87.0,0.034
natural_gas,2015,1,AT,1890655.0,13.894
natural_gas,2015,1,BE,7.0,0.009
natural_gas,2015,1,BY,59320.0,0.592
natural_gas,2015,1,CH,10.0,0.01
natural_gas,2015,1,CN,1408.0,0.121
natural_gas,2015,1,DE,116483526.0,985.672
natural_gas,2015,1,DK,2319476.0,14.603
natural_gas,2015,1,ES,44.0,0.006
natural_gas,2015,1,FR,3162508.0,32.83
natural_gas,2015,1,GB,11042405.0,74.035
natural_gas,2015,1,IT,147.0,0.024
natural_gas,2015,1,KR,9588.0,0.639
natural_gas,2015,1,KZ,1185180.0,15.076
natural_gas,2015,1,NL,8690700.0,149.103
natural_gas,2015,1,PL,3623446.0,45.55
natural_gas,2015,1,QU,86015619.0,845.368
natural_gas,2015,1,QV,82820.0,0.702
natural_gas,2015,1,RU,273490073.0,2783.862
natural_gas,2015,1,SK,214390.0,2.992
natural_gas,2015,1,TW,74.0,0.008
natural_gas,2015,1,US,4.0,0.002
natural_gas,2015,2,AT,626919.0,5.403
natural_gas,2015,2,BE,8.0,0.004
natural_gas,2015,2,CH,5.0,0.007
natural_gas,2015,2,CN,1160.0,0.1
natural_gas,2015,2,DE,109111649.0,848.548
natural_gas,2015,2,DK,400896.0,3.548
natural_gas,2015,2,ES,55.0,0.008
natural_gas,2015,2,FR,894709.0,10.41
natural_gas,2015,2,GB,11407582.0,75.401
natural_gas,2015,2,IT,1754.0,0.216
natural_gas,2015,2,KR,2530.0,0.43
natural_gas,2015,2,KZ,259920.0,2.625
natural_gas,2015,2,LU,985176.0,9.578
natural_gas,2015,2,NL,5752474.0,68.554
natural_gas,2015,2,PL,6679157.0,62.166
natural_gas,2015,2,QU,71169419.0,703.988
natural_gas,2015,2,RU,319878956.0,3140.993
natural_gas,2015,2,SK,319090.0,9.213
natural_gas,2015,2,TW,336.0,0.072
natural_gas,2015,2,US,9.0,0.015
natural_gas,2015,3,AT,1483778.0,11.534
natural_gas,2015,3,BE,90.0,0.027
natural_gas,2015,3,CN,1120.0,0.093
natural_gas,2015,3,DE,169024460.0,1322.72
natural_gas,2015,3,DK,117696.0,3.158
natural_gas,2015,3,EE,26.0,0.009
natural_gas,2015,3,ES,35.0,0.005
natural_gas,2015,3,FR,5105.0,0.945
natural_gas,2015,3,GB,9459971.0,60.947
natural_gas,2015,3,GR,1377.0,0.081
natural_gas,2015,3,IT,107.0,0.012
natural_gas,2015,3,KR,348.0,0.093
natural_gas,2015,3,KZ,197300.0,2.586
natural_gas,2015,3,LU,5270377.0,48.455
natural_gas,2015,3,NL,6194691.0,78.662
natural_gas,2015,3,PL,6203352.0,73.819
natural_gas,2015,3,QU,69107634.0,690.929
natural_gas,2015,3,QV,3.0,0.001
natural_gas,2015,3,RU,287739047.0,2573.288
natural_gas,2015,3,SK,267100.0,4.019
natural_gas,2015,3,TW,13.0,0.002
natural_gas,2015,3,US,445.0,0.083
natural_gas,2015,4,AT,3149600.0,26.012
natural_gas,2015,4,BE,8.0,0.004
natural_gas,2015,4,CH,4.0,0.005
natural_gas,2015,4,CN,408.0,0.038
natural_gas,2015,4,DE,185565758.0,1568.283
natural_gas,2015,4,DK,8423468.0,53.619
natural_gas,2015,4,ES,22.0,0.003
natural_gas,2015,4,FR,3331.0,0.59
natural_gas,2015,4,GB,6561940.0,43.658
natural_gas,2015,4,HU,3.0,0.009
natural_gas,2015,4,IT,157.0,0.033
natural_gas,2015,4,KR,227.0,0.056
natural_gas,2015,4,KZ,587890.0,7.984
natural_gas,2015,4,LU,4268570.0,39.154
natural_gas,2015,4,NL,7215700.0,94.005
natural_gas,2015,4,NO,23348038.0,213.103
natural_gas,2015,4,PL,5160978.0,68.447
natural_gas,2015,4,QU,45567576.0,451.889
natural_gas,2015,4,RU,314241265.0,3005.272
natural_gas,2015,4,SK,253560.0,4.179
natural_gas,2015,4,TW,286.0,0.055
natural_gas,2015,4,US,18.0,0.011
natural_gas,2015,5,AT,2398212.0,19.976
natural_gas,2015,5,BY,19700.0,0.2
natural_gas,2015,5,CH,1.0,0.001
natural_gas,2015,5,CN,458.0,0.045
natural_gas,2015,5,DE,293326070.0,2391.454
natural_gas,2015,5,DK,3429680.0,22.352
natural_gas,2015,5,ES,22.0,0.003
natural_gas,2015,5,FR,3733.0,0.648
natural_gas,2015,5,GB,5890193.0,39.535
natural_gas,2015,5,HU,4.0,0.011
natural_gas,2015,5,IT,66.0,0.007
natural_gas,2015,5,KR,396.0,0.059
natural_gas,2015,5,KZ,660050.0,8.295
natural_gas,2015,5,LU,8042967.0,69.626
natural_gas,2015,5,NL,5097492.0,67.43
natural_gas,2015,5,NO,24548402.0,223.842
natural_gas,2015,5,PL,6288056.0,69.839
natural_gas,2015,5,QU,31762675.0,313.034
natural_gas,2015,5,QV,7.0,0.003
natural_gas,2015,5,RU,298399446.0,2749.667
natural_gas,2015,5,SK,236400.0,3.564
natural_gas,2015,5,TW,91.0,0.018
natural_gas,2015,5,US,72.0,0.024
natural_gas,2015,6,AT,254703.0,2.259
natural_gas,2015,6,CH,4.0,0.005
natural_gas,2015,6,CN,796.0,0.077
natural_gas,2015,6,DE,243789135.0,1962.435
natural_gas,2015,6,DK,1180504.0,7.298
natural_gas,2015,6,ES,76.0,0.011
natural_gas,2015,6,FR,1602025.0,9.966
natural_gas,2015,6,GB,5534023.0,36.998
natural_gas,2015,6,HU,4.0,0.012
natural_gas,2015,6,IT,559.0,0.107
natural_gas,2015,6,KR,1891.0,0.34
natural_gas,2015,6,KZ,503350.0,5.283
natural_gas,2015,6,LU,9740892.0,83.725
natural_gas,2015,6,NL,5235155.0,67.358
natural_gas,2015,6,NO,80772163.0,699.831
natural_gas,2015,6,PL,5510024.0,66.026
natural_gas,2015,6,QU,28171535.0,275.533
natural_gas,2015,6,QV,5.0,0.001
natural_gas,2015,6,RU,342287288.0,3090.736
natural_gas,2015,6,SK,285400.0,4.211
natural_gas,2015,6,TW,132.0,0.013
natural_gas,2015,6,US,8.0,0.005
natural_gas,2015,7,AT,541631.0,5.573
natural_gas,2015,7,BE,40.0,0.007
natural_gas,2015,7,CH,4.0,0.004
natural_gas,2015,7,CN,1755.0,0.082
natural_gas,2015,7,DE,259563962.0,1971.909
natural_gas,2015,7,DK,1903241.0,14.248
natural_gas,2015,7,ES,55.0,0.008
natural_gas,2015,7,FR,2977.0,0.477
natural_gas,2015,7,GB,5563890.0,36.971
natural_gas,2015,7,GR,1.0,0.0
natural_gas,2015,7,HU,3.0,0.008
natural_gas,2015,7,IT,1073.0,0.17
natural_gas,2015,7,KR,5821.0,0.813
natural_gas,2015,7,KZ,458970.0,4.632
natural_gas,2015,7,LU,5860374.0,50.8
natural_gas,2015,7,NL,7790783.0,94.998
natural_gas,2015,7,NO,73645208.0,561.471
natural_gas,2015,7,PL,4869511.0,54.538
natural_gas,2015,7,QU,40747464.0,382.524
natural_gas,2015,7,RU,338397509.0,2988.674
natural_gas,2015,7,SK,268650.0,4.028
natural_gas,2015,7,US,4.0,0.002
natural_gas,2015,8,AT,764287.0,7.641
natural_gas,2015,8,BE,85.0,0.009
natural_gas,2015,8,CH,8.0,0.009
natural_gas,2015,8,CN,835.0,0.074
natural_gas,2015,8,DE,267747246.0,2164.734
natural_gas,2015,8,DK,10320296.0,58.758
natural_gas,2015,8,ES,44.0,0.006
natural_gas,2015,8,FR,121908.0,0.804
natural_gas,2015,8,GB,5534711.0,36.62
natural_gas,2015,8,HU,1.0,0.003
natural_gas,2015,8,IT,96.0,0.012
natural_gas,2015,8,KR,537.0,0.077
natural_gas,2015,8,KZ,112650.0,1.148
natural_gas,2015,8,LU,5754781.0,36.324
natural_gas,2015,8,NL,6426171.0,69.776
natural_gas,2015,8,NO,73645207.0,641.559
natural_gas,2015,8,PL,4968282.0,54.127
natural_gas,2015,8,QU,45693571.0,414.037
natural_gas,2015,8,RU,340261610.0,2964.334
natural_gas,2015,8,SK,196380.0,2.904
natural_gas,2015,8,TW,231.0,0.057
natural_gas,2015,8,US,83.0,0.041
natural_gas,2015,9,AT,2108944.0,16.927
natural_gas,2015,9,BE,1830795.0,17.871
natural_gas,2015,9,CH,5.0,0.006
natural_gas,2015,9,CN,798.0,0.076
natural_gas,2015,9,DE,196959060.0,1561.896
natural_gas,2015,9,DK,990100.0,11.617
natural_gas,2015,9,ES,55.0,0.008
natural_gas,2015,9,FR,621.0,0.12
natural_gas,2015,9,GB,5751513.0,37.753
natural_gas,2015,9,HU,9.0,0.025
natural_gas,2015,9,IT,126.0,0.014
natural_gas,2015,9,KR,306.0,0.049
natural_gas,2015,9,KZ,187800.0,1.669
natural_gas,2015,9,LU,4407951.0,34.727
natural_gas,2015,9,NL,6180855.0,67.612
natural_gas,2015,9,NO,70193913.0,572.211
natural_gas,2015,9,PL,3457173.0,31.09
natural_gas,2015,9,QU,34293493.0,319.423
natural_gas,2015,9,RU,403745778.0,3462.447
natural_gas,2015,9,SK,221415.0,3.381
natural_gas,2015,9,TR,2345550.0,33.797
natural_gas,2015,9,TW,38.0,0.005
natural_gas,2015,9,US,11.0,0.009
natural_gas,2015,10,AT,2346957.0,14.151
natural_gas,2015,10,BE,1216410.0,14.131
natural_gas,2015,10,CN,554.0,0.054
natural_gas,2015,10,DE,99637310.0,731.774
natural_gas,2015,10,DK,571920.0,5.651
natural_gas,2015,10,ES,55.0,0.008
natural_gas,2015,10,FR,2376891.0,20.62
natural_gas,2015,10,GB,8026393.0,51.883
natural_gas,2015,10,HU,5.0,0.014
natural_gas,2015,10,IT,284.0,0.072
natural_gas,2015,10,KR,358.0,0.052
natural_gas,2015,10,KZ,209320.0,2.119
natural_gas,2015,10,LU,8681273.0,65.961
natural_gas,2015,10,NL,6762373.0,75.434
natural_gas,2015,10,NO,70193915.0,528.81
natural_gas,2015,10,PL,7659712.0,79.216
natural_gas,2015,10,QU,92640531.0,807.562
natural_gas,2015,10,QV,13.0,0.004
natural_gas,2015,10,RU,344391230.0,2888.89
natural_gas,2015,10,SK,1698430.0,28.216
natural_gas,2015,10,TR,2373600.0,33.93
natural_gas,2015,10,TW,16.0,0.002
natural_gas,2015,10,US,10.0,0.007
natural_gas,2015,11,AT,1992725.0,12.955
natural_gas,2015,11,BE,1604134.0,18.288
natural_gas,2015,11,CN,504.0,0.053
natural_gas,2015,11,DE,78720284.0,581.314
natural_gas,2015,11,DK,389.0,0.088
natural_gas,2015,11,ES,110.0,0.016
natural_gas,2015,11,FR,2583.0,0.501
natural_gas,2015,11,GB,8646001.0,55.704
natural_gas,2015,11,GR,2.0,0.0
natural_gas,2015,11,HU,5.0,0.015
natural_gas,2015,11,IT,716.0,0.075
natural_gas,2015,11,KR,210.0,0.021
natural_gas,2015,11,LT,22.0,0.006
natural_gas,2015,11,LU,7388823.0,53.185
natural_gas,2015,11,NL,7773155.0,84.201
natural_gas,2015,11,NO,1.0,0.003
natural_gas,2015,11,PL,4061786.0,50.227
natural_gas,2015,11,QU,62933786.0,573.968
natural_gas,2015,11,QV,11.0,0.0
natural_gas,2015,11,RU,405381843.0,3467.734
natural_gas,2015,11,SK,1583370.0,26.19
natural_gas,2015,11,TR,7023900.0,103.115
natural_gas,2015,11,US,91.0,0.057
natural_gas,2015,12,AT,3009445.0,21.985
natural_gas,2015,12,BE,1991118.0,21.338
natural_gas,2015,12,BR,45.0,0.039
natural_gas,2015,12,CH,3.0,0.003
natural_gas,2015,12,CN,150.0,0.015
natural_gas,2015,12,DE,96782260.0,709.255
natural_gas,2015,12,DK,21500.0,0.357
natural_gas,2015,12,ES,66.0,0.01
natural_gas,2015,12,FR,1054273.0,12.157
natural_gas,2015,12,GB,9239860.0,59.277
natural_gas,2015,12,GR,1.0,0.0
natural_gas,2015,12,HU,2.0,0.005
natural_gas,2015,12,IT,252.0,0.017
natural_gas,2015,12,KR,1394.0,0.179
natural_gas,2015,12,KZ,459100.0,4.58
natural_gas,2015,12,LU,6421069.0,43.741
natural_gas,2015,12,NL,9753286.0,97.624
natural_gas,2015,12,PL,6939937.0,71.074
natural_gas,2015,12,QU,91150770.0,820.097
natural_gas,2015,12,QV,60622.0,0.592
natural_gas,2015,12,RU,405120179.0,3209.126
natural_gas,2015,12,SK,3987153.0,50.928
natural_gas,2015,12,TR,3531400.0,52.201
natural_gas,2015,12,TW,40.0,0.005
natural_gas,2015,12,US,455.0,0.117
natural_gas,2016,1,AT,1626490.0,13.075
natural_gas,2016,1,BE,19995.0,0.196
natural_gas,2016,1,CH,8.0,0.009
natural_gas,2016,1,CN,4.0,0.001
natural_gas,2016,1,DE,94887120.0,597.142
natural_gas,2016,1,DK,1460378.0,6.456
natural_gas,2016,1,ES,55.0,0.008
natural_gas,2016,1,FR,6683554.0,25.528
natural_gas,2016,1,GB,9939244.0,51.526
natural_gas,2016,1,GR,13789.0,1.102
natural_gas,2016,1,HU,6.0,0.018
natural_gas,2016,1,IT,398.0,0.043
natural_gas,2016,1,KR,10280.0,0.718
natural_gas,2016,1,KZ,40000.0,0.373
natural_gas,2016,1,LU,6097956.0,36.477
natural_gas,2016,1,NL,7003056.0,74.895
natural_gas,2016,1,PL,7691104.0,66.769
natural_gas,2016,1,QU,94001070.0,738.778
natural_gas,2016,1,RU,500169820.0,3829.845
natural_gas,2016,1,SK,1149603.0,12.205
natural_gas,2016,1,TR,3450750.0,48.27
natural_gas,2016,2,AT,849367.0,6.482
natural_gas,2016,2,BE,110.0,0.053
natural_gas,2016,2,BY,59580.0,0.464
natural_gas,2016,2,CH,1.0,0.0
natural_gas,2016,2,CN,145.0,0.014
natural_gas,2016,2,DE,64508187.0,400.071
natural_gas,2016,2,DK,770000.0,18.688
natural_gas,2016,2,ES,55.0,0.008
natural_gas,2016,2,FR,147510.0,1.969
natural_gas,2016,2,GB,6379579.0,37.218
natural_gas,2016,2,HU,2.0,0.006
natural_gas,2016,2,IT,1576.0,0.084
natural_gas,2016,2,KR,1683.0,0.33
natural_gas,2016,2,KZ,198800.0,1.742
natural_gas,2016,2,LU,5401047.0,28.283
natural_gas,2016,2,NL,6532863.0,70.474
natural_gas,2016,2,PL,6883265.0,52.952
natural_gas,2016,2,QU,83136547.0,639.472
natural_gas,2016,2,RU,518260146.0,3750.277
natural_gas,2016,2,SK,1187070.0,10.724
natural_gas,2016,2,TR,4642400.0,56.075
natural_gas,2016,2,TW,368.0,0.123
natural_gas,2016,2,US,50.0,0.031
natural_gas,2016,3,AT,1012725.0,8.02
natural_gas,2016,3,BY,161180.0,1.269
natural_gas,2016,3,CH,1.0,0.002
natural_gas,2016,3,CN,479.0,0.048
natural_gas,2016,3,DE,69696886.0,417.967
natural_gas,2016,3,DK,2684048.0,24.214
natural_gas,2016,3,ES,44.0,0.006
natural_gas,2016,3,FR,2399450.0,8.818
natural_gas,2016,3,GB,6390749.0,38.571
natural_gas,2016,3,GR,14.0,0.002
natural_gas,2016,3,HU,1.0,0.004
natural_gas,2016,3,IT,605.0,0.078
natural_gas,2016,3,KR,814.0,0.123
natural_gas,2016,3,KZ,255400.0,2.0
natural_gas,2016,3,LU,5032398.0,26.307
natural_gas,2016,3,NL,7647837.0,68.905
natural_gas,2016,3,PL,4891339.0,33.867
natural_gas,2016,3,QU,77485780.0,578.467
natural_gas,2016,3,QV,4.0,0.001
natural_gas,2016,3,RU,467194497.0,2955.35
natural_gas,2016,3,SK,3201388.0,28.154
natural_gas,2016,3,TR,4690750.0,52.694
natural_gas,2016,3,TW,31.0,0.004
natural_gas,2016,3,US,9.0,0.01
natural_gas,2016,4,AT,675821.0,6.181
natural_gas,2016,4,BY,20300.0,0.158
natural_gas,2016,4,CH,5.0,0.006
natural_gas,2016,4,CN,685.0,0.068
natural_gas,2016,4,DE,62907830.0,361.856
natural_gas,2016,4,DK,1483500.0,13.019
natural_gas,2016,4,ES,55.0,0.008
natural_gas,2016,4,FR,2606389.0,14.3
natural_gas,2016,4,GB,362880.0,2.061
natural_gas,2016,4,GR,4.0,0.0
natural_gas,2016,4,HU,2.0,0.007
natural_gas,2016,4,IT,303.0,0.034
natural_gas,2016,4,KR,1060.0,0.179
natural_gas,2016,4,KZ,360700.0,2.891
natural_gas,2016,4,LU,4227389.0,21.426
natural_gas,2016,4,NL,1854685.0,18.23
natural_gas,2016,4,NO,22997367.0,115.537
natural_gas,2016,4,PL,3707428.0,26.664
natural_gas,2016,4,QU,54715715.0,397.487
natural_gas,2016,4,RU,458578943.0,3251.154
natural_gas,2016,4,SK,1877851.0,17.76
natural_gas,2016,4,TW,22.0,0.002
natural_gas,2016,4,US,57.0,0.027
natural_gas,2016,5,AT,503412.0,5.208
natural_gas,2016,5,BY,16760.0,0.323
natural_gas,2016,5,CH,1785501.0,16.304
natural_gas,2016,5,CN,598.0,0.057
natural_gas,2016,5,DE,72368411.0,407.391
natural_gas,2016,5,DK,1812104.0,7.305
natural_gas,2016,5,ES,33.0,0.005
natural_gas,2016,5,FR,1728532.0,6.948
natural_gas,2016,5,GB,374976.0,2.129
natural_gas,2016,5,HU,2.0,0.006
natural_gas,2016,5,IT,614.0,0.083
natural_gas,2016,5,KR,11565.0,1.452
natural_gas,2016,5,KZ,200400.0,1.685
natural_gas,2016,5,LU,4602769.0,25.253
natural_gas,2016,5,NL,5290048.0,56.555
natural_gas,2016,5,NO,165144230.0,819.902
natural_gas,2016,5,PL,4586956.0,30.501
natural_gas,2016,5,QU,54101214.0,358.564
natural_gas,2016,5,RU,478516120.0,2710.203
natural_gas,2016,5,SK,2310510.0,23.252
natural_gas,2016,5,TR,4728950.0,62.988
natural_gas,2016,5,TW,137.0,0.016
natural_gas,2016,5,US,16.0,0.011
natural_gas,2016,6,AT,548061.0,5.816
natural_gas,2016,6,BY,358660.0,2.843
natural_gas,2016,6,CN,718.0,0.073
natural_gas,2016,6,DE,54413742.0,324.51
natural_gas,2016,6,DK,485500.0,4.319
natural_gas,2016,6,ES,108.0,0.017
natural_gas,2016,6,FR,2475097.0,18.532
natural_gas,2016,6,GB,362880.0,2.06
natural_gas,2016,6,GR,34.0,0.004
natural_gas,2016,6,HU,2.0,0.006
natural_gas,2016,6,IT,1284.0,0.169
natural_gas,2016,6,KR,1725.0,0.241
natural_gas,2016,6,KZ,123700.0,1.113
natural_gas,2016,6,LT,270.0,0.034
natural_gas,2016,6,LU,6889990.0,41.64
natural_gas,2016,6,NL,6223174.0,68.876
natural_gas,2016,6,NO,240940864.0,1415.011
natural_gas,2016,6,PL,4828908.0,32.679
natural_gas,2016,6,QU,38553157.0,276.563
natural_gas,2016,6,QV,8.0,0.002
natural_gas,2016,6,RU,368202811.0,1732.171
natural_gas,2016,6,SK,3352380.0,38.149
natural_gas,2016,6,TR,4452250.0,60.514
natural_gas,2016,6,TW,95.0,0.011
natural_gas,2016,6,US,24.0,0.011
natural_gas,2016,7,AT,19805.0,0.165
natural_gas,2016,7,BY,40400.0,0.324
natural_gas,2016,7,CH,331501.0,4.409
natural_gas,2016,7,CN,886.0,0.094
natural_gas,2016,7,DE,98211920.0,571.045
natural_gas,2016,7,DK,615553.0,4.779
natural_gas,2016,7,ES,77.0,0.011
natural_gas,2016,7,FR,152286.0,1.146
natural_gas,2016,7,GB,374976.0,2.16
natural_gas,2016,7,GR,16.0,0.002
natural_gas,2016,7,HU,1.0,0.003
natural_gas,2016,7,IT,810.0,0.124
natural_gas,2016,7,KR,1549.0,0.248
natural_gas,2016,7,KZ,124970.0,1.127
natural_gas,2016,7,LU,2889006.0,17.264
natural_gas,2016,7,NL,8011516.0,77.62
natural_gas,2016,7,NO,208052070.0,1258.768
natural_gas,2016,7,PL,5469749.0,43.075
natural_gas,2016,7,QU,38993863.0,279.705
natural_gas,2016,7,RU,276941369.0,1629.65
natural_gas,2016,7,SK,4291670.0,49.502
natural_gas,2016,7,TR,3417850.0,48.32
natural_gas,2016,7,TW,50.0,0.006
natural_gas,2016,7,US,210.0,0.074
natural_gas,2016,8,AT,1049703.0,9.328
natural_gas,2016,8,BE,2072940.0,15.748
natural_gas,2016,8,CH,331512.0,4.412
natural_gas,2016,8,CN,1008.0,0.08
natural_gas,2016,8,DE,142551571.0,855.862
natural_gas,2016,8,DK,1016064.0,3.493
natural_gas,2016,8,ES,33.0,0.005
natural_gas,2016,8,FR,2494.0,0.435
natural_gas,2016,8,GB,375445.0,2.266
natural_gas,2016,8,GR,28.0,0.003
natural_gas,2016,8,HU,2030951.0,20.941
natural_gas,2016,8,IT,127783.0,1.122
natural_gas,2016,8,KR,962.0,0.143
natural_gas,2016,8,KZ,266360.0,2.246
natural_gas,2016,8,LU,1766032.0,9.444
natural_gas,2016,8,NL,6205972.0,62.277
natural_gas,2016,8,NO,98065893.0,591.444
natural_gas,2016,8,PL,3988414.0,34.745
natural_gas,2016,8,QU,48741739.0,319.748
natural_gas,2016,8,RU,282455607.0,1925.636
natural_gas,2016,8,SK,3491580.0,37.211
natural_gas,2016,8,TR,4353800.0,59.38
natural_gas,2016,8,TW,114.0,0.014
natural_gas,2016,8,US,12.0,0.012
natural_gas,2016,9,AT,638220.0,6.788
natural_gas,2016,9,BE,895592.0,7.451
natural_gas,2016,9,CH,500001.0,5.936
natural_gas,2016,9,CN,958.0,0.106
natural_gas,2016,9,DE,131464381.0,813.724
natural_gas,2016,9,DK,0.0,0.0
natural_gas,2016,9,ES,66.0,0.01
natural_gas,2016,9,FR,297372.0,1.913
natural_gas,2016,9,GB,362880.0,2.06
natural_gas,2016,9,HU,1.0,0.004
natural_gas,2016,9,IT,188846.0,1.846
natural_gas,2016,9,KR,327.0,0.042
natural_gas,2016,9,KZ,88000.0,0.814
natural_gas,2016,9,LU,3635016.0,18.549
natural_gas,2016,9,NL,7682548.0,82.822
natural_gas,2016,9,NO,185267396.0,985.296
natural_gas,2016,9,PL,4288999.0,42.076
natural_gas,2016,9,QU,34303360.0,253.43
natural_gas,2016,9,QV,3.0,0.001
natural_gas,2016,9,RU,225234742.0,1461.308
natural_gas,2016,9,SK,2642150.0,23.669
natural_gas,2016,9,TW,166.0,0.02
natural_gas,2016,9,US,127.0,0.065
natural_gas,2016,10,AT,40158.0,0.432
natural_gas,2016,10,BE,1365712.0,11.979
natural_gas,2016,10,CH,3318958.0,4.405
natural_gas,2016,10,CN,653.0,0.068
natural_gas,2016,10,DE,65021791.0,402.59
natural_gas,2016,10,DK,484877.0,2.291
natural_gas,2016,10,ES,77.0,0.011
natural_gas,2016,10,FR,4578.0,0.07
natural_gas,2016,10,GB,375480.0,2.132
natural_gas,2016,10,GR,11837.0,1.087
natural_gas,2016,10,HU,3.0,0.009
natural_gas,2016,10,IT,161582.0,1.665
natural_gas,2016,10,KR,637.0,0.101
natural_gas,2016,10,LU,4466775.0,30.437
natural_gas,2016,10,NL,8417004.0,93.579
natural_gas,2016,10,NO,154314345.0,832.744
natural_gas,2016,10,PL,4395153.0,46.16
natural_gas,2016,10,QU,62493240.0,474.784
natural_gas,2016,10,RU,323972172.0,2145.445
natural_gas,2016,10,SK,1205472.0,13.767
natural_gas,2016,10,TW,170.0,0.04
natural_gas,2016,10,US,21.0,0.018
natural_gas,2016,11,AT,203535.0,2.144
natural_gas,2016,11,BE,1611856.0,17.304
natural_gas,2016,11,CH,9.0,0.01
natural_gas,2016,11,CN,749.0,0.073
natural_gas,2016,11,DE,60415029.0,385.277
natural_gas,2016,11,ES,88.0,0.013
natural_gas,2016,11,FR,151797.0,1.176
natural_gas,2016,11,GB,362886.0,2.065
natural_gas,2016,11,GR,35.0,0.004
natural_gas,2016,11,HU,3.0,0.009
natural_gas,2016,11,IT,82498.0,1.027
natural_gas,2016,11,KR,226.0,0.03
natural_gas,2016,11,LU,6101073.0,45.18
natural_gas,2016,11,NL,5577663.0,68.394
natural_gas,2016,11,NO,1267012.0,8.771
natural_gas,2016,11,PL,4508729.0,53.125
natural_gas,2016,11,QU,88458800.0,693.471
natural_gas,2016,11,QV,3.0,0.001
natural_gas,2016,11,RU,338668064.0,2435.488
natural_gas,2016,11,SK,164001.0,2.424
natural_gas,2016,11,TW,161.0,0.027
natural_gas,2016,11,US,307.0,0.079
natural_gas,2016,12,AT,689364.0,8.497
natural_gas,2016,12,BE,818237.0,8.834
natural_gas,2016,12,CA,2.0,0.023
natural_gas,2016,12,CH,331452.0,4.404
natural_gas,2016,12,CN,519.0,0.054
natural_gas,2016,12,DE,53271653.0,410.058
natural_gas,2016,12,ES,88.0,0.013
natural_gas,2016,12,FR,151249.0,0.957
natural_gas,2016,12,GB,375055.0,2.171
natural_gas,2016,12,GR,31.0,0.004
natural_gas,2016,12,HU,2.0,0.006
natural_gas,2016,12,IT,144347.0,1.835
natural_gas,2016,12,KR,1216.0,0.228
natural_gas,2016,12,LU,7048287.0,51.175
natural_gas,2016,12,NL,9270060.0,118.816
natural_gas,2016,12,PL,4250922.0,55.488
natural_gas,2016,12,PT,232980.0,2.842
natural_gas,2016,12,QU,105623559.0,824.547
natural_gas,2016,12,RU,231211492.0,1729.571
natural_gas,2016,12,SK,1206940.0,14.949
natural_gas,2016,12,TW,22.0,0.005
natural_gas,2016,12,US,43.0,0.086
natural_gas,2017,1,AT,350897.0,4.488
natural_gas,2017,1,BE,549350.0,7.131
natural_gas,2017,1,BY,59140.0,0.689
natural_gas,2017,1,CH,5.0,0.007
natural_gas,2017,1,CN,208.0,0.02
natural_gas,2017,1,DE,30842890.0,260.618
natural_gas,2017,1,DK,5844985.0,47.838
natural_gas,2017,1,ES,82.0,0.02
natural_gas,2017,1,FR,3506.0,0.577
natural_gas,2017,1,GB,101.0,0.016
natural_gas,2017,1,HU,2.0,0.005
natural_gas,2017,1,IT,164018.0,2.187
natural_gas,2017,1,KR,9382.0,0.528
natural_gas,2017,1,LU,451407.0,3.735
natural_gas,2017,1,NL,4401785.0,68.015
natural_gas,2017,1,PL,4901948.0,59.164
natural_gas,2017,1,QU,101680131.0,772.129
natural_gas,2017,1,QV,4.0,0.001
natural_gas,2017,1,RU,407433945.0,3086.48
natural_gas,2017,1,SK,129501.0,2.019
natural_gas,2017,1,US,7.0,0.002
natural_gas,2017,2,AT,939739.0,13.1
natural_gas,2017,2,BE,1071051.0,15.331
natural_gas,2017,2,CH,11.0,0.011
natural_gas,2017,2,CN,482.0,0.047
natural_gas,2017,2,DE,24502255.0,212.044
natural_gas,2017,2,DK,5312350.0,43.096
natural_gas,2017,2,ES,44.0,0.006
natural_gas,2017,2,FR,2963.0,0.464
natural_gas,2017,2,GB,1.0,0.0
natural_gas,2017,2,GR,13789.0,1.286
natural_gas,2017,2,HU,2.0,0.006
natural_gas,2017,2,IT,542.0,0.05
natural_gas,2017,2,KR,864.0,0.151
natural_gas,2017,2,KZ,204800.0,2.294
natural_gas,2017,2,NL,3679771.0,65.364
natural_gas,2017,2,NO,15837.0,0.134
natural_gas,2017,2,PL,5410683.0,70.356
natural_gas,2017,2,QU,88718413.0,689.763
natural_gas,2017,2,RU,319476452.0,2561.107
natural_gas,2017,2,SK,120000.0,1.867
natural_gas,2017,2,TW,98.0,0.015
natural_gas,2017,2,US,62.0,0.04
natural_gas,2017,3,AT,816242.0,9.916
natural_gas,2017,3,BE,3437732.0,86.343
natural_gas,2017,3,CH,5.0,0.006
natural_gas,2017,3,CN,542.0,0.056
natural_gas,2017,3,DE,19501191.0,168.627
natural_gas,2017,3,DK,6380909.0,45.135
natural_gas,2017,3,ES,33.0,0.005
natural_gas,2017,3,FR,3527.0,0.626
natural_gas,2017,3,GB,10.0,0.007
natural_gas,2017,3,HU,1.0,0.003
natural_gas,2017,3,IT,169845.0,2.15
natural_gas,2017,3,KR,1858.0,0.328
natural_gas,2017,3,KZ,478600.0,6.354
natural_gas,2017,3,NL,9652347.0,180.272
natural_gas,2017,3,PL,5495531.0,67.817
natural_gas,2017,3,QU,83755460.0,603.239
natural_gas,2017,3,RU,403995760.0,3018.877
natural_gas,2017,3,SK,161560.0,2.709
natural_gas,2017,3,TW,83.0,0.01
natural_gas,2017,3,US,77.0,0.036
natural_gas,2017,4,AT,348819.0,4.055
natural_gas,2017,4,BE,1881496.0,19.79
natural_gas,2017,4,CH,2.0,0.002
natural_gas,2017,4,CN,623.0,0.067
natural_gas,2017,4,DE,29996352.0,222.647
natural_gas,2017,4,DK,5755837.0,38.812
natural_gas,2017,4,ES,66.0,0.009
natural_gas,2017,4,FR,3227.0,0.421
natural_gas,2017,4,HU,1.0,0.003
natural_gas,2017,4,IT,147627.0,1.686
natural_gas,2017,4,KR,2045.0,0.325
natural_gas,2017,4,KZ,1700020.0,20.976
natural_gas,2017,4,NL,9170662.0,168.257
natural_gas,2017,4,PL,1772343.0,21.031
natural_gas,2017,4,QU,73144614.0,509.071
natural_gas,2017,4,RU,521850702.0,3722.991
natural_gas,2017,4,SK,1113104.0,8.77
natural_gas,2017,4,TW,326.0,0.05
natural_gas,2017,4,US,1123.0,0.13
natural_gas,2017,5,AT,139578.0,1.472
natural_gas,2017,5,BE,1133075.0,10.68
natural_gas,2017,5,BG,19500.0,0.222
natural_gas,2017,5,CH,675207.0,12.635
natural_gas,2017,5,CN,642.0,0.063
natural_gas,2017,5,DE,17312028.0,125.079
natural_gas,2017,5,DK,3909424.0,26.21
natural_gas,2017,5,ES,91.0,0.018
natural_gas,2017,5,FR,5329.0,0.938
natural_gas,2017,5,GB,1054.0,0.426
natural_gas,2017,5,HU,2.0,0.007
natural_gas,2017,5,IT,125389.0,1.424
natural_gas,2017,5,KR,1528.0,0.237
natural_gas,2017,5,KZ,534150.0,5.598
natural_gas,2017,5,NL,4697771.0,75.235
natural_gas,2017,5,PL,4030676.0,43.65
natural_gas,2017,5,QU,47420049.0,330.697
natural_gas,2017,5,RU,493582438.0,3355.448
natural_gas,2017,5,SK,163000.0,2.537
natural_gas,2017,5,TW,686.0,0.22
natural_gas,2017,5,US,98.0,0.043
natural_gas,2017,6,AT,334400.0,2.674
natural_gas,2017,6,BE,19790.0,0.226
natural_gas,2017,6,BY,20420.0,0.2
natural_gas,2017,6,CH,146503.0,1.326
natural_gas,2017,6,CN,51.0,0.004
natural_gas,2017,6,DE,14166395.0,104.333
natural_gas,2017,6,DK,3689115.0,24.299
natural_gas,2017,6,ES,87.0,0.012
natural_gas,2017,6,FR,6559.0,1.093
natural_gas,2017,6,GB,1387.0,0.265
natural_gas,2017,6,HU,1.0,0.002
natural_gas,2017,6,IT,148407.0,1.599
natural_gas,2017,6,KH,15.0,0.003
natural_gas,2017,6,KR,16182.0,2.015
natural_gas,2017,6,KZ,334465.0,3.439
natural_gas,2017,6,NL,3149724.0,43.352
natural_gas,2017,6,PL,3206034.0,29.588
natural_gas,2017,6,QU,38851696.0,264.801
natural_gas,2017,6,QV,6.0,0.002
natural_gas,2017,6,RU,764966498.0,5079.997
natural_gas,2017,6,SK,2053563.0,19.48
natural_gas,2017,6,US,5.0,0.004
natural_gas,2017,7,AT,404469.0,3.598
natural_gas,2017,7,BE,8.0,0.021
natural_gas,2017,7,CH,8.0,0.009
natural_gas,2017,7,CN,60.0,0.042
natural_gas,2017,7,DE,17330720.0,116.68
natural_gas,2017,7,DK,1352442.0,9.057
natural_gas,2017,7,ES,55.0,0.016
natural_gas,2017,7,FR,195458.0,2.135
natural_gas,2017,7,GB,4.0,0.002
natural_gas,2017,7,HU,4.0,0.011
natural_gas,2017,7,IT,257363.0,2.663
natural_gas,2017,7,KR,10984.0,0.773
natural_gas,2017,7,KZ,86850.0,0.745
natural_gas,2017,7,NL,6396608.0,73.682
natural_gas,2017,7,PL,3247294.0,28.568
natural_gas,2017,7,QU,43777118.0,294.041
natural_gas,2017,7,RU,550412495.0,3605.271
natural_gas,2017,7,SK,1241170.0,13.3
natural_gas,2017,7,TW,2.0,0.004
natural_gas,2017,7,US,54.0,0.023
natural_gas,2017,8,AT,807947.0,8.124
natural_gas,2017,8,BE,899451.0,8.883
natural_gas,2017,8,CH,178600.0,1.643
natural_gas,2017,8,CN,279.0,0.072
natural_gas,2017,8,DE,12110471.0,85.48
natural_gas,2017,8,DK,49226.0,0.497
natural_gas,2017,8,ES,5.0,0.009
natural_gas,2017,8,FR,1766.0,0.301
natural_gas,2017,8,HU,2.0,0.007
natural_gas,2017,8,IT,150939.0,1.858
natural_gas,2017,8,KR,1905.0,0.299
natural_gas,2017,8,KZ,332800.0,3.164
natural_gas,2017,8,NL,5051834.0,58.555
natural_gas,2017,8,PL,3948888.0,40.595
natural_gas,2017,8,QU,32188787.0,224.437
natural_gas,2017,8,RU,460709380.0,3117.88
natural_gas,2017,8,SK,1237190.0,13.49
natural_gas,2017,8,TW,135.0,0.033
natural_gas,2017,8,US,78.0,0.047
natural_gas,2017,9,AT,605507.0,7.02
natural_gas,2017,9,BE,1010250.0,11.491
natural_gas,2017,9,BY,16760.0,0.422
natural_gas,2017,9,CH,50300.0,0.519
natural_gas,2017,9,CN,321.0,0.036
natural_gas,2017,9,DE,17809972.0,129.78
natural_gas,2017,9,DK,11.0,0.007
natural_gas,2017,9,ES,57.0,0.008
natural_gas,2017,9,FR,1937.0,0.311
natural_gas,2017,9,HU,4.0,0.011
natural_gas,2017,9,IT,106109.0,1.285
natural_gas,2017,9,KR,735.0,0.104
natural_gas,2017,9,KZ,132250.0,1.517
natural_gas,2017,9,NL,3551534.0,44.274
natural_gas,2017,9,PL,3577000.0,41.463
natural_gas,2017,9,QU,41087725.0,287.61
natural_gas,2017,9,QV,2020.0,0.006
natural_gas,2017,9,RU,501202553.0,3400.977
natural_gas,2017,9,SK,2272109.0,24.151
natural_gas,2017,9,TW,9.0,0.002
natural_gas,2017,9,US,56.0,0.029
natural_gas,2017,10,AT,132058.0,1.784
natural_gas,2017,10,BE,2.0,0.006
natural_gas,2017,10,BY,77760.0,0.893
natural_gas,2017,10,CH,100011.0,1.081
natural_gas,2017,10,CN,210.0,0.026
natural_gas,2017,10,DE,19207186.0,144.915
natural_gas,2017,10,DK,113222.0,1.128
natural_gas,2017,10,ES,83.0,0.013
natural_gas,2017,10,FR,1828.0,0.31
natural_gas,2017,10,HU,4.0,0.011
natural_gas,2017,10,IT,1039.0,0.142
natural_gas,2017,10,KR,715.0,0.101
natural_gas,2017,10,NL,2289540.0,31.669
natural_gas,2017,10,PL,3999628.0,46.87
natural_gas,2017,10,QU,53273983.0,366.528
natural_gas,2017,10,QV,7.0,0.002
natural_gas,2017,10,RU,567808994.0,3741.288
natural_gas,2017,10,SK,1223936.0,14.062
natural_gas,2017,10,TW,72.0,0.015
natural_gas,2017,10,US,153.0,0.089
natural_gas,2017,11,AT,370569.0,4.767
natural_gas,2017,11,BY,370220.0,4.408
natural_gas,2017,11,CH,1.0,0.002
natural_gas,2017,11,CN,84.0,0.02
natural_gas,2017,11,DE,24265408.0,185.954
natural_gas,2017,11,DK,100000.0,1.296
natural_gas,2017,11,ES,98.0,0.023
natural_gas,2017,11,FR,260.0,0.029
natural_gas,2017,11,GB,3.0,0.001
natural_gas,2017,11,HU,4.0,0.011
natural_gas,2017,11,IT,3418.0,0.677
natural_gas,2017,11,KR,571.0,0.073
natural_gas,2017,11,KZ,182850.0,2.374
natural_gas,2017,11,NL,4713946.0,69.11
natural_gas,2017,11,PL,8496654.0,104.856
natural_gas,2017,11,QU,83974132.0,586.367
natural_gas,2017,11,QV,16.0,0.001
natural_gas,2017,11,RU,321470277.0,2266.16
natural_gas,2017,11,SK,316704.0,3.53
natural_gas,2017,11,TW,22.0,0.006
natural_gas,2017,11,US,96.0,0.05
natural_gas,2017,12,AT,535139.0,7.892
natural_gas,2017,12,BE,687202.0,9.465
natural_gas,2017,12,BY,232840.0,2.647
natural_gas,2017,12,CN,20.0,0.003
natural_gas,2017,12,DE,18368146.0,120.132
natural_gas,2017,12,ES,26.0,0.005
natural_gas,2017,12,FR,2376.0,0.398
natural_gas,2017,12,GB,13.0,0.001
natural_gas,2017,12,IT,570.0,0.059
natural_gas,2017,12,KR,1048.0,0.141
natural_gas,2017,12,KZ,414740.0,5.655
natural_gas,2017,12,NL,4496914.0,58.577
natural_gas,2017,12,PL,6312084.0,80.518
natural_gas,2017,12,QU,98456777.0,707.97
natural_gas,2017,12,RU,323950810.0,2370.707
natural_gas,2017,12,SK,3449572.0,44.254
natural_gas,2017,12,TW,573.0,0.122
natural_gas,2017,12,US,29.0,0.019
natural_gas,2018,1,AT,403774.0,5.323
natural_gas,2018,1,BE,135009.0,2.046
natural_gas,2018,1,BY,58480.0,0.683
natural_gas,2018,1,CH,15.0,0.017
natural_gas,2018,1,CN,36.0,0.024
natural_gas,2018,1,DE,22219295.0,167.079
natural_gas,2018,1,DK,18444.0,0.489
natural_gas,2018,1,ES,88.0,0.012
natural_gas,2018,1,FR,3496.0,0.583
natural_gas,2018,1,HU,2.0,0.006
natural_gas,2018,1,IT,598.0,0.068
natural_gas,2018,1,KR,1069.0,0.165
natural_gas,2018,1,KZ,428000.0,5.597
natural_gas,2018,1,NL,6797170.0,89.407
natural_gas,2018,1,PL,5710982.0,67.626
natural_gas,2018,1,QU,25115602.0,180.962
natural_gas,2018,1,RU,180031730.0,1295.197
natural_gas,2018,1,SK,141000.0,2.428
natural_gas,2018,1,TW,22.0,0.006
natural_gas,2018,1,US,47.0,0.034
natural_gas,2018,2,AT,571368.0,6.399
natural_gas,2018,2,BE,2115253.0,24.709
natural_gas,2018,2,BY,136440.0,1.488
natural_gas,2018,2,CN,61.0,0.006
natural_gas,2018,2,DE,21536933.0,178.628
natural_gas,2018,2,ES,49.0,0.011
natural_gas,2018,2,FR,545514.0,4.648
natural_gas,2018,2,GR,13.0,0.001
natural_gas,2018,2,HU,3.0,0.007
natural_gas,2018,2,IT,2733.0,0.275
natural_gas,2018,2,KR,976.0,0.156
natural_gas,2018,2,LT,20450.0,0.208
natural_gas,2018,2,LV,22020.0,0.23
natural_gas,2018,2,NL,3932747.0,64.741
natural_gas,2018,2,PL,6205586.0,68.663
natural_gas,2018,2,QU,22997687.0,156.698
natural_gas,2018,2,RU,192767607.0,1402.846
natural_gas,2018,2,SK,1133340.0,15.017
natural_gas,2018,2,UA,943600.0,13.486
natural_gas,2018,2,US,81.0,0.048
natural_gas,2018,3,AT,448095.0,5.195
natural_gas,2018,3,BE,503262.0,5.435
natural_gas,2018,3,BY,77600.0,0.826
natural_gas,2018,3,CH,336235.0,1.176
natural_gas,2018,3,CN,91.0,0.009
natural_gas,2018,3,DE,34188915.0,319.816
natural_gas,2018,3,DK,670402.0,1.499
natural_gas,2018,3,ES,49.0,0.015
natural_gas,2018,3,FI,205.0,0.098
natural_gas,2018,3,FR,490632.0,3.897
natural_gas,2018,3,HU,901744.0,11.502
natural_gas,2018,3,IT,209896.0,2.11
natural_gas,2018,3,KR,1754.0,0.272
natural_gas,2018,3,KZ,584250.0,6.37
natural_gas,2018,3,LT,20470.0,0.222
natural_gas,2018,3,NL,5391388.0,71.992
natural_gas,2018,3,PL,7792655.0,84.958
natural_gas,2018,3,QU,22588502.0,179.43
natural_gas,2018,3,RU,394724165.0,3178.706
natural_gas,2018,3,SK,3378570.0,42.988
natural_gas,2018,3,TW,11.0,0.003
natural_gas,2018,3,US,30.0,0.027
natural_gas,2018,4,AT,568175.0,6.105
natural_gas,2018,4,BE,7.0,0.002
natural_gas,2018,4,CN,41.0,0.005
natural_gas,2018,4,DE,24559881.0,203.687
natural_gas,2018,4,DK,182785.0,0.62
natural_gas,2018,4,ES,90.0,0.013
natural_gas,2018,4,FR,543256.0,4.359
natural_gas,2018,4,HU,3.0,0.007
natural_gas,2018,4,IT,129227.0,1.427
natural_gas,2018,4,KR,1950.0,0.27
natural_gas,2018,4,KZ,289500.0,3.143
natural_gas,2018,4,NL,3933383.0,58.49
natural_gas,2018,4,PL,15676751.0,177.135
natural_gas,2018,4,QU,7127659.0,50.758
natural_gas,2018,4,RU,522875150.0,3854.6
natural_gas,2018,4,SK,1243679.0,16.287
natural_gas,2018,4,TW,3.0,0.007
natural_gas,2018,4,UA,969700.0,13.261
natural_gas,2018,4,US,157.0,0.096
natural_gas,2018,5,AT,262869.0,3.326
natural_gas,2018,5,BE,3.0,0.001
natural_gas,2018,5,CN,28.0,0.022
natural_gas,2018,5,DE,17605970.0,139.172
natural_gas,2018,5,DK,55521.0,0.287
natural_gas,2018,5,ES,70.0,0.011
natural_gas,2018,5,FR,291337.0,2.997
natural_gas,2018,5,GB,3.0,0.001
natural_gas,2018,5,HU,2.0,0.007
natural_gas,2018,5,IT,87340.0,0.993
natural_gas,2018,5,KR,2281.0,0.337
natural_gas,2018,5,NL,4391908.0,71.869
natural_gas,2018,5,PL,11852877.0,142.932
natural_gas,2018,5,QU,898123.0,7.585
natural_gas,2018,5,RU,587089093.0,4483.832
natural_gas,2018,5,SK,1175789.0,17.043
natural_gas,2018,5,TW,73.0,0.038
natural_gas,2018,5,US,86.0,0.064
natural_gas,2018,6,AT,671175.0,5.101
natural_gas,2018,6,BE,37.0,0.004
natural_gas,2018,6,BY,19120.0,0.225
natural_gas,2018,6,CN,273.0,0.119
natural_gas,2018,6,DE,17967449.0,153.473
natural_gas,2018,6,DK,65370.0,0.288
natural_gas,2018,6,ES,55.0,0.009
natural_gas,2018,6,FR,299008.0,2.745
natural_gas,2018,6,GB,6.0,0.001
natural_gas,2018,6,HU,1.0,0.003
natural_gas,2018,6,IT,67042.0,1.317
natural_gas,2018,6,KR,14361.0,1.705
natural_gas,2018,6,KZ,298750.0,3.569
natural_gas,2018,6,NL,3976183.0,57.892
natural_gas,2018,6,PL,5691784.0,65.496
natural_gas,2018,6,QU,2320152.0,20.482
natural_gas,2018,6,QV,10.0,0.002
natural_gas,2018,6,RU,586393509.0,4581.822
natural_gas,2018,6,SK,120372.0,2.082
natural_gas,2018,6,UA,3932530.0,65.849
natural_gas,2018,6,US,71.0,0.066
natural_gas,2018,7,AT,1261674.0,14.718
natural_gas,2018,7,BE,697044.0,9.181
natural_gas,2018,7,CH,4.0,0.005
natural_gas,2018,7,CN,13.0,0.001
natural_gas,2018,7,DE,14545845.0,128.447
natural_gas,2018,7,EE,5.0,0.006
natural_gas,2018,7,ES,86.0,0.013
natural_gas,2018,7,FR,288058.0,2.511
natural_gas,2018,7,GB,97.0,0.047
natural_gas,2018,7,HU,2.0,0.006
natural_gas,2018,7,IT,23551.0,0.426
natural_gas,2018,7,KR,3612.0,0.471
natural_gas,2018,7,KZ,331150.0,4.42
natural_gas,2018,7,NL,2577130.0,64.611
natural_gas,2018,7,PL,4673754.0,66.009
natural_gas,2018,7,QU,4130730.0,36.155
natural_gas,2018,7,RU,448302470.0,3679.167
natural_gas,2018,7,SE,1.0,0.001
natural_gas,2018,7,SK,4352271.0,40.922
natural_gas,2018,7,TW,55.0,0.014
natural_gas,2018,7,UA,980920.0,19.322
natural_gas,2018,7,US,1061.0,0.315
natural_gas,2018,8,AT,846927.0,11.646
natural_gas,2018,8,BE,426874.0,5.817
natural_gas,2018,8,CN,68.0,0.051
natural_gas,2018,8,DE,15255226.0,140.724
natural_gas,2018,8,DK,116098.0,0.4
natural_gas,2018,8,EE,6.0,0.001
natural_gas,2018,8,ES,99.0,0.023
natural_gas,2018,8,FR,297182.0,2.456
natural_gas,2018,8,IT,1404.0,0.227
natural_gas,2018,8,KR,2532.0,0.373
natural_gas,2018,8,KZ,264450.0,3.548
natural_gas,2018,8,NL,4719541.0,80.897
natural_gas,2018,8,PL,4420115.0,61.164
natural_gas,2018,8,QV,7.0,0.002
natural_gas,2018,8,RU,637213409.0,5265.068
natural_gas,2018,8,SK,150235.0,2.592
natural_gas,2018,8,UA,2985220.0,55.981
natural_gas,2018,8,US,188.0,0.165
natural_gas,2018,9,AT,780103.0,11.969
natural_gas,2018,9,BE,674774.0,9.744
natural_gas,2018,9,CH,6.0,0.006
natural_gas,2018,9,CN,50.0,0.005
natural_gas,2018,9,DE,13573206.0,129.869
natural_gas,2018,9,DK,159849.0,0.503
natural_gas,2018,9,ES,101.0,0.014
natural_gas,2018,9,FR,297297.0,2.515
natural_gas,2018,9,GB,5.0,0.006
natural_gas,2018,9,HU,0.0,0.001
natural_gas,2018,9,IT,85297.0,1.432
natural_gas,2018,9,KR,664.0,0.092
natural_gas,2018,9,KZ,262600.0,3.716
natural_gas,2018,9,LT,3.0,0.001
natural_gas,2018,9,NL,2390275.0,21.87
natural_gas,2018,9,PL,4864930.0,72.358
natural_gas,2018,9,RU,487066552.0,4502.625
natural_gas,2018,9,SK,10511.0,1.575
natural_gas,2018,9,TW,4.0,0.002
natural_gas,2018,9,US,123.0,0.09
natural_gas,2018,10,AT,753810.0,16.998
natural_gas,2018,10,BE,1320596.0,19.228
natural_gas,2018,10,CH,66156.0,0.205
natural_gas,2018,10,CN,96.0,0.122
natural_gas,2018,10,DE,25689012.0,277.642
natural_gas,2018,10,DK,514227.0,1.523
natural_gas,2018,10,EE,6.0,0.001
natural_gas,2018,10,ES,60.0,0.013
natural_gas,2018,10,FR,285457.0,1.985
natural_gas,2018,10,HR,101840.0,2.548
natural_gas,2018,10,HU,9.0,0.009
natural_gas,2018,10,IT,128710.0,3.527
natural_gas,2018,10,KR,739.0,0.113
natural_gas,2018,10,KZ,267450.0,3.772
natural_gas,2018,10,NL,6818427.0,129.301
natural_gas,2018,10,PL,3426340.0,51.97
natural_gas,2018,10,RO,5.0,0.003
natural_gas,2018,10,RU,619067138.0,5859.499
natural_gas,2018,10,SK,49968.0,0.857
natural_gas,2018,10,TW,19.0,0.005
natural_gas,2018,10,UA,3007520.0,58.412
natural_gas,2018,10,US,171.0,0.124
natural_gas,2018,11,AT,197815.0,2.89
natural_gas,2018,11,BE,1183116.0,14.263
natural_gas,2018,11,BY,20160.0,0.207
natural_gas,2018,11,CN,380.0,0.113
natural_gas,2018,11,DE,33632917.0,332.927
natural_gas,2018,11,DK,457500.0,1.284
natural_gas,2018,11,EE,8.0,0.002
natural_gas,2018,11,ES,72.0,0.011
natural_gas,2018,11,FR,295744.0,2.098
natural_gas,2018,11,HU,2.0,0.006
natural_gas,2018,11,IT,43918.0,0.629
natural_gas,2018,11,KR,9673.0,0.506
natural_gas,2018,11,LT,196200.0,1.623
natural_gas,2018,11,NL,4956611.0,93.674
natural_gas,2018,11,PL,3466596.0,48.132
natural_gas,2018,11,RO,5.0,0.003
natural_gas,2018,11,RU,477214287.0,4382.866
natural_gas,2018,11,SK,2044865.0,33.607
natural_gas,2018,11,TW,8.0,0.001
natural_gas,2018,11,UA,984780.0,20.001
natural_gas,2018,11,US,941.0,0.104
natural_gas,2018,12,AT,325854.0,3.97
natural_gas,2018,12,BE,1038268.0,10.836
natural_gas,2018,12,BY,58080.0,0.848
natural_gas,2018,12,CH,132289.0,0.346
natural_gas,2018,12,CN,10.0,0.004
natural_gas,2018,12,DE,48901733.0,462.43
natural_gas,2018,12,DK,347258.0,0.936
natural_gas,2018,12,ES,87.0,0.012
natural_gas,2018,12,FR,287182.0,2.116
natural_gas,2018,12,HU,1.0,0.004
natural_gas,2018,12,IT,44187.0,0.644
natural_gas,2018,12,KR,430.0,0.062
natural_gas,2018,12,LT,173920.0,1.323
natural_gas,2018,12,NL,5877518.0,76.589
natural_gas,2018,12,PL,3185704.0,39.198
natural_gas,2018,12,RU,459455632.0,4109.093
natural_gas,2018,12,SK,2188326.0,25.35
natural_gas,2018,12,TW,191.0,0.058
natural_gas,2018,12,US,703.0,0.029
natural_gas,2019,1,AT,238477.0,2.58
natural_gas,2019,1,BE,1526110.0,16.192
natural_gas,2019,1,CH,551211.0,1.424
natural_gas,2019,1,CN,27.0,0.046
natural_gas,2019,1,DE,43667944.0,387.817
natural_gas,2019,1,DK,843342.0,2.097
natural_gas,2019,1,EE,16.0,0.003
natural_gas,2019,1,ES,5.0,0.009
natural_gas,2019,1,FR,298907.0,2.767
natural_gas,2019,1,GB,166.0,0.071
natural_gas,2019,1,HU,0.0,0.001
natural_gas,2019,1,IT,65551.0,0.895
natural_gas,2019,1,KR,1528.0,0.179
natural_gas,2019,1,MK,15759.0,0.913
natural_gas,2019,1,NL,5792776.0,13.741
natural_gas,2019,1,PL,3654948.0,39.841
natural_gas,2019,1,RU,433354846.0,3869.926
natural_gas,2019,1,SK,141.0,0.012
natural_gas,2019,1,TW,301.0,0.066
natural_gas,2019,1,UA,2975640.0,41.207
natural_gas,2019,1,US,535.0,0.161
natural_gas,2019,2,AT,159868.0,1.877
natural_gas,2019,2,BE,1716075.0,18.503
natural_gas,2019,2,CN,41.0,0.046
natural_gas,2019,2,DE,47980557.0,390.236
natural_gas,2019,2,DK,82681.0,0.17
natural_gas,2019,2,EE,6.0,0.001
natural_gas,2019,2,FR,6151.0,1.104
natural_gas,2019,2,GB,24.0,0.002
natural_gas,2019,2,HU,5.0,0.011
natural_gas,2019,2,IT,22294.0,0.584
natural_gas,2019,2,KR,1966.0,0.277
natural_gas,2019,2,KZ,234950.0,2.284
natural_gas,2019,2,NL,4268968.0,56.761
natural_gas,2019,2,PL,4356589.0,49.122
natural_gas,2019,2,RU,428688946.0,3445.926
natural_gas,2019,2,SK,2198097.0,27.659
natural_gas,2019,2,TW,20.0,0.005
natural_gas,2019,2,UA,1987890.0,27.572
natural_gas,2019,2,US,413.0,0.095
natural_gas,2019,3,AT,374936.0,4.59
natural_gas,2019,3,BE,1059758.0,11.945
natural_gas,2019,3,CN,47.0,0.037
natural_gas,2019,3,DE,58571445.0,438.292
natural_gas,2019,3,DK,3.0,0.004
natural_gas,2019,3,ES,3.0,0.004
natural_gas,2019,3,FR,6252.0,1.074
natural_gas,2019,3,GB,12.0,0.003
natural_gas,2019,3,HU,2.0,0.007
natural_gas,2019,3,IT,151545.0,1.728
natural_gas,2019,3,KR,2557.0,0.407
natural_gas,2019,3,NL,6234257.0,88.568
natural_gas,2019,3,PL,2882417.0,34.073
natural_gas,2019,3,RU,519038103.0,3783.995
natural_gas,2019,3,SK,190.0,0.005
natural_gas,2019,3,TW,12.0,0.004
natural_gas,2019,3,UA,985080.0,14.135
natural_gas,2019,3,US,439.0,0.246
natural_gas,2019,4,AT,858013.0,9.306
natural_gas,2019,4,BE,1153767.0,12.914
natural_gas,2019,4,CH,1256752.0,2.53
natural_gas,2019,4,CN,50.0,0.037
natural_gas,2019,4,DE,100098453.0,667.593
natural_gas,2019,4,DK,303508.0,0.595
natural_gas,2019,4,EE,5.0,0.001
natural_gas,2019,4,ES,8.0,0.014
natural_gas,2019,4,FR,4597.0,0.78
natural_gas,2019,4,GB,3.0,0.001
natural_gas,2019,4,HU,1.0,0.002
natural_gas,2019,4,IT,131750.0,1.585
natural_gas,2019,4,KR,3074.0,0.49
natural_gas,2019,4,NL,3606822.0,53.957
natural_gas,2019,4,PL,3242405.0,41.262
natural_gas,2019,4,QV,0.0,0.0
natural_gas,2019,4,RU,558881894.0,3737.032
natural_gas,2019,4,SK,220.0,0.006
natural_gas,2019,4,UA,4057480.0,59.296
natural_gas,2019,4,US,613.0,0.116
natural_gas,2019,5,AT,202920.0,2.5
natural_gas,2019,5,BE,1437715.0,16.805
natural_gas,2019,5,CN,245.0,3.303
natural_gas,2019,5,DE,58389621.0,382.31
natural_gas,2019,5,DK,799246.0,1.321
natural_gas,2019,5,EE,5.0,0.001
natural_gas,2019,5,ES,3.0,0.004
natural_gas,2019,5,FR,2842.0,0.487
natural_gas,2019,5,GB,1.0,0.0
natural_gas,2019,5,HU,3.0,0.008
natural_gas,2019,5,IT,132548.0,1.73
natural_gas,2019,5,KR,2185.0,0.311
natural_gas,2019,5,NL,2947231.0,43.275
natural_gas,2019,5,NO,195585135.0,1079.051
natural_gas,2019,5,PL,2290061.0,28.621
natural_gas,2019,5,QV,2.0,0.0
natural_gas,2019,5,RU,540655290.0,3060.755
natural_gas,2019,5,SK,4980044.0,69.828
natural_gas,2019,5,TW,262.0,0.084
natural_gas,2019,5,UA,3039880.0,47.153
natural_gas,2019,5,US,167.0,0.156
natural_gas,2019,6,AT,221230.0,2.418
natural_gas,2019,6,BE,1670760.0,17.507
natural_gas,2019,6,CH,5.0,0.007
natural_gas,2019,6,CN,415.0,0.102
natural_gas,2019,6,DE,46737168.0,236.727
natural_gas,2019,6,DK,137801.0,0.172
natural_gas,2019,6,FR,3025.0,0.611
natural_gas,2019,6,GB,0.0,0.0
natural_gas,2019,6,HU,3.0,0.009
natural_gas,2019,6,IT,194260.0,2.163
natural_gas,2019,6,KR,3785.0,0.52
natural_gas,2019,6,NL,4223738.0,39.574
natural_gas,2019,6,NO,167252845.0,706.028
natural_gas,2019,6,PL,4057950.0,44.96
natural_gas,2019,6,RU,690096569.0,3316.929
natural_gas,2019,6,SK,252.0,0.011
natural_gas,2019,6,UA,2021920.0,33.027
natural_gas,2019,6,US,111.0,0.091
natural_gas,2019,7,AE,124.0,0.02
natural_gas,2019,7,AT,240525.0,2.445
natural_gas,2019,7,BE,1189958.0,11.404
natural_gas,2019,7,CN,294.0,0.108
natural_gas,2019,7,DE,268612609.0,1242.549
natural_gas,2019,7,EE,5.0,0.001
natural_gas,2019,7,ES,8.0,0.009
natural_gas,2019,7,FR,4462.0,0.845
natural_gas,2019,7,GB,4.0,0.001
natural_gas,2019,7,HU,4.0,0.011
natural_gas,2019,7,IT,129138.0,1.855
natural_gas,2019,7,KR,26596.0,2.487
natural_gas,2019,7,KZ,1806960.0,18.151
natural_gas,2019,7,NL,1687165.0,21.165
natural_gas,2019,7,NO,63402453.0,278.2
natural_gas,2019,7,PL,862660.0,8.642
natural_gas,2019,7,PT,0.0,0.0
natural_gas,2019,7,RU,334663641.0,1551.447
natural_gas,2019,7,SK,11701796.0,50.701
natural_gas,2019,7,UA,4096180.0,64.863
natural_gas,2019,7,US,119.0,0.11
natural_gas,2019,8,AT,327010.0,3.069
natural_gas,2019,8,BE,1325110.0,11.414
natural_gas,2019,8,CN,532.0,0.439
natural_gas,2019,8,DE,18251815.0,116.788
natural_gas,2019,8,DK,0.0,0.0
natural_gas,2019,8,EE,6.0,0.001
natural_gas,2019,8,ES,8.0,0.014
natural_gas,2019,8,FR,3248.0,0.57
natural_gas,2019,8,GB,0.0,0.0
natural_gas,2019,8,HU,2.0,0.007
natural_gas,2019,8,IT,130744.0,1.164
natural_gas,2019,8,KR,2653.0,0.388
natural_gas,2019,8,KZ,1400260.0,13.489
natural_gas,2019,8,LU,0.0,0.0
natural_gas,2019,8,NL,4737538.0,58.987
natural_gas,2019,8,NO,64174952.0,255.469
natural_gas,2019,8,PL,768509.0,7.784
natural_gas,2019,8,QV,2.0,0.0
natural_gas,2019,8,RU,476497751.0,2247.22
natural_gas,2019,8,SK,1008505.0,12.95
natural_gas,2019,8,UA,2097120.0,29.202
natural_gas,2019,8,US,74.0,0.067
natural_gas,2019,9,AT,255215.0,2.353
natural_gas,2019,9,BE,1814510.0,15.056
natural_gas,2019,9,CN,72.0,0.032
natural_gas,2019,9,DE,22379277.0,140.579
natural_gas,2019,9,DK,1.0,0.002
natural_gas,2019,9,FR,618.0,0.228
natural_gas,2019,9,GB,132.0,0.047
natural_gas,2019,9,HU,1.0,0.002
natural_gas,2019,9,IT,194062.0,1.818
natural_gas,2019,9,KR,52.0,0.01
natural_gas,2019,9,KZ,1563640.0,15.099
natural_gas,2019,9,NL,365508.0,4.764
natural_gas,2019,9,NO,43991242.0,167.936
natural_gas,2019,9,PL,605092.0,6.325
natural_gas,2019,9,QV,6.0,0.002
natural_gas,2019,9,RU,428419640.0,1953.803
natural_gas,2019,9,SK,156.0,0.005
natural_gas,2019,9,TW,14.0,0.004
natural_gas,2019,9,UA,6135800.0,77.148
natural_gas,2019,9,US,207.0,0.165
natural_gas,2019,10,AT,123746.0,1.353
natural_gas,2019,10,BE,2594065.0,24.285
natural_gas,2019,10,CH,5.0,0.006
natural_gas,2019,10,CN,493.0,0.188
natural_gas,2019,10,DE,26263455.0,148.164
natural_gas,2019,10,DK,873090.0,1.302
natural_gas,2019,10,EE,12.0,0.003
natural_gas,2019,10,ES,17.0,0.011
natural_gas,2019,10,FR,401.0,0.075
natural_gas,2019,10,HU,2.0,0.006
natural_gas,2019,10,IT,415573.0,3.949
natural_gas,2019,10,KR,815.0,0.135
natural_gas,2019,10,KZ,2033380.0,23.183
natural_gas,2019,10,LU,0.0,0.0
natural_gas,2019,10,MK,15103.0,0.881
natural_gas,2019,10,NL,1425297.0,17.666
natural_gas,2019,10,PL,822404.0,8.973
natural_gas,2019,10,RU,500983873.0,2721.329
natural_gas,2019,10,SK,1386020.0,7.5
natural_gas,2019,10,TW,148.0,0.024
natural_gas,2019,10,UA,4073367.0,51.342
natural_gas,2019,10,US,114.0,0.107
natural_gas,2019,11,AT,203097.0,2.333
natural_gas,2019,11,BE,2412716.0,24.24
natural_gas,2019,11,CH,15.0,0.018
natural_gas,2019,11,CN,127.0,0.067
natural_gas,2019,11,DE,40364991.0,297.146
natural_gas,2019,11,DK,655934.0,0.973
natural_gas,2019,11,FR,284.0,0.042
natural_gas,2019,11,GB,0.0,0.0
natural_gas,2019,11,HU,1.0,0.004
natural_gas,2019,11,IT,217808.0,2.407
natural_gas,2019,11,KR,339.0,0.046
natural_gas,2019,11,KZ,2303220.0,28.421
natural_gas,2019,11,NL,5430071.0,72.409
natural_gas,2019,11,PL,559565.0,6.709
natural_gas,2019,11,RU,610868725.0,3490.569
natural_gas,2019,11,SK,3840381.0,25.31
natural_gas,2019,11,UA,5176840.0,64.269
natural_gas,2019,11,US,907.0,0.187
natural_gas,2019,12,AT,463197.0,5.441
natural_gas,2019,12,BE,2214860.0,24.125
natural_gas,2019,12,CH,1.0,0.001
natural_gas,2019,12,CN,237.0,0.039
natural_gas,2019,12,DE,43854738.0,370.908
natural_gas,2019,12,DK,1.0,0.001
natural_gas,2019,12,FR,1471.0,0.232
natural_gas,2019,12,GB,3.0,0.001
natural_gas,2019,12,HU,1.0,0.002
natural_gas,2019,12,IT,108038.0,1.378
natural_gas,2019,12,KR,1010.0,0.135
natural_gas,2019,12,KZ,1852580.0,24.85
natural_gas,2019,12,NL,4871701.0,61.552
natural_gas,2019,12,PL,1389969.0,18.044
natural_gas,2019,12,RU,675656652.0,4187.42
natural_gas,2019,12,SI,60.0,0.006
natural_gas,2019,12,SK,160.0,0.014
natural_gas,2019,12,UA,4123820.0,51.249
natural_gas,2019,12,US,554.0,0.131
natural_gas,2020,1,AT,60044.0,0.898
natural_gas,2020,1,BE,2069333.0,25.216
natural_gas,2020,1,CH,1.0,0.0
natural_gas,2020,1,CN,811.0,0.205
natural_gas,2020,1,DE,49810101.0,303.437
natural_gas,2020,1,DK,1.0,0.001
natural_gas,2020,1,EE,1.0,0.0
natural_gas,2020,1,FR,3379.0,0.611
natural_gas,2020,1,GB,2.0,0.0
natural_gas,2020,1,IT,1522.0,0.228
natural_gas,2020,1,KR,1739.0,0.261
natural_gas,2020,1,KZ,1857540.0,6.31
natural_gas,2020,1,NL,5241872.0,66.14
natural_gas,2020,1,PL,3039880.0,32.755
natural_gas,2020,1,QV,1736750.0,22.953
natural_gas,2020,1,RU,353874849.0,2170.571
natural_gas,2020,1,SK,231.0,0.005
natural_gas,2020,1,TW,180.0,0.051
natural_gas,2020,1,UA,4107160.0,63.895
natural_gas,2020,1,US,121.0,0.087
natural_gas,2020,2,AT,139908.0,1.674
natural_gas,2020,2,BE,1168916.0,10.812
natural_gas,2020,2,BY,40000.0,0.347
natural_gas,2020,2,CH,17.0,0.017
natural_gas,2020,2,CN,104.0,0.072
natural_gas,2020,2,DE,45753447.0,261.331
natural_gas,2020,2,EE,24.0,0.009
natural_gas,2020,2,ES,14.0,0.004
natural_gas,2020,2,FR,3631.0,0.611
natural_gas,2020,2,GB,3.0,0.0
natural_gas,2020,2,HU,56.0,0.01
natural_gas,2020,2,IL,9.0,0.002
natural_gas,2020,2,IN,21.0,0.002
natural_gas,2020,2,IT,17706.0,0.872
natural_gas,2020,2,KR,907.0,0.134
natural_gas,2020,2,KZ,996460.0,11.243
natural_gas,2020,2,NL,6712406.0,77.656
natural_gas,2020,2,PL,1752808.0,17.098
natural_gas,2020,2,QV,1237800.0,15.127
natural_gas,2020,2,RU,370279337.0,2109.817
natural_gas,2020,2,SI,96.0,0.012
natural_gas,2020,2,SK,2011891.0,21.899
natural_gas,2020,2,TH,1.0,0.0
natural_gas,2020,2,TW,5.0,0.001
natural_gas,2020,2,UA,3005540.0,41.589
natural_gas,2020,2,US,129.0,0.053
natural_gas,2020,3,AT,65544.0,1.067
natural_gas,2020,3,BE,873172.0,7.554
natural_gas,2020,3,CN,912.0,0.18
natural_gas,2020,3,DE,43521831.0,244.371
natural_gas,2020,3,DK,0.0,0.0
natural_gas,2020,3,EE,24.0,0.009
natural_gas,2020,3,ES,20.0,0.023
natural_gas,2020,3,FR,3264.0,0.557
natural_gas,2020,3,GB,6.0,0.002
natural_gas,2020,3,HU,3.0,0.008
natural_gas,2020,3,IT,1305.0,0.177
natural_gas,2020,3,KR,10022.0,0.541
natural_gas,2020,3,KZ,1177020.0,10.838
natural_gas,2020,3,NL,6161317.0,49.192
natural_gas,2020,3,PL,1601183.0,12.08
natural_gas,2020,3,QV,1667751.0,18.423
natural_gas,2020,3,RU,225436315.0,1093.367
natural_gas,2020,3,SK,1069524.0,6.619
natural_gas,2020,3,UA,3765660.0,40.558
natural_gas,2020,3,US,93.0,0.097
natural_gas,2020,4,AT,445101.0,2.871
natural_gas,2020,4,BE,897071.0,5.311
natural_gas,2020,4,CH,7.0,0.008
natural_gas,2020,4,CN,273.0,0.097
natural_gas,2020,4,DE,149577072.0,559.039
natural_gas,2020,4,DK,0.0,0.0
natural_gas,2020,4,FR,3461.0,0.654
natural_gas,2020,4,GB,1.0,0.0
natural_gas,2020,4,HU,2.0,0.007
natural_gas,2020,4,IE,1.0,0.0
natural_gas,2020,4,IT,482233.0,3.196
natural_gas,2020,4,KR,714.0,0.109
natural_gas,2020,4,KZ,584480.0,5.194
natural_gas,2020,4,NL,3865292.0,25.871
natural_gas,2020,4,PL,2606089.0,12.752
natural_gas,2020,4,QV,1204130.0,10.446
natural_gas,2020,4,RU,410953710.0,1706.373
natural_gas,2020,4,SI,96.0,0.011
natural_gas,2020,4,SK,906923.0,3.189
natural_gas,2020,4,TW,58.0,0.011
natural_gas,2020,4,US,100.0,0.104
natural_gas,2020,5,AT,20281.0,0.29
natural_gas,2020,5,BE,620713.0,4.261
natural_gas,2020,5,BY,20080.0,0.569
natural_gas,2020,5,CH,1.0,0.0
natural_gas,2020,5,CN,673.0,0.137
natural_gas,2020,5,DE,276936057.0,885.942
natural_gas,2020,5,DK,2.0,0.003
natural_gas,2020,5,ES,162.0,0.029
natural_gas,2020,5,FR,7279.0,1.322
natural_gas,2020,5,GB,2.0,0.001
natural_gas,2020,5,HU,3.0,0.009
natural_gas,2020,5,IE,2.0,0.001
natural_gas,2020,5,IT,153234.0,1.06
natural_gas,2020,5,KR,3023.0,0.415
natural_gas,2020,5,KZ,158900.0,1.445
natural_gas,2020,5,MK,15522.0,0.942
natural_gas,2020,5,NL,1528181.0,12.686
natural_gas,2020,5,PL,358355.0,2.75
natural_gas,2020,5,QV,621756.0,4.75
natural_gas,2020,5,RU,491518954.0,1733.273
natural_gas,2020,5,SK,8.0,0.021
natural_gas,2020,5,TW,84.0,0.021
natural_gas,2020,5,US,149.0,0.123
natural_gas,2020,6,AT,166919.0,1.511
natural_gas,2020,6,BE,1832819.0,13.671
natural_gas,2020,6,CH,2.0,0.001
natural_gas,2020,6,CN,22.0,0.012
natural_gas,2020,6,DE,280352203.0,719.426
natural_gas,2020,6,DK,2.0,0.005
natural_gas,2020,6,ES,111.0,0.016
natural_gas,2020,6,FR,6677.0,1.194
natural_gas,2020,6,GB,214.0,0.031
natural_gas,2020,6,HU,0.0,0.0
natural_gas,2020,6,IE,4.0,0.001
natural_gas,2020,6,IT,43941.0,0.579
natural_gas,2020,6,KR,2214.0,0.275
natural_gas,2020,6,KZ,313740.0,3.339
natural_gas,2020,6,NL,434587.0,4.418
natural_gas,2020,6,PL,296300.0,3.197
natural_gas,2020,6,QV,1272951.0,11.007
natural_gas,2020,6,RU,433270059.0,1278.527
natural_gas,2020,6,SK,107.0,0.003
natural_gas,2020,6,TW,46.0,0.013
natural_gas,2020,6,US,461.0,0.2
natural_gas,2020,7,AT,452923.0,3.964
natural_gas,2020,7,BE,1899523.0,13.811
natural_gas,2020,7,CH,1.0,0.0
natural_gas,2020,7,CN,536.0,0.141
natural_gas,2020,7,DE,180781676.0,528.057
natural_gas,2020,7,DK,70.0,0.019
natural_gas,2020,7,ES,123.0,0.035
natural_gas,2020,7,FR,10604.0,1.994
natural_gas,2020,7,GB,1.0,0.001
natural_gas,2020,7,HU,4.0,0.011
natural_gas,2020,7,IT,37335.0,1.096
natural_gas,2020,7,KR,4754.0,0.641
natural_gas,2020,7,KZ,236600.0,2.472
natural_gas,2020,7,NL,6850157.0,54.688
natural_gas,2020,7,PL,641693.0,6.623
natural_gas,2020,7,QV,744152.0,6.908
natural_gas,2020,7,RU,413795630.0,1272.345
natural_gas,2020,7,SI,5.0,0.011
natural_gas,2020,7,SK,73.0,0.002
natural_gas,2020,7,TW,0.0,0.0
natural_gas,2020,7,US,243.0,0.119
natural_gas,2020,8,AT,406615.0,3.596
natural_gas,2020,8,BE,1499871.0,11.392
natural_gas,2020,8,CH,2.0,0.001
natural_gas,2020,8,CN,1564.0,0.176
natural_gas,2020,8,DE,463452310.0,1422.803
natural_gas,2020,8,DK,1.0,0.002
natural_gas,2020,8,ES,166.0,0.024
natural_gas,2020,8,FR,3964.0,0.737
natural_gas,2020,8,GB,8.0,0.002
natural_gas,2020,8,HU,0.0,0.0
natural_gas,2020,8,IT,4091.0,0.576
natural_gas,2020,8,KR,1810.0,0.225
natural_gas,2020,8,KZ,303780.0,3.199
natural_gas,2020,8,NL,3943142.0,33.685
natural_gas,2020,8,PL,443539.0,4.526
natural_gas,2020,8,QV,1310085.0,11.568
natural_gas,2020,8,QW,0.0,0.0
natural_gas,2020,8,RU,284342269.0,823.763
natural_gas,2020,8,SI,15.0,0.005
natural_gas,2020,8,SK,82.0,0.002
natural_gas,2020,8,US,93.0,0.095
natural_gas,2020,9,AT,172586.0,2.169
natural_gas,2020,9,BE,1636911.0,13.191
natural_gas,2020,9,CH,1.0,0.001
natural_gas,2020,9,CN,67.0,0.015
natural_gas,2020,9,DE,97152331.0,471.09
natural_gas,2020,9,DK,28.0,0.025
natural_gas,2020,9,ES,163.0,0.043
natural_gas,2020,9,FI,0.0,0.0
natural_gas,2020,9,FR,1588.0,0.308
natural_gas,2020,9,GB,17.0,0.014
natural_gas,2020,9,GR,18.0,0.001
natural_gas,2020,9,HU,1.0,0.004
natural_gas,2020,9,IE,2.0,0.001
natural_gas,2020,9,IT,30402.0,0.823
natural_gas,2020,9,KR,7618.0,0.816
natural_gas,2020,9,KZ,402660.0,3.906
natural_gas,2020,9,NL,6577823.0,50.396
natural_gas,2020,9,PL,633205.0,6.831
natural_gas,2020,9,QV,891650.0,8.73
natural_gas,2020,9,RU,362088947.0,1062.297
natural_gas,2020,9,SI,5.0,0.006
natural_gas,2020,9,SK,122.0,0.002
natural_gas,2020,9,US,157.0,0.116
natural_gas,2020,10,AT,270862.0,2.927
natural_gas,2020,10,BE,2712931.0,24.494
natural_gas,2020,10,CH,3.0,0.004
natural_gas,2020,10,CN,63.0,0.04
natural_gas,2020,10,DE,51634172.0,305.641
natural_gas,2020,10,DK,3.0,0.005
natural_gas,2020,10,ES,105.0,0.017
natural_gas,2020,10,FI,1.0,0.001
natural_gas,2020,10,FR,1509.0,0.334
natural_gas,2020,10,GB,18.0,0.007
natural_gas,2020,10,GR,92.0,0.007
natural_gas,2020,10,IT,103016.0,1.752
natural_gas,2020,10,KR,9526.0,0.44
natural_gas,2020,10,KZ,553780.0,6.364
natural_gas,2020,10,NL,5952124.0,55.574
natural_gas,2020,10,PL,1474832.0,12.506
natural_gas,2020,10,QV,2502312.0,23.267
natural_gas,2020,10,RU,437990120.0,1556.379
natural_gas,2020,10,US,40.0,0.041
natural_gas,2020,11,AT,157507.0,1.912
natural_gas,2020,11,BE,1616211.0,14.991
natural_gas,2020,11,CH,6.0,0.005
natural_gas,2020,11,CN,47.0,0.02
natural_gas,2020,11,DE,39209186.0,251.371
natural_gas,2020,11,DK,2.0,0.002
natural_gas,2020,11,ES,99.0,0.014
natural_gas,2020,11,FI,5.0,0.003
natural_gas,2020,11,FR,530.0,0.097
natural_gas,2020,11,GB,312.0,0.093
natural_gas,2020,11,GR,72.0,0.008
natural_gas,2020,11,HU,2.0,0.006
natural_gas,2020,11,IE,4.0,0.001
natural_gas,2020,11,IT,172284.0,1.909
natural_gas,2020,11,KR,868.0,0.137
natural_gas,2020,11,KZ,834620.0,19.225
natural_gas,2020,11,NL,5988069.0,56.274
natural_gas,2020,11,PL,1750510.0,15.987
natural_gas,2020,11,QV,2012357.0,21.609
natural_gas,2020,11,RU,392231265.0,1960.174
natural_gas,2020,11,SI,48.0,0.006
natural_gas,2020,11,SK,1055829.0,9.81
natural_gas,2020,11,TW,64.0,0.069
natural_gas,2020,11,US,101.0,0.031
natural_gas,2020,12,AT,414974.0,4.924
natural_gas,2020,12,BE,1626078.0,15.543
natural_gas,2020,12,CH,4.0,0.002
natural_gas,2020,12,CN,73.0,0.01
natural_gas,2020,12,DE,48306861.0,304.591
natural_gas,2020,12,DK,1.0,0.002
natural_gas,2020,12,ES,88.0,0.016
natural_gas,2020,12,FR,1862.0,0.339
natural_gas,2020,12,GB,16.0,0.003
natural_gas,2020,12,GR,18.0,0.002
natural_gas,2020,12,HU,9.0,0.003
natural_gas,2020,12,IE,4.0,0.001
natural_gas,2020,12,IT,206919.0,2.685
natural_gas,2020,12,KR,1141.0,0.181
natural_gas,2020,12,KZ,1716460.0,20.815
natural_gas,2020,12,MK,15148.0,0.882
natural_gas,2020,12,NL,7894489.0,85.896
natural_gas,2020,12,PL,1921406.0,19.942
natural_gas,2020,12,QV,2367400.0,26.533
natural_gas,2020,12,RU,347172095.0,1942.686
natural_gas,2020,12,SK,1023520.0,8.91
natural_gas,2020,12,TW,27.0,0.036
natural_gas,2020,12,US,174.0,0.149
natural_gas,2021,1,AT,209740.0,2.753
natural_gas,2021,1,BE,852706.0,9.755
natural_gas,2021,1,CH,2.0,0.001
natural_gas,2021,1,CN,255.0,0.053
natural_gas,2021,1,DE,2449865.0,30.371
natural_gas,2021,1,DK,4.0,0.013
natural_gas,2021,1,ES,200.0,0.042
natural_gas,2021,1,FR,3064.0,0.531
natural_gas,2021,1,GB,6.0,0.001
natural_gas,2021,1,GR,72.0,0.008
natural_gas,2021,1,HU,6.0,0.016
natural_gas,2021,1,IT,88432.0,1.268
natural_gas,2021,1,KR,2128.0,0.333
natural_gas,2021,1,KZ,1111080.0,14.537
natural_gas,2021,1,NL,6426058.0,74.495
natural_gas,2021,1,PL,1369004.0,14.955
natural_gas,2021,1,QV,1202230.0,15.063
natural_gas,2021,1,RU,336393551.0,2293.3
natural_gas,2021,1,SK,81.0,0.002
natural_gas,2021,1,TW,391.0,0.156
natural_gas,2021,1,UA,1587.0,0.006
natural_gas,2021,1,US,63.0,0.063
natural_gas,2021,2,AT,351368.0,4.466
natural_gas,2021,2,BE,1447002.0,18.042
natural_gas,2021,2,CH,5.0,0.002
natural_gas,2021,2,CN,257.0,0.04
natural_gas,2021,2,DE,2154706.0,25.241
natural_gas,2021,2,ES,111.0,0.016
natural_gas,2021,2,FR,5419.0,0.87
natural_gas,2021,2,GB,16.0,0.014
natural_gas,2021,2,GR,46.0,0.003
natural_gas,2021,2,HU,13.0,0.01
natural_gas,2021,2,IE,2.0,0.001
natural_gas,2021,2,IT,86450.0,1.305
natural_gas,2021,2,KR,2053.0,0.344
natural_gas,2021,2,KZ,1398360.0,20.14
natural_gas,2021,2,NL,3431486.0,39.37
natural_gas,2021,2,PL,715095.0,9.831
natural_gas,2021,2,QV,1037513.0,13.782
natural_gas,2021,2,RU,403558491.0,2500.879
natural_gas,2021,2,SI,53.0,0.016
natural_gas,2021,2,UA,999650.0,4.515
natural_gas,2021,2,US,78.0,0.077
natural_gas,2021,3,AT,347991.0,4.945
natural_gas,2021,3,BE,2221341.0,30.565
natural_gas,2021,3,CH,6.0,0.006
natural_gas,2021,3,CN,386.0,0.053
natural_gas,2021,3,DE,2392321.0,30.935
natural_gas,2021,3,DK,3.0,0.004
natural_gas,2021,3,ES,161.0,0.027
natural_gas,2021,3,FR,8581.0,1.468
natural_gas,2021,3,GB,615.0,0.095
natural_gas,2021,3,GR,146.0,0.011
natural_gas,2021,3,HU,422.0,0.059
natural_gas,2021,3,IE,8.0,0.003
natural_gas,2021,3,IT,2866.0,0.339
natural_gas,2021,3,KR,15224.0,1.762
natural_gas,2021,3,KZ,1328260.0,18.554
natural_gas,2021,3,NL,7306830.0,90.08
natural_gas,2021,3,PL,605008.0,8.303
natural_gas,2021,3,QV,1074677.0,15.665
natural_gas,2021,3,RU,604224988.0,3763.417
natural_gas,2021,3,SE,2.0,0.001
natural_gas,2021,3,UA,757126.0,2.463
natural_gas,2021,3,US,124.0,0.123
natural_gas,2021,4,AT,188729.0,2.702
natural_gas,2021,4,BE,2849800.0,37.216
natural_gas,2021,4,CH,4.0,0.003
natural_gas,2021,4,CN,14.0,0.005
natural_gas,2021,4,DE,2443750.0,31.127
natural_gas,2021,4,DK,1.0,0.001
natural_gas,2021,4,ES,108.0,0.029
natural_gas,2021,4,FR,2677.0,0.462
natural_gas,2021,4,GB,12.0,0.003
natural_gas,2021,4,IE,10.0,0.003
natural_gas,2021,4,IT,82909.0,1.784
natural_gas,2021,4,KR,930.0,0.137
natural_gas,2021,4,KZ,1224660.0,16.529
natural_gas,2021,4,MK,15103.0,0.894
natural_gas,2021,4,NL,4599368.0,60.141
natural_gas,2021,4,PL,1238796.0,15.027
natural_gas,2021,4,QV,1480.0,0.068
natural_gas,2021,4,RU,567569413.0,3521.358
natural_gas,2021,4,SE,5.0,0.001
natural_gas,2021,4,UA,838203.0,2.698
natural_gas,2021,4,US,266.0,0.167
natural_gas,2021,5,AT,143548.0,11.526
natural_gas,2021,5,BE,1629128.0,19.413
natural_gas,2021,5,CH,6.0,0.008
natural_gas,2021,5,CN,219.0,0.028
natural_gas,2021,5,DE,2854761.0,34.007
natural_gas,2021,5,DK,1.0,0.002
natural_gas,2021,5,ES,175.0,0.028
natural_gas,2021,5,FR,10770.0,2.022
natural_gas,2021,5,GB,76.0,0.075
natural_gas,2021,5,HU,46345.0,0.552
natural_gas,2021,5,IT,90880.0,1.506
natural_gas,2021,5,KR,3198.0,0.404
natural_gas,2021,5,KZ,982800.0,12.424
natural_gas,2021,5,NL,4876659.0,64.745
natural_gas,2021,5,PL,1365766.0,16.047
natural_gas,2021,5,QV,892050.0,11.627
natural_gas,2021,5,RU,654295187.0,4311.767
natural_gas,2021,5,SE,1.0,0.0
natural_gas,2021,5,US,0.0,0.0
natural_gas,2021,6,AT,80295.0,1.097
natural_gas,2021,6,BE,1530901.0,19.203
natural_gas,2021,6,CH,2.0,0.001
natural_gas,2021,6,CN,345.0,0.047
natural_gas,2021,6,DE,2649996.0,33.091
natural_gas,2021,6,DK,2.0,0.003
natural_gas,2021,6,ES,143.0,0.025
natural_gas,2021,6,FR,5531.0,1.001
natural_gas,2021,6,GB,10.0,0.003
natural_gas,2021,6,HU,4.0,0.012
natural_gas,2021,6,IE,12.0,0.004
natural_gas,2021,6,IT,67721.0,1.217
natural_gas,2021,6,KR,8803.0,0.98
natural_gas,2021,6,KZ,1382460.0,18.652
natural_gas,2021,6,NL,4513948.0,65.923
natural_gas,2021,6,PL,1402081.0,17.653
natural_gas,2021,6,QV,630267.0,8.514
natural_gas,2021,6,RU,725177130.0,5815.18
natural_gas,2021,6,SI,10.0,0.012
natural_gas,2021,6,UA,2952480.0,45.687
natural_gas,2021,6,US,170.0,0.109
natural_gas,2021,7,AT,274201.0,3.8
natural_gas,2021,7,BE,1135690.0,17.239
natural_gas,2021,7,CH,12.0,0.012
natural_gas,2021,7,CN,245.0,0.029
natural_gas,2021,7,DE,1939233.0,30.068
natural_gas,2021,7,DK,14.0,0.019
natural_gas,2021,7,ES,202.0,0.028
natural_gas,2021,7,FR,8536.0,1.551
natural_gas,2021,7,GB,15.0,0.018
natural_gas,2021,7,GR,30.0,0.002
natural_gas,2021,7,HU,2.0,0.007
natural_gas,2021,7,IT,84716.0,2.07
natural_gas,2021,7,KR,1561.0,0.191
natural_gas,2021,7,KZ,766700.0,11.183
natural_gas,2021,7,NL,3605275.0,53.083
natural_gas,2021,7,PL,1956302.0,27.786
natural_gas,2021,7,QV,14244733.0,152.146
natural_gas,2021,7,RU,489285698.0,5124.096
natural_gas,2021,7,SK,4030020.0,68.757
natural_gas,2021,7,UA,991240.0,16.859
natural_gas,2021,7,US,728.0,0.132
natural_gas,2021,8,AT,243778.0,4.192
natural_gas,2021,8,BE,1504048.0,23.197
natural_gas,2021,8,CH,5.0,0.005
natural_gas,2021,8,CN,54.0,0.027
natural_gas,2021,8,DE,5651170.0,78.625
natural_gas,2021,8,DK,2.0,0.002
natural_gas,2021,8,ES,73.0,0.019
natural_gas,2021,8,FR,4913.0,0.919
natural_gas,2021,8,GB,9.0,0.002
natural_gas,2021,8,GR,7.0,0.0
natural_gas,2021,8,HU,125.0,0.045
natural_gas,2021,8,IT,947.0,0.125
natural_gas,2021,8,KR,27855.0,2.292
natural_gas,2021,8,KZ,868680.0,14.513
natural_gas,2021,8,NL,1224845.0,20.079
natural_gas,2021,8,PL,3651373.0,58.406
natural_gas,2021,8,QV,13599549.0,161.38
natural_gas,2021,8,RU,579828859.0,7388.792
natural_gas,2021,8,SI,5.0,0.006
natural_gas,2021,8,UA,2938960.0,56.389
natural_gas,2021,8,US,99.0,0.09
natural_gas,2021,9,AT,287748.0,4.357
natural_gas,2021,9,BE,1672700.0,27.532
natural_gas,2021,9,CH,7.0,0.007
natural_gas,2021,9,CN,347.0,0.237
natural_gas,2021,9,DE,6106711.0,79.427
natural_gas,2021,9,DK,22.0,0.056
natural_gas,2021,9,ES,115.0,0.017
natural_gas,2021,9,FR,1964.0,0.349
natural_gas,2021,9,GB,1.0,0.0
natural_gas,2021,9,GR,116.0,0.008
natural_gas,2021,9,HU,4.0,0.013
natural_gas,2021,9,IE,12.0,0.004
natural_gas,2021,9,IT,944.0,0.131
natural_gas,2021,9,KR,566.0,0.104
natural_gas,2021,9,KZ,1383640.0,24.92
natural_gas,2021,9,NL,1128001.0,18.626
natural_gas,2021,9,PL,461115.0,9.238
natural_gas,2021,9,QV,11655724.0,109.88
natural_gas,2021,9,RU,657371989.0,11555.187
natural_gas,2021,9,SE,0.0,0.0
natural_gas,2021,9,SI,5.0,0.006
natural_gas,2021,9,SK,1.0,0.001
natural_gas,2021,9,UA,1980300.0,39.51
natural_gas,2021,9,US,2.0,0.002
natural_gas,2021,10,AT,215188.0,4.108
natural_gas,2021,10,BE,2472342.0,48.537
natural_gas,2021,10,CN,277.0,0.08
natural_gas,2021,10,DE,2625582.0,46.158
natural_gas,2021,10,DK,20.0,0.057
natural_gas,2021,10,ES,128.0,0.022
natural_gas,2021,10,FR,1924.0,0.389
natural_gas,2021,10,GB,182.0,0.073
natural_gas,2021,10,GR,45.0,0.003
natural_gas,2021,10,HU,96.0,0.029
natural_gas,2021,10,IN,2.0,0.001
natural_gas,2021,10,IT,17368.0,1.23
natural_gas,2021,10,KR,12951.0,0.98
natural_gas,2021,10,KZ,1252080.0,26.025
natural_gas,2021,10,LT,936.0,0.201
natural_gas,2021,10,NL,2360227.0,48.917
natural_gas,2021,10,PL,1384261.0,30.224
natural_gas,2021,10,QV,2217076.0,62.917
natural_gas,2021,10,RU,627512769.0,16161.891
natural_gas,2021,10,SE,1.0,0.0
natural_gas,2021,10,SK,6566.0,0.186
natural_gas,2021,10,US,484.0,0.178
natural_gas,2021,11,AT,39664.0,0.893
natural_gas,2021,11,BE,2995165.0,59.898
natural_gas,2021,11,CH,420.0,0.082
natural_gas,2021,11,CN,217.0,0.069
natural_gas,2021,11,DE,2493396.0,44.788
natural_gas,2021,11,DK,552562.0,2.853
natural_gas,2021,11,ES,271.0,0.047
natural_gas,2021,11,FR,2665.0,0.456
natural_gas,2021,11,GB,2.0,0.001
natural_gas,2021,11,GR,120.0,0.009
natural_gas,2021,11,HU,91.0,0.044
natural_gas,2021,11,IE,12.0,0.004
natural_gas,2021,11,IT,2283.0,0.348
natural_gas,2021,11,KR,17481.0,1.655
natural_gas,2021,11,KZ,1778920.0,36.0
natural_gas,2021,11,NL,2719157.0,50.431
natural_gas,2021,11,PL,1654355.0,37.163
natural_gas,2021,11,QV,1104155.0,23.277
natural_gas,2021,11,RU,400465569.0,7327.721
natural_gas,2021,11,SE,2.0,0.001
natural_gas,2021,11,US,503.0,0.219
natural_gas,2021,12,AT,177074.0,3.328
natural_gas,2021,12,BE,2934035.0,51.176
natural_gas,2021,12,CH,17.0,0.008
natural_gas,2021,12,CN,304.0,0.083
natural_gas,2021,12,DE,2583662.0,41.97
natural_gas,2021,12,DK,6.0,0.029
natural_gas,2021,12,ES,236.0,0.031
natural_gas,2021,12,FR,1272.0,0.216
natural_gas,2021,12,GB,68.0,0.03
natural_gas,2021,12,IT,17267.0,0.944
natural_gas,2021,12,KR,1177.0,0.198
natural_gas,2021,12,KZ,1291100.0,23.41
natural_gas,2021,12,NL,6356574.0,112.228
natural_gas,2021,12,PL,1843074.0,37.304
natural_gas,2021,12,QV,1306597.0,29.492
natural_gas,2021,12,RU,300668708.0,6066.988
natural_gas,2021,12,SE,0.0,0.0
natural_gas,2021,12,SK,3.0,0.0
natural_gas,2021,12,US,37.0,0.003
natural_gas,2022,1,AT,572.0,0.067
natural_gas,2022,1,BE,2111052.0,38.999
natural_gas,2022,1,CN,406.0,0.127
natural_gas,2022,1,DE,2528114.0,44.782
natural_gas,2022,1,DK,9.0,0.076
natural_gas,2022,1,ES,48.0,0.039
natural_gas,2022,1,FR,2419.0,0.425
natural_gas,2022,1,GB,10.0,0.002
natural_gas,2022,1,GR,169.0,0.017
natural_gas,2022,1,HU,3.0,0.008
natural_gas,2022,1,IE,12.0,0.004
natural_gas,2022,1,IT,3211.0,0.424
natural_gas,2022,1,KR,952.0,0.147
natural_gas,2022,1,KZ,719800.0,11.958
natural_gas,2022,1,MK,8308.0,0.588
natural_gas,2022,1,NL,5901978.0,110.436
natural_gas,2022,1,PL,1094979.0,22.315
natural_gas,2022,1,QV,1973728.0,34.48
natural_gas,2022,1,RU,311884366.0,5319.612
natural_gas,2022,1,SK,7.0,0.001
natural_gas,2022,1,US,920.0,0.275
natural_gas,2022,2,AT,333.0,0.105
natural_gas,2022,2,BE,2036577.0,38.368
natural_gas,2022,2,CH,15.0,0.017
natural_gas,2022,2,CN,259.0,0.083
natural_gas,2022,2,DE,1749408.0,32.154
natural_gas,2022,2,DK,9.0,0.037
natural_gas,2022,2,ES,137.0,0.019
natural_gas,2022,2,FR,4396.0,0.795
natural_gas,2022,2,GB,270.0,0.147
natural_gas,2022,2,GR,311.0,0.008
natural_gas,2022,2,HU,134.0,0.049
natural_gas,2022,2,IT,5227.0,0.699
natural_gas,2022,2,KR,18453.0,2.281
natural_gas,2022,2,NL,4252228.0,85.07
natural_gas,2022,2,PL,2078735.0,37.157
natural_gas,2022,2,QV,1177067.0,21.523
natural_gas,2022,2,RU,359222278.0,6815.537
natural_gas,2022,2,SE,1.0,0.0
natural_gas,2022,2,SK,2022133.0,41.33
natural_gas,2022,2,US,122.0,0.111
natural_gas,2022,3,AT,75008.0,2.147
natural_gas,2022,3,BE,1734383.0,38.518
natural_gas,2022,3,CH,1.0,0.0
natural_gas,2022,3,CN,345.0,0.086
natural_gas,2022,3,DE,4749655.0,97.839
natural_gas,2022,3,DK,390.0,0.129
natural_gas,2022,3,ES,130.0,0.03
natural_gas,2022,3,FR,6383.0,1.131
natural_gas,2022,3,GB,37.0,0.006
natural_gas,2022,3,GR,1192.0,0.052
natural_gas,2022,3,HU,27.0,0.006
natural_gas,2022,3,IT,329513.0,9.474
natural_gas,2022,3,KR,1690.0,0.336
natural_gas,2022,3,NL,5262333.0,116.364
natural_gas,2022,3,PL,4741343.0,111.221
natural_gas,2022,3,QV,2997379.0,69.422
natural_gas,2022,3,RU,504403946.0,17668.519
natural_gas,2022,3,SK,769.0,0.133
natural_gas,2022,3,TW,662.0,0.204
natural_gas,2022,3,US,1514.0,0.631
natural_gas,2022,4,AT,231.0,0.051
natural_gas,2022,4,BE,1516243.0,31.341
natural_gas,2022,4,CH,5.0,0.007
natural_gas,2022,4,CN,239.0,0.091
natural_gas,2022,4,CY,101730.0,1.627
natural_gas,2022,4,DE,3177470.0,69.208
natural_gas,2022,4,DK,1.0,0.002
natural_gas,2022,4,ES,166.0,0.019
natural_gas,2022,4,FR,12869.0,1.578
natural_gas,2022,4,GB,11.0,0.004
natural_gas,2022,4,GR,1235.0,0.026
natural_gas,2022,4,HN,180.0,0.021
natural_gas,2022,4,HR,7.0,0.01
natural_gas,2022,4,HU,4.0,0.005
natural_gas,2022,4,IT,55360.0,1.9
natural_gas,2022,4,KR,4520.0,0.729
natural_gas,2022,4,MK,15586.0,1.136
natural_gas,2022,4,NL,3205666.0,77.755
natural_gas,2022,4,PL,4983006.0,105.534
natural_gas,2022,4,QV,2558028.0,59.806
natural_gas,2022,4,RU,851814134.0,27065.307
natural_gas,2022,4,SK,185.0,0.036
natural_gas,2022,4,TW,39.0,0.01
natural_gas,2022,4,US,2252.0,0.452
natural_gas,2022,4,VN,6.0,0.007
natural_gas,2022,5,AT,198.0,0.053
natural_gas,2022,5,BE,1999186.0,42.42
natural_gas,2022,5,CN,60.0,0.022
natural_gas,2022,5,DE,5060845.0,98.125
natural_gas,2022,5,DK,55.0,0.111
natural_gas,2022,5,ES,176.0,0.041
natural_gas,2022,5,FR,8932.0,1.717
natural_gas,2022,5,GB,32.0,0.026
natural_gas,2022,5,GR,266.0,0.006
natural_gas,2022,5,HU,4.0,0.009
natural_gas,2022,5,IE,12.0,0.005
natural_gas,2022,5,IT,91175.0,2.695
natural_gas,2022,5,KR,1293.0,0.232
natural_gas,2022,5,NL,4736519.0,108.998
natural_gas,2022,5,PL,2372782.0,53.316
natural_gas,2022,5,QV,1493733.0,31.406
natural_gas,2022,5,RU,990331171.0,29484.971
natural_gas,2022,5,SE,1.0,0.001
natural_gas,2022,5,SK,224.0,0.044
natural_gas,2022,5,TW,52.0,0.014
natural_gas,2022,5,US,39.0,0.05
natural_gas,2022,6,AT,439.0,0.044
natural_gas,2022,6,BE,1971529.0,39.303
natural_gas,2022,6,CH,9.0,0.013
natural_gas,2022,6,CN,1248.0,0.129
natural_gas,2022,6,DE,3167486.0,60.153
natural_gas,2022,6,DK,34.0,0.05
natural_gas,2022,6,ES,178.0,0.025
natural_gas,2022,6,FR,8813.0,1.751
natural_gas,2022,6,GB,617.0,0.201
natural_gas,2022,6,GR,384.0,0.007
natural_gas,2022,6,HU,70.0,0.035
natural_gas,2022,6,IE,12.0,0.005
natural_gas,2022,6,IT,23834.0,1.04
natural_gas,2022,6,KR,38035.0,4.964
natural_gas,2022,6,NL,2682433.0,61.231
natural_gas,2022,6,PL,1264958.0,28.313
natural_gas,2022,6,QV,1455277.0,26.616
natural_gas,2022,6,RU,624059182.0,20685.738
natural_gas,2022,6,SK,472.0,0.102
natural_gas,2022,6,US,2265.0,0.528
natural_gas,2022,7,AT,481.0,0.132
natural_gas,2022,7,BE,1463746.0,27.726
natural_gas,2022,7,CH,1.0,0.001
natural_gas,2022,7,CN,27.0,0.009
natural_gas,2022,7,DE,3378055.0,60.024
natural_gas,2022,7,DK,8.0,0.055
natural_gas,2022,7,ES,118.0,0.022
natural_gas,2022,7,FR,7786.0,1.695
natural_gas,2022,7,GB,6.0,0.002
natural_gas,2022,7,GR,8.0,0.001
natural_gas,2022,7,HU,1314.0,0.158
natural_gas,2022,7,IT,22100.0,0.913
natural_gas,2022,7,KR,12622.0,1.325
natural_gas,2022,7,MK,15595.0,1.306
natural_gas,2022,7,NL,5160929.0,118.063
natural_gas,2022,7,PL,3288170.0,69.786
natural_gas,2022,7,QV,1077587.0,22.032
natural_gas,2022,7,RU,522621120.0,26028.219
natural_gas,2022,7,SE,4.0,0.001
natural_gas,2022,7,SK,150.0,0.032
natural_gas,2022,7,US,57.0,0.071
natural_gas,2022,8,AT,281.0,0.073
natural_gas,2022,8,BE,1606437.0,29.954
natural_gas,2022,8,CN,955.0,0.159
natural_gas,2022,8,CY,21020.0,0.362
natural_gas,2022,8,DE,3469139.0,56.122
natural_gas,2022,8,DK,1.0,0.004
natural_gas,2022,8,ES,201.0,0.029
natural_gas,2022,8,FR,7479.0,0.824
natural_gas,2022,8,GB,76.0,0.064
natural_gas,2022,8,HU,3.0,0.015
natural_gas,2022,8,IT,29217.0,0.939
natural_gas,2022,8,KR,2282.0,0.337
natural_gas,2022,8,NL,4210667.0,87.021
natural_gas,2022,8,NO,11388832.0,1038.075
natural_gas,2022,8,PL,2316116.0,55.037
natural_gas,2022,8,QV,1099570.0,21.557
natural_gas,2022,8,RU,322808851.0,21896.384
natural_gas,2022,8,SE,1.0,0.002
natural_gas,2022,8,SK,981760.0,18.359
natural_gas,2022,8,TW,6.0,0.02
natural_gas,2022,8,US,45.0,0.062
natural_gas,2022,9,AT,19761.0,0.512
natural_gas,2022,9,BE,2373678.0,43.367
natural_gas,2022,9,CN,576.0,0.105
natural_gas,2022,9,DE,3788046.0,62.023
natural_gas,2022,9,DK,627.0,0.128
natural_gas,2022,9,ES,114.0,0.018
natural_gas,2022,9,FR,21480.0,1.803
natural_gas,2022,9,GB,11.0,0.003
natural_gas,2022,9,GR,966.0,0.029
natural_gas,2022,9,HU,406.0,0.046
natural_gas,2022,9,IT,21837.0,0.82
natural_gas,2022,9,KR,27455.0,3.631
natural_gas,2022,9,NL,3266757.0,51.278
natural_gas,2022,9,PL,1824535.0,44.297
natural_gas,2022,9,QV,39690.0,0.915
natural_gas,2022,9,RU,383847205.0,18731.182
natural_gas,2022,9,SK,3982633.0,69.065
natural_gas,2022,9,US,63.0,0.084
natural_gas,2022,10,AT,56997.0,1.133
natural_gas,2022,10,BE,2508155.0,46.699
natural_gas,2022,10,CH,6.0,0.008
natural_gas,2022,10,CN,355.0,0.085
natural_gas,2022,10,DE,3124088.0,54.815
natural_gas,2022,10,DK,3.0,0.004
natural_gas,2022,10,ES,5.0,0.011
natural_gas,2022,10,FR,19104.0,1.585
natural_gas,2022,10,GB,147.0,0.114
natural_gas,2022,10,HU,916.0,0.102
natural_gas,2022,10,IE,21.0,0.009
natural_gas,2022,10,IT,105754.0,2.425
natural_gas,2022,10,KR,40642.0,5.233
natural_gas,2022,10,NL,4824594.0,108.909
natural_gas,2022,10,NO,340519916.0,12086.277
natural_gas,2022,10,PL,1697621.0,46.689
natural_gas,2022,10,QV,1123932.0,21.838
natural_gas,2022,10,RU,261106246.0,6652.436
natural_gas,2022,10,SE,0.0,0.0
natural_gas,2022,10,SK,152.0,0.028
natural_gas,2022,10,TW,31.0,0.009
natural_gas,2022,10,US,72046570.0,2241.854
natural_gas,2022,11,AT,113409.0,2.169
natural_gas,2022,11,BE,2563584.0,46.922
natural_gas,2022,11,CN,76.0,0.025
natural_gas,2022,11,DE,4250785.0,73.43
natural_gas,2022,11,DK,349.0,0.054
natural_gas,2022,11,ES,117.0,0.021
natural_gas,2022,11,FR,2246.0,0.406
natural_gas,2022,11,GB,11.0,0.003
natural_gas,2022,11,GR,245.0,0.006
natural_gas,2022,11,HU,6.0,0.02
natural_gas,2022,11,IT,128206.0,3.181
natural_gas,2022,11,KR,9466.0,0.836
natural_gas,2022,11,NL,734480.0,13.551
natural_gas,2022,11,NO,405561702.0,13152.169
natural_gas,2022,11,PL,2454708.0,60.215
natural_gas,2022,11,QV,1708559.0,32.066
natural_gas,2022,11,RU,59257964.0,1360.135
natural_gas,2022,11,SE,0.0,0.0
natural_gas,2022,11,SI,11.0,0.007
natural_gas,2022,11,SK,93.0,0.018
natural_gas,2022,11,TW,66.0,0.022
natural_gas,2022,11,US,146485519.0,4580.501
natural_gas,2022,12,AT,156601.0,2.669
natural_gas,2022,12,BE,2034141.0,33.023
natural_gas,2022,12,CH,4.0,0.005
natural_gas,2022,12,CN,658.0,0.133
natural_gas,2022,12,DE,3243607.0,53.371
natural_gas,2022,12,DK,2.0,0.003
natural_gas,2022,12,ES,49073.0,2.099
natural_gas,2022,12,FR,294.0,0.076
natural_gas,2022,12,GB,14.0,0.003
natural_gas,2022,12,GR,288.0,0.01
natural_gas,2022,12,HU,8.0,0.002
natural_gas,2022,12,IE,2.0,0.001
natural_gas,2022,12,IT,102117.0,1.883
natural_gas,2022,12,KR,81.0,0.017
natural_gas,2022,12,NL,3861584.0,64.336
natural_gas,2022,12,NO,371869966.0,13009.59
natural_gas,2022,12,PL,1353276.0,31.883
natural_gas,2022,12,QV,2081644.0,48.461
natural_gas,2022,12,RU,49773186.0,1093.49
natural_gas,2022,12,SE,1.0,0.0
natural_gas,2022,12,SI,5.0,0.004
natural_gas,2022,12,SK,37.0,0.007
natural_gas,2022,12,TW,5.0,0.002
natural_gas,2022,12,US,1130.0,0.278
natural_gas,2023,1,AT,248823.0,4.4
natural_gas,2023,1,BE,2606595.0,45.509
natural_gas,2023,1,BG,10200.0,1.91
natural_gas,2023,1,CN,188.0,0.075
natural_gas,2023,1,DE,2628241.0,44.997
natural_gas,2023,1,DK,423.0,0.101
natural_gas,2023,1,ES,59401.0,3.319
natural_gas,2023,1,FR,2946.0,0.635
natural_gas,2023,1,GB,102.0,0.041
natural_gas,2023,1,GR,288.0,0.007
natural_gas,2023,1,HU,710.0,0.078
natural_gas,2023,1,IT,121765.0,2.88
natural_gas,2023,1,KR,19245.0,2.53
natural_gas,2023,1,NL,655318.0,12.072
natural_gas,2023,1,NO,282258452.0,8436.582
natural_gas,2023,1,PL,1538935.0,28.741
natural_gas,2023,1,PT,112.0,0.001
natural_gas,2023,1,QU,24398490.0,441.674
natural_gas,2023,1,QV,2315389.0,33.103
natural_gas,2023,1,RU,12285572.0,157.555
natural_gas,2023,1,SK,272.0,0.092
natural_gas,2023,1,TW,2.0,0.001
natural_gas,2023,1,US,213.0,0.29
natural_gas,2023,2,AT,35747.0,0.823
natural_gas,2023,2,BE,2337898.0,45.543
natural_gas,2023,2,CH,9.0,0.01
natural_gas,2023,2,CN,726.0,0.174
natural_gas,2023,2,DE,1289947.0,26.238
natural_gas,2023,2,DK,258.0,0.058
natural_gas,2023,2,ES,366.0,0.049
natural_gas,2023,2,FR,861781.0,15.787
natural_gas,2023,2,GB,51.0,0.025
natural_gas,2023,2,GR,1188.0,0.137
natural_gas,2023,2,HU,6.0,0.001
natural_gas,2023,2,IE,45.0,0.016
natural_gas,2023,2,IT,254116.0,5.071
natural_gas,2023,2,KR,11127.0,1.079
natural_gas,2023,2,NL,491605.0,9.381
natural_gas,2023,2,NO,219364660.0,5468.632
natural_gas,2023,2,PL,2030405.0,39.205
natural_gas,2023,2,QU,22912092.0,396.834
natural_gas,2023,2,QV,1881367.0,39.704
natural_gas,2023,2,RU,10707622.0,151.064
natural_gas,2023,2,SK,71.0,0.008
natural_gas,2023,2,US,6161.0,0.762
natural_gas,2023,3,AT,95176.0,2.087
natural_gas,2023,3,BE,2140172.0,36.624
natural_gas,2023,3,BG,6120.0,1.449
natural_gas,2023,3,CH,2.0,0.001
natural_gas,2023,3,CN,132.0,0.033
natural_gas,2023,3,DE,1980663.0,31.888
natural_gas,2023,3,DK,1911.0,0.389
natural_gas,2023,3,ES,107964.0,4.118
natural_gas,2023,3,FR,239689.0,4.82
natural_gas,2023,3,GB,33.0,0.02
natural_gas,2023,3,GR,130.0,0.024
natural_gas,2023,3,HU,14.0,0.003
natural_gas,2023,3,IE,42.0,0.017
natural_gas,2023,3,IT,216189.0,3.988
natural_gas,2023,3,KR,18383.0,2.252
natural_gas,2023,3,MK,15267.0,1.191
natural_gas,2023,3,NL,692543.0,13.142
natural_gas,2023,3,NO,284635554.0,7031.368
natural_gas,2023,3,PL,3005612.0,53.413
natural_gas,2023,3,QU,24370396.0,398.315
natural_gas,2023,3,QV,22275894.0,642.807
natural_gas,2023,3,RO,0.0,0.0
natural_gas,2023,3,RU,9903571.0,241.544
natural_gas,2023,3,SE,0.0,0.0
natural_gas,2023,3,SI,9.0,0.001
natural_gas,2023,3,SK,227.0,0.034
natural_gas,2023,3,US,1143.0,0.281
natural_gas,2023,4,AT,57851.0,1.125
natural_gas,2023,4,BE,2853271.0,41.784
natural_gas,2023,4,CH,1.0,0.0
natural_gas,2023,4,CN,504.0,0.111
natural_gas,2023,4,CY,43020.0,0.413
natural_gas,2023,4,DE,1749719.0,25.209
natural_gas,2023,4,DK,136.0,0.023
natural_gas,2023,4,ES,36472.0,1.937
natural_gas,2023,4,FR,787769.0,10.757
natural_gas,2023,4,GB,11.0,0.003
natural_gas,2023,4,GR,465.0,0.019
natural_gas,2023,4,HU,18.0,0.005
natural_gas,2023,4,IE,71.0,0.026
natural_gas,2023,4,IT,68795.0,1.382
natural_gas,2023,4,KR,3728.0,0.778
natural_gas,2023,4,NL,726090.0,13.147
natural_gas,2023,4,NO,396577583.0,6569.628
natural_gas,2023,4,PL,1682470.0,26.316
natural_gas,2023,4,QU,19783410.0,321.356
natural_gas,2023,4,QV,20925240.0,465.858
natural_gas,2023,4,RU,10606816.0,194.604
natural_gas,2023,4,SI,5.0,0.001
natural_gas,2023,4,SK,103.0,0.023
natural_gas,2023,4,US,28.0,0.047
natural_gas,2023,5,AT,119901.0,1.846
natural_gas,2023,5,BE,1879463.0,24.529
natural_gas,2023,5,CH,0.0,0.0
natural_gas,2023,5,CN,73.0,0.023
natural_gas,2023,5,CY,80580.0,0.805
natural_gas,2023,5,DE,2850222.0,36.731
natural_gas,2023,5,DK,1397.0,0.306
natural_gas,2023,5,ES,37594.0,1.057
natural_gas,2023,5,FR,635394.0,9.372
natural_gas,2023,5,GB,4331242.0,61.503
natural_gas,2023,5,GR,278.0,0.011
natural_gas,2023,5,HU,464.0,0.053
natural_gas,2023,5,IT,19862.0,1.646
natural_gas,2023,5,KR,676.0,0.19
natural_gas,2023,5,NL,781337.0,12.983
natural_gas,2023,5,NO,650609349.0,9875.807
natural_gas,2023,5,PL,1744305.0,28.003
natural_gas,2023,5,QU,9820177.0,174.361
natural_gas,2023,5,QV,18100455.0,388.853
natural_gas,2023,5,RO,2.0,0.0
natural_gas,2023,5,RU,10224362.0,191.563
natural_gas,2023,5,SK,57.0,0.016
natural_gas,2023,5,UA,18.0,0.001
natural_gas,2023,5,US,58.0,0.078
natural_gas,2023,6,AT,100248.0,1.442
natural_gas,2023,6,BE,1940913.0,24.531
natural_gas,2023,6,BG,20280.0,0.246
natural_gas,2023,6,CH,3.0,0.004
natural_gas,2023,6,CN,135.0,0.081
natural_gas,2023,6,CY,121320.0,1.196
natural_gas,2023,6,DE,3601193.0,43.0
natural_gas,2023,6,ES,19023.0,0.49
natural_gas,2023,6,FR,978315.0,11.486
natural_gas,2023,6,GB,4817802.0,49.051
natural_gas,2023,6,GR,863.0,0.171
natural_gas,2023,6,HU,1116.0,0.12
natural_gas,2023,6,IE,29.0,0.01
natural_gas,2023,6,IT,6046.0,0.967
natural_gas,2023,6,KR,15334.0,2.2
natural_gas,2023,6,NL,602796.0,10.245
natural_gas,2023,6,NO,583259051.0,8088.581
natural_gas,2023,6,PL,1166994.0,20.511
natural_gas,2023,6,QU,7740843.0,138.191
natural_gas,2023,6,QV,16439010.0,343.834
natural_gas,2023,6,RU,9907653.0,121.804
natural_gas,2023,6,SK,51.0,0.01
natural_gas,2023,6,US,39.0,0.052
natural_gas,2023,7,AT,456.0,0.15
natural_gas,2023,7,BE,1897856.0,25.799
natural_gas,2023,7,CH,0.0,0.0
natural_gas,2023,7,CN,696.0,0.145
natural_gas,2023,7,DE,3204869.0,38.075
natural_gas,2023,7,DK,133.0,0.021
natural_gas,2023,7,ES,34270.0,0.718
natural_gas,2023,7,FR,784578.0,10.844
natural_gas,2023,7,GB,2331147.0,20.716
natural_gas,2023,7,GR,644.0,0.119
natural_gas,2023,7,HU,410.0,0.045
natural_gas,2023,7,IT,3923.0,0.633
natural_gas,2023,7,KR,13.0,0.002
natural_gas,2023,7,MK,57.0,0.056
natural_gas,2023,7,NL,698230.0,10.875
natural_gas,2023,7,NO,344254257.0,5092.129
natural_gas,2023,7,PL,1072332.0,17.165
natural_gas,2023,7,QU,4.0,0.001
natural_gas,2023,7,QV,1455996.0,22.519
natural_gas,2023,7,RU,8770211.0,136.762
natural_gas,2023,7,SE,2.0,0.001
natural_gas,2023,7,SK,17.0,0.012
natural_gas,2023,7,TW,340.0,0.128
natural_gas,2023,7,US,59.0,0.081
natural_gas,2023,8,AT,35607.0,0.584
natural_gas,2023,8,BE,1791735.0,26.943
natural_gas,2023,8,CH,0.0,0.0
natural_gas,2023,8,CN,155.0,0.051
natural_gas,2023,8,DE,3135446.0,41.567
natural_gas,2023,8,DK,638.0,0.124
natural_gas,2023,8,ES,53548.0,1.196
natural_gas,2023,8,FR,1114475.0,15.821
natural_gas,2023,8,GB,126.0,0.069
natural_gas,2023,8,GR,235.0,0.018
natural_gas,2023,8,HU,5.0,0.001
natural_gas,2023,8,IE,22.0,0.009
natural_gas,2023,8,IT,4430.0,0.719
natural_gas,2023,8,KR,18608.0,1.058
natural_gas,2023,8,LT,40140.0,0.526
natural_gas,2023,8,NL,203896.0,2.742
natural_gas,2023,8,NO,308273840.0,4681.609
natural_gas,2023,8,PL,1508202.0,23.317
natural_gas,2023,8,QU,4.0,0.001
natural_gas,2023,8,QV,1608543.0,26.634
natural_gas,2023,8,RO,7.0,0.002
natural_gas,2023,8,RU,9529476.0,149.816
natural_gas,2023,8,SE,0.0,0.0
natural_gas,2023,8,SK,1927227.0,18.761
natural_gas,2023,8,US,35.0,0.048
natural_gas,2023,9,AT,99097.0,1.611
natural_gas,2023,9,BE,1888469.0,31.662
natural_gas,2023,9,BG,1.0,0.0
natural_gas,2023,9,CH,1.0,0.0
natural_gas,2023,9,CN,24.0,0.008
natural_gas,2023,9,DE,3774730.0,53.542
natural_gas,2023,9,DK,132.0,0.021
natural_gas,2023,9,ES,139.0,0.029
natural_gas,2023,9,FR,831950.0,13.062
natural_gas,2023,9,GB,23.0,0.006
natural_gas,2023,9,GR,292.0,0.008
natural_gas,2023,9,HU,1.0,0.0
natural_gas,2023,9,IT,13033.0,0.757
natural_gas,2023,9,KR,17766.0,1.765
natural_gas,2023,9,LT,41560.0,0.584
natural_gas,2023,9,NL,236112.0,3.614
natural_gas,2023,9,NO,254556486.0,4202.219
natural_gas,2023,9,PL,1429361.0,24.123
natural_gas,2023,9,QU,2.0,0.001
natural_gas,2023,9,QV,1558296.0,28.093
natural_gas,2023,9,RO,2.0,0.0
natural_gas,2023,9,RU,22151956.0,334.971
natural_gas,2023,9,SE,0.0,0.0
natural_gas,2023,9,SK,1064882.0,10.081
natural_gas,2023,9,US,45.0,0.063
natural_gas,2023,10,AL,15142.0,1.042
natural_gas,2023,10,AT,98198.0,1.659
natural_gas,2023,10,BE,2502151.0,42.107
natural_gas,2023,10,CH,1.0,0.0
natural_gas,2023,10,CN,643.0,0.142
natural_gas,2023,10,DE,2296395.0,37.787
natural_gas,2023,10,DK,3.0,0.226
natural_gas,2023,10,ES,225.0,0.033
natural_gas,2023,10,FR,554024.0,8.547
natural_gas,2023,10,GB,21.0,0.004
natural_gas,2023,10,GR,534.0,0.035
natural_gas,2023,10,HU,629.0,0.074
natural_gas,2023,10,IT,45136.0,2.31
natural_gas,2023,10,KR,281.0,0.055
natural_gas,2023,10,LT,21120.0,0.319
natural_gas,2023,10,LV,61520.0,0.94
natural_gas,2023,10,NL,484066.0,7.468
natural_gas,2023,10,NO,365653508.0,6290.604
natural_gas,2023,10,PL,1855402.0,33.511
natural_gas,2023,10,QV,2032911.0,37.271
natural_gas,2023,10,RO,1.0,0.0
natural_gas,2023,10,RU,42092315.0,852.565
natural_gas,2023,10,SK,5.0,0.001
natural_gas,2023,10,US,1176.0,0.324
natural_gas,2023,11,AT,119523.0,2.166
natural_gas,2023,11,BE,3108156.0,48.953
natural_gas,2023,11,CH,1.0,0.001
natural_gas,2023,11,CN,237.0,0.099
natural_gas,2023,11,DE,1093367.0,19.369
natural_gas,2023,11,DK,94.0,0.016
natural_gas,2023,11,ES,225.0,0.033
natural_gas,2023,11,FR,575749.0,7.676
natural_gas,2023,11,GB,7.0,0.002
natural_gas,2023,11,GR,433.0,0.01
natural_gas,2023,11,HU,407.0,0.046
natural_gas,2023,11,IT,96371.0,2.012
natural_gas,2023,11,KR,245.0,0.049
natural_gas,2023,11,LV,42200.0,0.659
natural_gas,2023,11,NL,1202580.0,18.509
natural_gas,2023,11,NO,278290410.0,4966.292
natural_gas,2023,11,PL,1304306.0,21.425
natural_gas,2023,11,QU,19130666.0,320.089
natural_gas,2023,11,QV,1840595.0,32.197
natural_gas,2023,11,RO,2017.0,0.556
natural_gas,2023,11,RU,90236140.0,1745.373
natural_gas,2023,11,SK,16.0,0.003
natural_gas,2023,11,US,50.0,0.063
natural_gas,2023,12,AT,242411.0,3.895
natural_gas,2023,12,BE,2283515.0,35.233
natural_gas,2023,12,CH,4.0,0.002
natural_gas,2023,12,CN,106.0,0.073
natural_gas,2023,12,DE,1811601.0,28.008
natural_gas,2023,12,DK,197.0,0.032
natural_gas,2023,12,ES,137.0,0.022
natural_gas,2023,12,FR,615698.0,8.505
natural_gas,2023,12,GB,202.0,0.047
natural_gas,2023,12,GR,376.0,0.035
natural_gas,2023,12,HU,3.0,0.0
natural_gas,2023,12,IE,26.0,0.013
natural_gas,2023,12,IT,68916.0,1.355
natural_gas,2023,12,KR,9513.0,0.615
natural_gas,2023,12,MK,15431.0,1.126
natural_gas,2023,12,NL,1241504.0,22.796
natural_gas,2023,12,NO,288292260.0,4969.044
natural_gas,2023,12,PL,1508092.0,26.438
natural_gas,2023,12,QU,23613778.0,376.37
natural_gas,2023,12,QV,1967816.0,33.967
natural_gas,2023,12,RO,2.0,0.0
natural_gas,2023,12,RU,166939948.0,3071.907
natural_gas,2023,12,SE,0.0,0.0
natural_gas,2023,12,SK,2.0,0.001
natural_gas,2023,12,US,28.0,0.038
natural_gas,2024,1,AL,907.0,0.061
natural_gas,2024,1,AT,20364.0,0.465
natural_gas,2024,1,BE,1965930.0,31.936
natural_gas,2024,1,BG,1.0,0.0
natural_gas,2024,1,CH,2.0,0.001
natural_gas,2024,1,CN,1714.0,0.342
natural_gas,2024,1,CY,62200.0,0.626
natural_gas,2024,1,DE,2870839.0,44.918
natural_gas,2024,1,DK,135.0,0.021
natural_gas,2024,1,ES,166.0,0.023
natural_gas,2024,1,FR,838446.0,11.952
natural_gas,2024,1,GB,671.0,0.292
natural_gas,2024,1,GR,30.0,0.004
natural_gas,2024,1,HU,8.0,0.003
natural_gas,2024,1,IT,71177.0,2.17
natural_gas,2024,1,KR,610.0,0.118
natural_gas,2024,1,LV,184540.0,2.701
natural_gas,2024,1,NL,839536.0,15.274
natural_gas,2024,1,NO,199263628.0,3642.089
natural_gas,2024,1,PL,1212163.0,20.609
natural_gas,2024,1,QU,8798455.0,108.317
natural_gas,2024,1,QV,2614130.0,40.501
natural_gas,2024,1,RO,1.0,0.0
natural_gas,2024,1,RU,101299585.0,1726.273
natural_gas,2024,1,SE,3.0,0.001
natural_gas,2024,1,SK,91330.0,2.547
natural_gas,2024,1,US,83.0,0.113
natural_gas,2024,2,AL,826.0,0.056
natural_gas,2024,2,AT,117601.0,1.913
natural_gas,2024,2,BE,1813489.0,31.45
natural_gas,2024,2,CH,608.0,0.001
natural_gas,2024,2,CN,215.0,0.079
natural_gas,2024,2,CY,40440.0,0.407
natural_gas,2024,2,DE,2968194.0,46.938
natural_gas,2024,2,DK,3.0,0.108
natural_gas,2024,2,ES,214.0,0.032
natural_gas,2024,2,FR,1117955.0,17.925
natural_gas,2024,2,GB,16.0,0.004
natural_gas,2024,2,GR,425.0,0.013
natural_gas,2024,2,HU,2.0,0.0
natural_gas,2024,2,IE,67.0,0.018
natural_gas,2024,2,IT,372921.0,6.728
natural_gas,2024,2,KR,1407.0,0.285
natural_gas,2024,2,LT,84140.0,1.21
natural_gas,2024,2,LV,128820.0,1.834
natural_gas,2024,2,NL,635743.0,10.394
natural_gas,2024,2,NO,275767679.0,4128.465
natural_gas,2024,2,PL,1008618.0,18.13
natural_gas,2024,2,QU,7899288.0,98.157
natural_gas,2024,2,QV,1985302.0,33.574
natural_gas,2024,2,RU,121000689.0,1825.745
natural_gas,2024,2,SE,0.0,0.0
natural_gas,2024,2,SK,15.0,0.003
natural_gas,2024,2,US,12.0,0.063
natural_gas,2024,3,AL,2440.0,0.167
natural_gas,2024,3,AT,137191.0,2.317
natural_gas,2024,3,BE,2785113.0,48.467
natural_gas,2024,3,CH,1.0,0.0
natural_gas,2024,3,CN,130.0,0.067
natural_gas,2024,3,DE,2839241.0,45.514
natural_gas,2024,3,DK,979.0,0.224
natural_gas,2024,3,ES,199.0,0.058
natural_gas,2024,3,FR,604665.0,10.071
natural_gas,2024,3,GB,18.0,0.004
natural_gas,2024,3,GR,427.0,0.021
natural_gas,2024,3,HU,1361.0,0.157
natural_gas,2024,3,IE,57.0,0.014
natural_gas,2024,3,IT,14069.0,0.943
natural_gas,2024,3,KR,18005.0,2.258
natural_gas,2024,3,LT,270860.0,3.724
natural_gas,2024,3,LV,334370.0,4.653
natural_gas,2024,3,NL,409488.0,6.518
natural_gas,2024,3,NO,188936693.0,3120.46
natural_gas,2024,3,PL,886388.0,14.275
natural_gas,2024,3,QU,7014576.0,86.404
natural_gas,2024,3,QV,1920080.0,33.363
natural_gas,2024,3,RU,52626317.0,726.086
natural_gas,2024,3,SK,1.0,0.0
natural_gas,2024,3,TW,388.0,0.092
natural_gas,2024,3,US,56.0,0.022
natural_gas,2024,4,AT,181766.0,3.104
natural_gas,2024,4,BE,2084695.0,35.13
natural_gas,2024,4,CH,5.0,0.008
natural_gas,2024,4,CN,228.0,0.09
natural_gas,2024,4,DE,2676139.0,40.855
natural_gas,2024,4,DK,560.0,0.125
natural_gas,2024,4,ES,201.0,0.028
natural_gas,2024,4,FR,1139486.0,17.593
natural_gas,2024,4,GB,190.0,0.104
natural_gas,2024,4,GR,576.0,0.015
natural_gas,2024,4,HU,0.0,0.0
natural_gas,2024,4,IE,101.0,0.026
natural_gas,2024,4,IT,25077.0,1.63
natural_gas,2024,4,KR,1113.0,0.217
natural_gas,2024,4,LV,125800.0,1.754
natural_gas,2024,4,NL,428938.0,6.681
natural_gas,2024,4,NO,202963868.0,2810.435
natural_gas,2024,4,PL,1121418.0,17.29
natural_gas,2024,4,QV,2016250.0,35.7
natural_gas,2024,4,RU,38527983.0,563.822
natural_gas,2024,4,SE,0.0,0.0
natural_gas,2024,4,SK,10.0,0.002
natural_gas,2024,4,US,390.0,0.113
natural_gas,2024,5,AT,120302.0,1.963
natural_gas,2024,5,BE,2132836.0,33.63
natural_gas,2024,5,BG,1.0,0.001
natural_gas,2024,5,CH,17.0,0.005
natural_gas,2024,5,CN,397.0,0.071
natural_gas,2024,5,DE,2446574.0,37.424
natural_gas,2024,5,DK,137.0,0.022
natural_gas,2024,5,ES,105.0,0.02
natural_gas,2024,5,FR,283063.0,4.645
natural_gas,2024,5,GB,122.0,0.043
natural_gas,2024,5,GR,4336.0,1.31
natural_gas,2024,5,HU,10.0,0.003
natural_gas,2024,5,IE,47.0,0.024
natural_gas,2024,5,IT,15136.0,1.131
natural_gas,2024,5,KR,606.0,0.146
natural_gas,2024,5,LV,473420.0,6.193
natural_gas,2024,5,NL,3635250.0,59.094
natural_gas,2024,5,NO,383599790.0,5267.125
natural_gas,2024,5,PL,866552.0,13.665
natural_gas,2024,5,QV,1067115.0,18.858
natural_gas,2024,5,RO,2.0,0.001
natural_gas,2024,5,RU,77858780.0,1142.489
natural_gas,2024,5,SE,0.0,0.0
natural_gas,2024,5,SI,16.0,0.009
natural_gas,2024,5,SK,5.0,0.001
natural_gas,2024,5,US,3.0,0.018
natural_gas,2024,6,AT,98802.0,1.646
natural_gas,2024,6,BE,1870653.0,31.16
natural_gas,2024,6,CA,1056.0,0.099
natural_gas,2024,6,CH,1.0,0.001
natural_gas,2024,6,CN,3321.0,1.3
natural_gas,2024,6,CY,60840.0,0.612
natural_gas,2024,6,DE,2200547.0,32.18
natural_gas,2024,6,DK,551.0,0.115
natural_gas,2024,6,ES,157.0,0.042
natural_gas,2024,6,FR,550530.0,8.617
natural_gas,2024,6,GB,86.0,0.022
natural_gas,2024,6,GR,494.0,0.019
natural_gas,2024,6,IT,6480.0,1.225
natural_gas,2024,6,KR,6052.0,0.583
natural_gas,2024,6,LV,224810.0,2.883
natural_gas,2024,6,NL,1778609.0,28.361
natural_gas,2024,6,NO,393261679.0,5681.024
natural_gas,2024,6,PL,1858810.0,23.592
natural_gas,2024,6,QV,1281757.0,21.607
natural_gas,2024,6,RU,171384988.0,2415.238
natural_gas,2024,6,SK,1085850.0,14.977
natural_gas,2024,6,US,431.0,0.078
natural_gas,2024,7,AT,99120.0,1.684
natural_gas,2024,7,BE,1990674.0,35.223
natural_gas,2024,7,CH,0.0,0.0
natural_gas,2024,7,CN,56.0,0.024
natural_gas,2024,7,DE,2404095.0,35.478
natural_gas,2024,7,DK,564.0,0.139
natural_gas,2024,7,ES,188.0,0.046
natural_gas,2024,7,FR,378025.0,7.249
natural_gas,2024,7,GB,38.0,0.018
natural_gas,2024,7,GE,1.0,0.0
natural_gas,2024,7,GR,237.0,0.024
natural_gas,2024,7,HR,3.0,0.0
natural_gas,2024,7,HU,7.0,0.002
natural_gas,2024,7,IT,26346.0,1.754
natural_gas,2024,7,KR,34022.0,1.524
natural_gas,2024,7,LV,482710.0,6.969
natural_gas,2024,7,MK,15596.0,1.13
natural_gas,2024,7,NL,763325.0,8.589
natural_gas,2024,7,NO,239310239.0,3550.026
natural_gas,2024,7,PL,754195.0,11.059
natural_gas,2024,7,QV,1223550.0,22.828
natural_gas,2024,7,RU,101184332.0,1511.085
natural_gas,2024,7,SK,3124453.0,49.218
natural_gas,2024,7,US,6.0,0.008
natural_gas,2024,8,AT,1336291.0,20.872
natural_gas,2024,8,BE,1714386.0,27.08
natural_gas,2024,8,CH,3.0,0.004
natural_gas,2024,8,CN,1323.0,0.529
natural_gas,2024,8,CY,20940.0,0.308
natural_gas,2024,8,DE,2628699.0,39.398
natural_gas,2024,8,DK,973.0,0.225
natural_gas,2024,8,ES,145.0,0.044
natural_gas,2024,8,FR,563576.0,9.614
natural_gas,2024,8,GB,9.0,0.083
natural_gas,2024,8,GR,329.0,0.012
natural_gas,2024,8,HU,7.0,0.002
natural_gas,2024,8,IE,10.0,0.004
natural_gas,2024,8,IT,3705.0,0.708
natural_gas,2024,8,KR,10198.0,0.881
natural_gas,2024,8,LV,162070.0,2.619
natural_gas,2024,8,NL,328428.0,5.742
natural_gas,2024,8,NO,300655859.0,4690.068
natural_gas,2024,8,PL,1124285.0,19.543
natural_gas,2024,8,QV,1533970.0,30.253
natural_gas,2024,8,RU,91151765.0,1393.47
natural_gas,2024,8,SI,14.0,0.007
natural_gas,2024,8,SK,1018221.0,14.952
natural_gas,2024,8,TW,196.0,0.04
natural_gas,2024,9,AT,121572.0,2.173
natural_gas,2024,9,BE,2381577.0,40.747
natural_gas,2024,9,CH,1.0,0.0
natural_gas,2024,9,CN,120.0,0.033
natural_gas,2024,9,DE,2991481.0,43.3
natural_gas,2024,9,DK,2435911.0,34.988
natural_gas,2024,9,ES,159.0,0.048
natural_gas,2024,9,FR,558402.0,8.733
natural_gas,2024,9,GB,491.0,0.188
natural_gas,2024,9,GE,1.0,0.001
natural_gas,2024,9,GR,787.0,0.028
natural_gas,2024,9,HU,7.0,0.002
natural_gas,2024,9,IE,8.0,0.005
natural_gas,2024,9,IT,16084.0,0.842
natural_gas,2024,9,KR,30398.0,3.82
natural_gas,2024,9,MK,1.0,0.0
natural_gas,2024,9,NL,327877.0,5.366
natural_gas,2024,9,NO,234626953.0,3662.225
natural_gas,2024,9,PL,821361.0,15.063
natural_gas,2024,9,QV,1313464.0,24.832
natural_gas,2024,9,RU,61126790.0,965.212
natural_gas,2024,9,SE,0.0,0.0
natural_gas,2024,9,SK,10.0,0.002
natural_gas,2024,10,AT,401085.0,6.958
natural_gas,2024,10,BE,2260274.0,44.916
natural_gas,2024,10,CH,0.0,0.0
natural_gas,2024,10,CN,23.0,0.011
natural_gas,2024,10,DE,2993453.0,48.548
natural_gas,2024,10,DK,134.0,0.021
natural_gas,2024,10,ES,159.0,0.025
natural_gas,2024,10,FR,533088.0,8.796
natural_gas,2024,10,GB,53.0,0.025
natural_gas,2024,10,GR,598.0,0.02
natural_gas,2024,10,HU,14.0,0.004
natural_gas,2024,10,IE,0.0,0.0
natural_gas,2024,10,IT,22351.0,1.138
natural_gas,2024,10,KR,323.0,0.085
natural_gas,2024,10,LU,551970.0,9.045
natural_gas,2024,10,LV,98880.0,1.762
natural_gas,2024,10,NL,3911928.0,66.565
natural_gas,2024,10,NO,256151318.0,4073.571
natural_gas,2024,10,PL,3952138.0,67.838
natural_gas,2024,10,QV,1721834.0,33.972
natural_gas,2024,10,RU,114482606.0,1821.414
natural_gas,2024,10,SI,23.0,0.012
natural_gas,2024,10,SK,14.0,0.002
natural_gas,2024,11,AT,361302.0,6.533
natural_gas,2024,11,BE,2258703.0,44.101
natural_gas,2024,11,CH,9.0,0.012
natural_gas,2024,11,CN,1497.0,0.6
natural_gas,2024,11,DE,3481308.0,57.55
natural_gas,2024,11,DK,1695308.0,28.737
natural_gas,2024,11,ES,221.0,0.053
natural_gas,2024,11,FR,734273.0,12.943
natural_gas,2024,11,GB,69.0,0.033
natural_gas,2024,11,GR,289.0,0.006
natural_gas,2024,11,HU,203.0,0.023
natural_gas,2024,11,IT,2468.0,0.376
natural_gas,2024,11,KR,6064.0,0.98
natural_gas,2024,11,LU,687410.0,12.26
natural_gas,2024,11,MK,1.0,0.0
natural_gas,2024,11,NL,3904880.0,67.541
natural_gas,2024,11,NO,75304283.0,1312.367
natural_gas,2024,11,PL,1942276.0,35.013
natural_gas,2024,11,QV,2110816.0,43.151
natural_gas,2024,11,RO,1.0,0.0
natural_gas,2024,11,RU,187667146.0,3362.553
natural_gas,2024,11,SK,109.0,0.129
natural_gas,2024,11,US,2.0,0.003
natural_gas,2024,12,AT,318713.0,5.625
natural_gas,2024,12,BE,2042465.0,38.998
natural_gas,2024,12,CH,18.0,0.02
natural_gas,2024,12,CN,786.0,0.096
natural_gas,2024,12,CY,102740.0,1.486
natural_gas,2024,12,DE,2136057.0,34.741
natural_gas,2024,12,DK,861342.0,14.664
natural_gas,2024,12,ES,238.0,0.036
natural_gas,2024,12,FR,880925.0,13.643
natural_gas,2024,12,GB,30.0,0.007
natural_gas,2024,12,HU,507.0,0.058
natural_gas,2024,12,IL,1.0,0.001
natural_gas,2024,12,IT,16814.0,1.036
natural_gas,2024,12,KR,434.0,0.085
natural_gas,2024,12,LU,1270460.0,16.797
natural_gas,2024,12,LV,22200.0,0.388
natural_gas,2024,12,MK,1.0,0.0
natural_gas,2024,12,NL,1216769.0,21.91
natural_gas,2024,12,NO,70064514.0,1235.197
natural_gas,2024,12,PL,806691.0,15.539
natural_gas,2024,12,QV,2146504.0,41.785
natural_gas,2024,12,RU,180923638.0,3189.578
natural_gas,2024,12,SI,18.0,0.012
natural_gas,2024,12,SK,1920273.0,28.397
natural_gas,2024,12,US,2.0,0.002
natural_gas,2025,1,AT,139026.0,2.566
natural_gas,2025,1,BE,1991307.0,39.406
natural_gas,2025,1,CH,1.0,0.001
natural_gas,2025,1,CN,3260.0,0.96
natural_gas,2025,1,DE,3173996.0,55.034
natural_gas,2025,1,DK,494.0,0.12
natural_gas,2025,1,ES,212.0,0.03
natural_gas,2025,1,FR,895594.0,14.335
natural_gas,2025,1,GB,59.0,0.012
natural_gas,2025,1,GR,1050.0,0.079
natural_gas,2025,1,HU,110.0,0.014
natural_gas,2025,1,IT,77380.0,2.206
natural_gas,2025,1,KR,31714.0,2.94
natural_gas,2025,1,LU,2840370.0,38.015
natural_gas,2025,1,NL,883253.0,16.373
natural_gas,2025,1,NO,240783522.0,4187.517
natural_gas,2025,1,PL,851518.0,18.114
natural_gas,2025,1,QU,98281344.0,1703.597
natural_gas,2025,1,QV,2249241.0,34.001
natural_gas,2025,1,RU,612040.0,11.075
natural_gas,2025,1,SE,0.0,0.0
natural_gas,2025,1,SK,3826352.0,59.652
natural_gas,2025,1,US,4.0,0.005
natural_gas,2025,2,AT,179623.0,3.36
natural_gas,2025,2,BE,2135102.0,41.799
natural_gas,2025,2,CH,304.0,0.029
natural_gas,2025,2,CN,138.0,0.041
natural_gas,2025,2,DE,2319534.0,40.642
natural_gas,2025,2,DK,535.0,0.118
natural_gas,2025,2,ES,101.0,0.015
natural_gas,2025,2,FR,912712.0,14.999
natural_gas,2025,2,GB,202.0,0.084
natural_gas,2025,2,GR,976.0,0.057
natural_gas,2025,2,IE,5.0,0.002
natural_gas,2025,2,IT,12637.0,0.692
natural_gas,2025,2,KR,14932.0,1.202
natural_gas,2025,2,LU,431560.0,8.903
natural_gas,2025,2,NL,639935.0,12.375
natural_gas,2025,2,NO,243977276.0,4404.471
natural_gas,2025,2,PL,809506.0,16.805
natural_gas,2025,2,QU,43371069.0,786.687
natural_gas,2025,2,QV,1697887.0,33.5
natural_gas,2025,2,SK,1049310.0,16.168
natural_gas,2025,2,US,1.0,0.002
natural_gas,2025,3,AT,140211.0,2.741
natural_gas,2025,3,BE,2215954.0,40.749
natural_gas,2025,3,BG,1.0,0.0
natural_gas,2025,3,CN,1304.0,0.538
natural_gas,2025,3,DE,2830787.0,46.535
natural_gas,2025,3,DK,754.0,0.181
natural_gas,2025,3,ES,178.0,0.049
natural_gas,2025,3,FR,932087.0,14.369
natural_gas,2025,3,GB,164.0,0.096
natural_gas,2025,3,GR,944.0,0.052
natural_gas,2025,3,HU,61370.0,1.312
natural_gas,2025,3,IT,21476.0,1.488
natural_gas,2025,3,KR,23671.0,1.139
natural_gas,2025,3,LU,1786280.0,30.418
natural_gas,2025,3,MK,7880.0,0.601
natural_gas,2025,3,NL,582265.0,10.823
natural_gas,2025,3,NO,276439881.0,4571.945
natural_gas,2025,3,PL,1441955.0,24.576
natural_gas,2025,3,QU,121817324.0,2024.05
natural_gas,2025,3,QV,1287192.0,24.656
natural_gas,2025,3,SE,1.0,0.001
natural_gas,2025,3,SI,6.0,0.004
natural_gas,2025,3,SK,1008087.0,12.092
natural_gas,2025,3,TW,1.0,0.002
natural_gas,2025,3,US,6.0,0.006
natural_gas,2025,4,AT,60442.0,1.14
natural_gas,2025,4,BE,2363103.0,37.745
natural_gas,2025,4,CH,14.0,0.005
natural_gas,2025,4,CN,1424.0,0.563
natural_gas,2025,4,DE,3170516.0,45.32
natural_gas,2025,4,DK,1280.0,0.327
natural_gas,2025,4,ES,235.0,0.033
natural_gas,2025,4,FR,895801.0,12.763
natural_gas,2025,4,GB,62.0,0.012
natural_gas,2025,4,GR,1354.0,0.087
natural_gas,2025,4,HU,122.0,0.017
natural_gas,2025,4,IE,10.0,0.004
natural_gas,2025,4,IT,13798.0,0.999
natural_gas,2025,4,KR,1328.0,0.244
natural_gas,2025,4,LU,2026790.0,30.094
natural_gas,2025,4,MK,1.0,0.0
natural_gas,2025,4,NL,883973.0,15.295
natural_gas,2025,4,NO,367818744.0,5466.259
natural_gas,2025,4,PL,649440.0,13.047
natural_gas,2025,4,QU,179750538.0,2676.717
natural_gas,2025,4,QV,1206084.0,21.24
natural_gas,2025,4,SE,6.0,0.002
natural_gas,2025,4,SK,1002854.0,12.975
natural_gas,2025,4,US,5.0,0.008
natural_gas,2025,5,AT,120260.0,1.863
natural_gas,2025,5,BE,1675755.0,25.934
natural_gas,2025,5,CN,33.0,0.011
natural_gas,2025,5,DE,3046262.0,39.035
natural_gas,2025,5,DK,429.0,0.121
natural_gas,2025,5,ES,187.0,0.026
natural_gas,2025,5,FR,727429.0,12.538
natural_gas,2025,5,GB,104.0,0.047
natural_gas,2025,5,GR,1548.0,0.097
natural_gas,2025,5,HR,4.0,0.0
natural_gas,2025,5,HU,692.0,0.002
natural_gas,2025,5,IT,25372.0,1.513
natural_gas,2025,5,KR,1035.0,0.227
natural_gas,2025,5,LU,1641470.0,22.957
natural_gas,2025,5,MK,9357.0,0.702
natural_gas,2025,5,NL,747944.0,11.869
natural_gas,2025,5,NO,386773579.0,5338.245
natural_gas,2025,5,PL,536031.0,10.223
natural_gas,2025,5,QU,161469390.0,2237.633
natural_gas,2025,5,QV,1140487.0,18.427
natural_gas,2025,5,SI,5.0,0.004
natural_gas,2025,5,SK,102.0,0.007
natural_gas,2025,5,TW,307.0,0.076
natural_gas,2025,5,US,1.0,0.001
natural_gas,2025,6,AT,180942.0,2.714
natural_gas,2025,6,BE,1917603.0,28.828
natural_gas,2025,6,CN,2497.0,0.652
natural_gas,2025,6,DE,3046898.0,39.095
natural_gas,2025,6,DK,1172.0,0.29
natural_gas,2025,6,ES,182.0,0.028
natural_gas,2025,6,FR,283478.0,4.782
natural_gas,2025,6,GB,136.0,0.046
natural_gas,2025,6,GR,1748.0,0.119
natural_gas,2025,6,HU,626.0,0.074
natural_gas,2025,6,IE,10.0,0.005
natural_gas,2025,6,IT,13219.0,1.078
natural_gas,2025,6,KR,31524.0,2.943
natural_gas,2025,6,LU,863120.0,12.536
natural_gas,2025,6,NL,577777.0,8.178
natural_gas,2025,6,NO,468974561.0,6707.949
natural_gas,2025,6,PL,611529.0,10.271
natural_gas,2025,6,QU,160241705.0,2314.196
natural_gas,2025,6,QV,1056156.0,16.501
natural_gas,2025,6,SK,17.0,0.006
natural_gas,2025,6,TW,1.0,0.0
natural_gas,2025,6,US,5.0,0.007
natural_gas,2025,7,AT,201460.0,3.084
natural_gas,2025,7,BE,1409155.0,21.437
natural_gas,2025,7,CH,0.0,0.0
natural_gas,2025,7,CN,61.0,0.021
natural_gas,2025,7,DE,2778762.0,34.758
natural_gas,2025,7,DK,773.0,0.089
natural_gas,2025,7,ES,180.0,0.026
natural_gas,2025,7,FR,145105.0,4.612
natural_gas,2025,7,GB,19.0,0.005
natural_gas,2025,7,GR,1734.0,0.101
natural_gas,2025,7,HU,610.0,0.069
natural_gas,2025,7,IE,5.0,0.002
natural_gas,2025,7,IT,50615.0,2.909
natural_gas,2025,7,KR,14413.0,1.781
natural_gas,2025,7,LU,1102020.0,15.025
natural_gas,2025,7,LV,40480.0,0.613
natural_gas,2025,7,MK,4.0,0.0
natural_gas,2025,7,NL,1015050.0,14.798
natural_gas,2025,7,NO,381694804.0,5207.046
natural_gas,2025,7,PL,1569649.0,22.713
natural_gas,2025,7,QU,215236760.0,2932.276
natural_gas,2025,7,QV,1028915.0,16.611
natural_gas,2025,7,SI,15.0,0.009
natural_gas,2025,7,SK,3.0,0.001
natural_gas,2025,7,TW,232.0,0.088
natural_gas,2025,7,US,10.0,0.013
natural_gas,2025,8,AT,240752.0,3.448
natural_gas,2025,8,BE,2060109.0,29.529
natural_gas,2025,8,CN,19276.0,0.946
natural_gas,2025,8,DE,3414474.0,42.155
natural_gas,2025,8,DK,6.0,0.011
natural_gas,2025,8,ES,121.0,0.056
natural_gas,2025,8,FR,337977.0,5.458
natural_gas,2025,8,GB,26.0,0.006
natural_gas,2025,8,GR,1290.0,0.073
natural_gas,2025,8,HR,5.0,0.001
natural_gas,2025,8,HU,10.0,0.003
natural_gas,2025,8,IT,12436.0,0.943
natural_gas,2025,8,KR,23765.0,1.063
natural_gas,2025,8,LU,1149030.0,15.305
natural_gas,2025,8,NL,1352967.0,17.544
natural_gas,2025,8,NO,365666933.0,4942.039
natural_gas,2025,8,PL,476496.0,8.27
natural_gas,2025,8,QU,188471981.0,2553.804
natural_gas,2025,8,QV,1046351.0,15.895
natural_gas,2025,8,SE,925.0,0.045
natural_gas,2025,8,SK,2.0,0.001
natural_gas,2025,8,TW,388.0,0.091
natural_gas,2025,8,US,2.0,0.003
natural_gas,2025,9,AT,219537.0,3.062
natural_gas,2025,9,BE,1885829.0,30.02
natural_gas,2025,9,CH,6.0,0.007
natural_gas,2025,9,CN,1339.0,0.516
natural_gas,2025,9,DE,2774232.0,34.464
natural_gas,2025,9,DK,70.0,0.106
natural_gas,2025,9,ES,222.0,0.029
natural_gas,2025,9,FR,319105.0,4.746
natural_gas,2025,9,GB,1.0,0.0
natural_gas,2025,9,GR,493.0,0.031
natural_gas,2025,9,HU,438.0,0.055
natural_gas,2025,9,IT,29416.0,1.65
natural_gas,2025,9,KR,14099.0,0.742
natural_gas,2025,9,LU,638090.0,7.94
natural_gas,2025,9,NL,505484.0,6.838
natural_gas,2025,9,NO,287539064.0,3768.778
natural_gas,2025,9,PL,416235.0,6.957
natural_gas,2025,9,QU,135018249.0,1775.905
natural_gas,2025,9,QV,1213888.0,18.759
natural_gas,2025,9,SI,17.0,0.012
natural_gas,2025,9,SK,989040.0,11.789
natural_gas,2025,9,TW,2.0,0.001
natural_gas,2025,9,US,2.0,0.003
natural_gas,2025,10,AT,579183.0,8.121
natural_gas,2025,10,BE,686132.0,10.568
natural_gas,2025,10,CN,1341.0,0.144
natural_gas,2025,10,DE,2546203.0,33.175
natural_gas,2025,10,DK,3926.0,0.786
natural_gas,2025,10,ES,114.0,0.016
natural_gas,2025,10,FR,1912833.0,20.579
natural_gas,2025,10,GB,38.0,0.008
natural_gas,2025,10,GR,528.0,0.01
natural_gas,2025,10,HU,203.0,0.023
natural_gas,2025,10,IE,5.0,0.002
natural_gas,2025,10,IT,37866.0,1.724
natural_gas,2025,10,KR,605.0,0.134
natural_gas,2025,10,LU,3395000.0,42.679
natural_gas,2025,10,MK,15295.0,1.09
natural_gas,2025,10,NL,757080.0,11.877
natural_gas,2025,10,NO,289062849.0,3540.998
natural_gas,2025,10,PL,1297174.0,19.694
natural_gas,2025,10,QU,113821180.0,1405.687
natural_gas,2025,10,QV,1587934.0,23.642
natural_gas,2025,10,SE,761.0,0.037
natural_gas,2025,10,SK,980155.0,11.726
natural_gas,2025,10,TW,2.0,0.001
natural_gas,2025,11,AT,220589.0,3.127
natural_gas,2025,11,BE,1110768.0,15.079
natural_gas,2025,11,CH,5.0,0.009
natural_gas,2025,11,CN,285.0,0.081
natural_gas,2025,11,DE,2530179.0,32.481
natural_gas,2025,11,DK,1.0,0.002
natural_gas,2025,11,ES,149.0,0.031
natural_gas,2025,11,FR,940857.0,12.538
natural_gas,2025,11,GB,38.0,0.007
natural_gas,2025,11,GR,497.0,0.011
natural_gas,2025,11,HU,507.0,0.056
natural_gas,2025,11,IT,11822.0,0.598
natural_gas,2025,11,KR,26671.0,2.32
natural_gas,2025,11,LU,4179960.0,51.11
natural_gas,2025,11,LV,42080.0,0.628
natural_gas,2025,11,NL,482014.0,6.289
natural_gas,2025,11,NO,264826479.0,3273.154
natural_gas,2025,11,PL,800995.0,12.634
natural_gas,2025,11,QU,124465115.0,1588.732
natural_gas,2025,11,QV,1965614.0,29.081
natural_gas,2025,11,SE,1.0,0.0
natural_gas,2025,11,SK,23.0,0.005
natural_gas,2025,11,US,1.0,0.001
natural_gas,2025,12,AT,300330.0,4.316
natural_gas,2025,12,BE,591469.0,8.348
natural_gas,2025,12,CH,16.0,0.023
natural_gas,2025,12,CN,1078.0,0.374
natural_gas,2025,12,DE,2977142.0,38.517
natural_gas,2025,12,DK,459.0,0.154
natural_gas,2025,12,ES,80.0,0.012
natural_gas,2025,12,FR,1728215.0,21.223
natural_gas,2025,12,GB,67.0,0.029
natural_gas,2025,12,GR,742.0,0.016
natural_gas,2025,12,HU,7.0,0.002
natural_gas,2025,12,IT,2078.0,0.316
natural_gas,2025,12,KR,666.0,0.12
natural_gas,2025,12,LU,5167930.0,57.85
natural_gas,2025,12,LV,20820.0,0.309
natural_gas,2025,12,MK,1.0,0.0
natural_gas,2025,12,NL,740865.0,10.535
natural_gas,2025,12,NO,210225138.0,2520.231
natural_gas,2025,12,PL,1086298.0,17.611
natural_gas,2025,12,QU,88487243.0,1125.127
natural_gas,2025,12,QV,1886414.0,27.376
natural_gas,2025,12,SI,2218.0,0.164
natural_gas,2025,12,SK,25.0,0.006
natural_gas,2025,12,US,1.0,0.0
natural_gas,2026,1,AT,223031.0,3.468
natural_gas,2026,1,BE,10.0,0.002
natural_gas,2026,1,CH,1.0,0.0
natural_gas,2026,1,CN,1724.0,0.363
natural_gas,2026,1,DE,2643027.0,34.156
natural_gas,2026,1,DK,2.0,0.001
natural_gas,2026,1,ES,206.0,0.12
natural_gas,2026,1,FR,1803436.0,22.956
natural_gas,2026,1,GB,70.0,0.021
natural_gas,2026,1,GR,17.0,0.004
natural_gas,2026,1,HU,1022.0,0.115
natural_gas,2026,1,IE,0.0,0.0
natural_gas,2026,1,IT,22670.0,1.304
natural_gas,2026,1,KR,6701.0,0.538
natural_gas,2026,1,LU,6450280.0,81.401
natural_gas,2026,1,MK,9.0,0.001
natural_gas,2026,1,NL,907540.0,13.143
natural_gas,2026,1,NO,161379727.0,2272.846
natural_gas,2026,1,PL,1270576.0,19.259
natural_gas,2026,1,QU,67583062.0,884.352
natural_gas,2026,1,QV,2277600.0,34.135
natural_gas,2026,1,SE,0.0,0.0
natural_gas,2026,1,SI,5.0,0.003
natural_gas,2026,1,SK,19.0,0.006
natural_gas,2026,1,US,2.0,0.003
natural_gas,2026,2,AT,340722.0,5.272
natural_gas,2026,2,BE,836104.0,12.792
natural_gas,2026,2,CH,16.0,0.023
natural_gas,2026,2,CN,67.0,0.007
natural_gas,2026,2,DE,2411014.0,32.792
natural_gas,2026,2,DK,2345.0,0.0
natural_gas,2026,2,EE,5.0,0.003
natural_gas,2026,2,ES,135.0,0.019
natural_gas,2026,2,FR,3016445.0,43.221
natural_gas,2026,2,GB,52.0,0.035
natural_gas,2026,2,GR,980.0,0.028
natural_gas,2026,2,HU,300.0,0.047
natural_gas,2026,2,IT,25231.0,1.244
natural_gas,2026,2,KR,792.0,0.114
natural_gas,2026,2,LU,4932110.0,70.465
natural_gas,2026,2,MK,0.0,0.0
natural_gas,2026,2,NL,718570.0,12.554
natural_gas,2026,2,NO,155758444.0,2108.155
natural_gas,2026,2,PL,581605.0,9.423
natural_gas,2026,2,QU,58468340.0,798.249
natural_gas,2026,2,QV,1743815.0,27.805
natural_gas,2026,2,SI,2218.0,0.164
natural_gas,2026,2,SK,7.0,0.002
natural_gas,2026,2,TW,1.0,0.0
natural_gas,2026,2,US,19780.0,0.289
natural_gas,2026,3,AT,180626.0,3.185
natural_gas,2026,3,BE,880547.0,20.018
natural_gas,2026,3,CH,1.0,0.002
natural_gas,2026,3,CN,706.0,0.256
natural_gas,2026,3,DE,3104335.0,51.694
natural_gas,2026,3,DK,12.0,0.016
natural_gas,2026,3,ES,150.0,0.037
natural_gas,2026,3,FR,674958.0,17.495
natural_gas,2026,3,GB,66.0,0.014
natural_gas,2026,3,GR,3886.0,0.354
natural_gas,2026,3,HU,546.0,0.062
natural_gas,2026,3,IE,10.0,0.004
natural_gas,2026,3,IT,33388.0,1.372
natural_gas,2026,3,KR,17652.0,2.152
natural_gas,2026,3,LU,2207570.0,34.268
natural_gas,2026,3,NL,838476.0,16.149
natural_gas,2026,3,NO,280031165.0,5040.634
natural_gas,2026,3,PL,1717292.0,39.36
natural_gas,2026,3,QU,181784631.0,2751.252
natural_gas,2026,3,QV,2887544.0,55.28
natural_gas,2026,3,SA,1224.0,0.03
natural_gas,2026,3,SE,1.0,0.0
natural_gas,2026,3,SI,2784.0,0.214
natural_gas,2026,3,SK,12126.0,0.331
natural_gas,2026,3,TW,188.0,0.035
natural_gas,2026,3,US,20079.0,0.707
natural_gas,2026,4,AT,260672.0,6.26
natural_gas,2026,4,BE,888671.0,20.012
natural_gas,2026,4,CH,7.0,0.011
natural_gas,2026,4,CN,1438.0,0.546
natural_gas,2026,4,DE,5404158.0,107.572
natural_gas,2026,4,DK,36.0,0.046
natural_gas,2026,4,ES,105.0,0.052
natural_gas,2026,4,FR,2200746.0,41.439
natural_gas,2026,4,GB,114.0,0.074
natural_gas,2026,4,GR,3306.0,0.247
natural_gas,2026,4,HU,118.0,0.016
natural_gas,2026,4,IE,10.0,0.004
natural_gas,2026,4,IT,43670.0,2.373
natural_gas,2026,4,KR,23717.0,0.873
natural_gas,2026,4,LU,3136510.0,60.35
natural_gas,2026,4,NL,586650.0,11.587
natural_gas,2026,4,NO,281900757.0,4966.547
natural_gas,2026,4,PL,4513895.0,104.542
natural_gas,2026,4,QU,179463031.0,2919.004
natural_gas,2026,4,QV,2871357.0,62.914
natural_gas,2026,4,SI,4435.0,0.344
natural_gas,2026,4,SK,98.0,0.008
natural_gas,2026,4,US,4.0,0.004
natural_gas,2026,5,AT,237337.0,4.509
natural_gas,2026,5,BE,438550.0,10.67
natural_gas,2026,5,CN,2350.0,0.357
natural_gas,2026,5,DE,6401125.0,109.359
natural_gas,2026,5,DK,477203.0,5.429
natural_gas,2026,5,FR,1986976.0,31.578
natural_gas,2026,5,GB,32.0,0.009
natural_gas,2026,5,GR,1918.0,0.188
natural_gas,2026,5,HU,81807.0,1.594
natural_gas,2026,5,IE,10.0,0.004
natural_gas,2026,5,IT,24461.0,1.895
natural_gas,2026,5,KR,874.0,0.156
natural_gas,2026,5,LU,1485798.0,27.052
natural_gas,2026,5,MK,15607.0,1.161
natural_gas,2026,5,NL,375246.0,6.9
natural_gas,2026,5,NO,335883854.0,5425.071
natural_gas,2026,5,PL,823266.0,17.187
natural_gas,2026,5,QU,206492308.0,3316.741
natural_gas,2026,5,QV,2261648.0,47.588
natural_gas,2026,5,SA,22032.0,1.049
natural_gas,2026,5,SI,18.0,0.012
natural_gas,2026,5,SK,36.0,0.004
natural_gas,2026,5,US,484.0,0.124
natural_gas,2026,6,AT,138684.0,2.487
natural_gas,2026,6,BE,660558.0,14.113
natural_gas,2026,6,CH,0.0,0.0
natural_gas,2026,6,CN,3264.0,1.24
natural_gas,2026,6,DE,2942541.0,47.073
natural_gas,2026,6,DK,1102.0,2.543
natural_gas,2026,6,ES,93.0,0.015
natural_gas,2026,6,FR,568173.0,9.719
natural_gas,2026,6,GB,51.0,0.01
natural_gas,2026,6,GR,2913.0,0.262
natural_gas,2026,6,HR,2.0,0.0
natural_gas,2026,6,HU,67.0,0.017
natural_gas,2026,6,IE,10.0,0.004
natural_gas,2026,6,IT,23516.0,2.407
natural_gas,2026,6,KR,55974.0,4.515
natural_gas,2026,6,LU,1203743.0,21.459
natural_gas,2026,6,NL,636824.0,11.268
natural_gas,2026,6,NO,335716604.0,5208.747
natural_gas,2026,6,PL,388493.0,8.733
natural_gas,2026,6,QU,198740746.0,3018.743
natural_gas,2026,6,QV,1572232.0,29.354
natural_gas,2026,6,SA,22032.0,1.045
natural_gas,2026,6,SK,10.0,33.726
natural_gas,2026,6,TW,2.0,0.001
natural_gas,2026,6,US,4.0,0.003
natural_gas,2026,7,AT,138967.0,2.16
natural_gas,2026,7,BE,678236.0,18.769
natural_gas,2026,7,CN,256.0,0.014
natural_gas,2026,7,DE,3607710.0,75.109
natural_gas,2026,7,DK,60.0,2.68
natural_gas,2026,7,ES,80.0,0.012
natural_gas,2026,7,FR,1600073.0,23.583
natural_gas,2026,7,GB,94.0,0.028
natural_gas,2026,7,GR,4253.0,0.364
natural_gas,2026,7,HU,508.0,0.057
natural_gas,2026,7,IT,22508.0,2.068
natural_gas,2026,7,KR,10284.0,0.674
natural_gas,2026,7,LU,194202.0,2.205
natural_gas,2026,7,NL,354692.0,6.368
natural_gas,2026,7,NO,374043636.0,6267.132
natural_gas,2026,7,PL,385665.0,7.497
natural_gas,2026,7,QU,174928200.0,3405.409
natural_gas,2026,7,QV,1124705.0,18.72
natural_gas,2026,7,SE,6.0,0.002
natural_gas,2026,7,SI,4453.0,0.354
natural_gas,2026,7,SK,1209.0,52.689
natural_gas,2026,7,US,11.0,0.002
